"고유번호","구명","수목고유번호","구번호","동명","순번","수목명","흉고지름","수고","수관너비","위치","주변토지사용상태","품계흉고","품계활력","품계수형","품계수종","품계위치","관리등급","피해상태","학명","식생활력","품계등급","관리기관","X 좌표","Y 좌표"
"20001264","중구","2-장충동-큰-0108","02","장충동","108.00000000","느티나무","48.00000000","32.00000000","10.00000000","","60","10.00000000","10.00000000","6.00000000","6","9","2.00000000","1.00000000","Zelkova serrata Makino","2.00000000","41.00000000","공원녹지과","199666.667","199666.6671"
"20001265","중구","2-중림동-큰-0016","02","중림동","16.00000000","느티나무","48.00000000","30.00000000","13.00000000","카톨릭중림동성당","60","10.00000000","10.00000000","6.00000000","6","9","2.00000000","1.00000000","Zelkova serrata Makino","2.00000000","41.00000000","공원녹지과","197080.817","197080.8171"
"20001266","중구","2-중림동-큰-0109","02","중림동","109.00000000","은행나무","22.00000000","26.00000000","7.00000000","봉래초등학교","60","5.00000000","10.00000000","6.00000000","6","9","3.00000000","1.00000000","Ginkgo biloba L.","2.00000000","36.00000000","공원녹지과","196735.176","196735.1756"
"20001267","중구","2-장충동-큰-0071","02","장충동","71.00000000","양버즘나무","20.00000000","10.00000000","4.00000000","동국대학교","60","5.00000000","10.00000000","6.00000000","2","9","3.00000000","1.00000000","Platanus occidentalis L.","2.00000000","32.00000000","공원녹지과","200054.73","200054.7302"
"20001269","중구","2-신당3동-큰-0025","02","신당3동","25.00000000","향나무","21.00000000","4.00000000","1.00000000","남산타원","20","5.00000000","10.00000000","6.00000000","4","9","3.00000000","1.00000000","Juniperus chinensis L.","2.00000000","34.00000000","공원녹지과","201033.856","201033.856"
"20001270","중구","2-신당4동-큰-0050","02","신당4동","50.00000000","단풍나무","26.00000000","5.00000000","3.00000000","333-31","10","5.00000000","10.00000000","6.00000000","4","9","3.00000000","1.00000000","Acer palmatum Thunb.","2.00000000","34.00000000","공원녹지과","201308.59","201308.5899"
"20001271","중구","2-회현동-큰-0201","02","회현동","201.00000000","은행나무","21.00000000","7.00000000","6.00000000","연세빌딩","70","5.00000000","10.00000000","6.00000000","6","9","3.00000000","2.00000000","Ginkgo biloba L.","0E-8","0E-8","공원녹지과","197664.731","197664.7312"
"20001272","중구","2-신당1동-큰-0119","02","신당1동","119.00000000","은행나무","29.00000000","8.00000000","5.00000000","장충초교","60","5.00000000","10.00000000","6.00000000","6","9","3.00000000","1.00000000","Ginkgo biloba L.","2.00000000","36.00000000","공원녹지과","201009.063","201009.0631"
"20001273","중구","2-신당1동-큰-0040","02","신당1동","40.00000000","느릅나무","38.00000000","8.00000000","6.00000000","성동기계공고","60","5.00000000","10.00000000","6.00000000","4","9","3.00000000","1.00000000","Ulmus davidiana var","2.00000000","34.00000000","공원녹지과","201496.374","201496.3745"
"20001274","중구","2-중림동-큰-0001","02","중림동","1.00000000","느티나무","25.00000000","16.00000000","18.00000000","","60","5.00000000","10.00000000","6.00000000","6","9","3.00000000","1.00000000","Zelkova serrata Makino","2.00000000","36.00000000","공원녹지과","196851.108","196851.1077"
"20001276","중구","2-신당5동-큰-0023","02","신당5동","23.00000000","느티나무","42.00000000","8.00000000","6.00000000","성동고교","60","10.00000000","10.00000000","6.00000000","6","9","2.00000000","1.00000000","Zelkova serrata Makino","2.00000000","41.00000000","공원녹지과","202111.899","202111.8985"
"20001277","중구","2-광희동-큰-0111","02","광희동","111.00000000","은행나무","25.00000000","6.00000000","3.00000000","한양공고","60","5.00000000","10.00000000","6.00000000","6","9","3.00000000","1.00000000","Ginkgo biloba L.","2.00000000","36.00000000","공원녹지과","200926.665","200926.6649"
"20001278","중구","2-신당1동-큰-0102","02","신당1동","102.00000000","회화나무","30.00000000","10.00000000","7.00000000","동대문운동장체육공원부지","60","5.00000000","10.00000000","6.00000000","6","9","3.00000000","1.00000000","Sophora japonica L.","2.00000000","36.00000000","공원녹지과","201006.318","201006.3175"
"20001279","중구","2-광희동-큰-0103","02","광희동","103.00000000","향나무","20.00000000","3.00000000","2.00000000","33-13","10","5.00000000","10.00000000","6.00000000","6","9","3.00000000","1.00000000","Juniperus chinensis L.","2.00000000","36.00000000","공원녹지과","200692.961","200692.9609"
"20001280","중구","2-명동-큰-0012","02","명동","12.00000000","느티나무","50.00000000","8.00000000","6.00000000","계성여고","60","10.00000000","10.00000000","6.00000000","6","9","2.00000000","1.00000000","Zelkova serrata Makino","2.00000000","41.00000000","공원녹지과","198811.358","198811.3583"
"20001281","중구","2-충무로4,5동-큰-0008","02","충무로4,5동","8.00000000","은행나무","25.00000000","13.00000000","7.00000000","중구청","60","5.00000000","10.00000000","6.00000000","6","9","3.00000000","1.00000000","Ginkgo biloba L.","2.00000000","36.00000000","공원녹지과","199773.864","199773.8636"
"20001378","중구","2-회현동-큰-0211","02","회현동","211.00000000","은행나무","21.00000000","6.00000000","6.00000000","연세빌딩","70","5.00000000","10.00000000","6.00000000","6","9","3.00000000","2.00000000","Ginkgo biloba L.","0E-8","0E-8","공원녹지과","197665.168","197665.168"
"20001380","중구","2-신당5동-큰-0003","02","신당5동","3.00000000","향나무","21.00000000","8.00000000","4.00000000","52-203","10","5.00000000","10.00000000","6.00000000","4","9","3.00000000","1.00000000","Juniperus chinensis L.","2.00000000","34.00000000","공원녹지과","201630.963","201630.9634"
"20001381","중구","2-신당1동-큰-0025","02","신당1동","25.00000000","은행나무","27.00000000","9.00000000","3.00000000","광희초등학교","60","5.00000000","10.00000000","6.00000000","6","9","3.00000000","1.00000000","Ginkgo biloba L.","2.00000000","36.00000000","공원녹지과","201397.03","201397.0301"
"20001382","중구","2-소공동-큰-0272","02","소공동","272.00000000","느티나무","37.00000000","21.00000000","12.00000000","중앙일보","30","5.00000000","10.00000000","6.00000000","6","9","3.00000000","1.00000000","Zelkova serrata Makino","2.00000000","36.00000000","공원녹지과","197387.979","197387.9793"
"20001383","중구","2-명동-큰-0044","02","명동","44.00000000","단풍나무","25.00000000","5.00000000","4.00000000","성바오로교육장","60","5.00000000","10.00000000","6.00000000","4","9","3.00000000","1.00000000","Acer palmatum Thunb.","2.00000000","34.00000000","공원녹지과","198892.334","198892.3335"
"20001384","중구","2-소공동-큰-0259","02","소공동","259.00000000","느티나무","32.00000000","22.00000000","10.00000000","중앙일보","30","5.00000000","10.00000000","6.00000000","6","9","3.00000000","1.00000000","Zelkova serrata Makino","2.00000000","36.00000000","공원녹지과","197373.71","197373.7097"
"20001385","중구","2-회현동-큰-0203","02","회현동","203.00000000","은행나무","21.00000000","7.00000000","6.00000000","연세빌딩","70","5.00000000","10.00000000","6.00000000","6","9","3.00000000","2.00000000","Ginkgo biloba L.","0E-8","0E-8","공원녹지과","197664.625","197664.625"
"20001255","중구","2-광희동-큰-0065","02","광희동","65.00000000","느티나무","55.00000000","15.00000000","10.00000000","중구의회 구민회관","60","15.00000000","10.00000000","6.00000000","6","9","2.00000000","1.00000000","Zelkova serrata Makino","2.00000000","46.00000000","공원녹지과","200576.834","200576.834"
"20001256","중구","2-장충동-큰-0277","02","장충동","277.00000000","회화나무","28.00000000","8.00000000","5.00000000","파라다이스㈜","30","5.00000000","10.00000000","6.00000000","6","9","3.00000000","1.00000000","Sophora japonica L.","2.00000000","36.00000000","공원녹지과","200392.432","200392.4317"
"20001257","중구","2-명동-큰-0133","02","명동","133.00000000","소나무","23.00000000","18.00000000","7.00000000","남산공원","50","5.00000000","10.00000000","6.00000000","6","6","3.00000000","1.00000000","Pinus densiflora S et Z.","2.00000000","33.00000000","공원녹지과","198635.389","198635.3886"
"20001258","중구","2-장충동-큰-0239","02","장충동","239.00000000","자작나무","30.00000000","8.00000000","4.00000000","충무초등학교","60","5.00000000","10.00000000","6.00000000","4","9","3.00000000","1.00000000","Betula platyphylla var.","2.00000000","34.00000000","공원녹지과","200210.544","200210.5442"
"20001260","중구","2-신당1동-큰-0066","02","신당1동","66.00000000","꽃개오동","37.00000000","7.00000000","7.00000000","현대빌딩","30","5.00000000","10.00000000","6.00000000","4","9","3.00000000","1.00000000","Catapa bignonioides Water","2.00000000","34.00000000","공원녹지과","201283.105","201283.1046"
"20001261","중구","2-명동-큰-0084","02","명동","84.00000000","은행나무","20.00000000","20.00000000","5.00000000","숭의여대별관","60","5.00000000","10.00000000","6.00000000","6","9","3.00000000","1.00000000","Ginkgo biloba L.","2.00000000","36.00000000","공원녹지과","198836.124","198836.1236"
"20001263","중구","2-신당2동-큰-0021","02","신당2동","21.00000000","단풍나무","43.00000000","10.00000000","8.00000000","","60","10.00000000","10.00000000","6.00000000","6","9","2.00000000","1.00000000","Acer palmatum Thunb.","2.00000000","41.00000000","공원녹지과","200770.132","200770.1318"
"20000847","중구","2-장충동-큰-0236","02","장충동","236.00000000","양버즘나무","25.00000000","4.00000000","3.00000000","충무초등학교","60","5.00000000","10.00000000","6.00000000","2","9","3.00000000","1.00000000","Platanus occidentalis L.","2.00000000","32.00000000","공원녹지과","200204.576","200204.5761"
"20000848","중구","2-명동-큰-0033","02","명동","33.00000000","단풍나무","35.00000000","9.00000000","9.00000000","명동성당","60","5.00000000","10.00000000","6.00000000","4","9","3.00000000","1.00000000","Acer palmatum Thunb.","2.00000000","34.00000000","공원녹지과","198900.785","198900.7849"
"20000849","중구","2-신당5동-큰-0039","02","신당5동","39.00000000","회화나무","23.00000000","8.00000000","4.00000000","성동고교","60","5.00000000","10.00000000","6.00000000","6","9","3.00000000","1.00000000","Sophora japonica L.","2.00000000","36.00000000","공원녹지과","202070.182","202070.1824"
"20000850","중구","2-장충동-큰-0178","02","장충동","178.00000000","은행나무","33.00000000","9.00000000","4.00000000","동국대학교","60","5.00000000","10.00000000","6.00000000","6","9","3.00000000","1.00000000","Ginkgo biloba L.","2.00000000","36.00000000","공원녹지과","200252.824","200252.824"
"20000851","중구","2-을지로3,4,5동-큰-0001","02","을지로3,4,5동","1.00000000","은행나무","37.00000000","12.00000000","6.00000000","수표동 청소년회관","30","5.00000000","10.00000000","6.00000000","6","9","3.00000000","1.00000000","Ginkgo biloba L.","2.00000000","36.00000000","공원녹지과","199175.12","199175.1197"
"20000430","중구","2-을지로3,4,5동-큰-0009","02","을지로3,4,5동","9.00000000","향나무","20.00000000","8.00000000","3.00000000","주교동 우래옥","30","5.00000000","10.00000000","6.00000000","4","9","3.00000000","1.00000000","Juniperus chinensis L.","2.00000000","34.00000000","공원녹지과","199906.771","199906.7715"
"20000433","중구","2-태평로1가동-큰-0095","02","태평로1가동","95.00000000","느티나무","27.00000000","19.00000000","6.00000000","한국외환은행","30","5.00000000","10.00000000","6.00000000","6","9","3.00000000","1.00000000","Zelkova serrata Makino","2.00000000","36.00000000","공원녹지과","198412.506","198412.5056"
"20000434","중구","2-중림동-큰-0013","02","중림동","13.00000000","아카시아나무","48.00000000","32.00000000","8.00000000","카톨릭중림동성당","60","10.00000000","10.00000000","6.00000000","4","9","3.00000000","1.00000000","Robinia pseudacacia L.","2.00000000","39.00000000","공원녹지과","197162.032","197162.0325"
"20000435","중구","2-중림동-큰-0015","02","중림동","15.00000000","은행나무","30.00000000","27.00000000","6.00000000","카톨릭중림동성당","60","5.00000000","10.00000000","6.00000000","6","9","3.00000000","1.00000000","Ginkgo biloba L.","2.00000000","36.00000000","공원녹지과","197160.298","197160.2981"
"20000436","중구","2-중림동-큰-0018","02","중림동","18.00000000","느티나무","29.00000000","15.00000000","10.00000000","카톨릭중림동성당","60","5.00000000","10.00000000","6.00000000","6","9","3.00000000","1.00000000","Zelkova serrata Makino","2.00000000","36.00000000","공원녹지과","197058.043","197058.0435"
"20000437","중구","2-중림동-큰-0020","02","중림동","20.00000000","느티나무","36.00000000","20.00000000","14.00000000","카톨릭중림동성당","60","5.00000000","10.00000000","6.00000000","6","9","3.00000000","1.00000000","Zelkova serrata Makino","2.00000000","36.00000000","공원녹지과","197115.127","197115.1267"
"20000439","중구","2-소공동-큰-0279","02","소공동","279.00000000","느티나무","36.00000000","32.00000000","15.00000000","상공회의소","60","5.00000000","10.00000000","6.00000000","6","9","3.00000000","1.00000000","Zelkova serrata Makino","2.00000000","36.00000000","공원녹지과","197749.078","197749.0782"
"20000440","중구","2-소공동-큰-0287","02","소공동","287.00000000","백합나무","27.00000000","20.00000000","7.00000000","상공회의소","60","5.00000000","10.00000000","6.00000000","2","9","3.00000000","1.00000000","Liriodendron tulipifera L.","2.00000000","32.00000000","공원녹지과","197655.195","197655.195"
"20000441","중구","2-소공동-큰-0289","02","소공동","289.00000000","느티나무","29.00000000","23.00000000","6.00000000","상공회의소","60","5.00000000","10.00000000","6.00000000","6","9","3.00000000","1.00000000","Zelkova serrata Makino","2.00000000","36.00000000","공원녹지과","197625.119","197625.1187"
"20000442","중구","2-소공동-큰-0291","02","소공동","291.00000000","백합나무","30.00000000","28.00000000","6.00000000","상공회의소","60","5.00000000","10.00000000","6.00000000","2","9","3.00000000","1.00000000","Liriodendron tulipifera L.","2.00000000","32.00000000","공원녹지과","197638.229","197638.2286"
"20000443","중구","2-소공동-큰-0298","02","소공동","298.00000000","느티나무","35.00000000","20.00000000","10.00000000","상공회의소","60","5.00000000","10.00000000","6.00000000","6","9","3.00000000","1.00000000","Zelkova serrata Makino","2.00000000","36.00000000","공원녹지과","197760.45","197760.4503"
"20000444","중구","2-소공동-큰-0299","02","소공동","299.00000000","느티나무","30.00000000","20.00000000","8.00000000","","30","5.00000000","10.00000000","6.00000000","6","9","3.00000000","1.00000000","Zelkova serrata Makino","2.00000000","36.00000000","공원녹지과","197644.206","197644.2057"
"20000446","중구","2-충무로4,5동-큰-0059","02","충무로4,5동","59.00000000","느티나무","25.00000000","8.00000000","6.00000000","목정주차장","60","5.00000000","10.00000000","6.00000000","6","9","3.00000000","1.00000000","Zelkova serrata Makino","2.00000000","36.00000000","공원녹지과","199964.422","199964.4217"
"20000447","중구","2-충무로4,5동-큰-0063","02","충무로4,5동","63.00000000","느티나무","30.00000000","9.00000000","8.00000000","목정주차장","60","5.00000000","10.00000000","6.00000000","6","9","3.00000000","1.00000000","Zelkova serrata Makino","2.00000000","36.00000000","공원녹지과","199951.874","199951.8744"
"20000448","중구","2-충무로4,5동-큰-0070","02","충무로4,5동","70.00000000","소나무","20.00000000","6.00000000","4.00000000","목정주차장","60","5.00000000","10.00000000","6.00000000","6","9","3.00000000","1.00000000","Pinus densiflora S et Z.","2.00000000","36.00000000","공원녹지과","200011.088","200011.0885"
"20000449","중구","2-충무로4,5동-큰-0074","02","충무로4,5동","74.00000000","느티나무","30.00000000","8.00000000","6.00000000","목정주차장","60","5.00000000","10.00000000","6.00000000","6","9","3.00000000","1.00000000","Zelkova serrata Makino","2.00000000","36.00000000","공원녹지과","200034.42","200034.4203"
"20000450","중구","2-충무로4,5동-큰-0077","02","충무로4,5동","77.00000000","백합나무","25.00000000","12.00000000","4.00000000","목정주차장","60","5.00000000","10.00000000","6.00000000","2","9","3.00000000","1.00000000","Liriodendron tulipifera L.","2.00000000","32.00000000","공원녹지과","200037.547","200037.5472"
"20000768","중구","2-광희동-큰-0053","02","광희동","53.00000000","은행나무","50.00000000","14.00000000","8.00000000","국립의료원","10","10.00000000","10.00000000","6.00000000","6","9","2.00000000","1.00000000","Ginkgo biloba L.","2.00000000","41.00000000","공원녹지과","200417.031","200417.0314"
"20000769","중구","2-중림동-큰-0073","02","중림동","73.00000000","아카시아나무","22.00000000","20.00000000","12.00000000","손기정공원","50","5.00000000","10.00000000","6.00000000","4","6","3.00000000","1.00000000","Robinia pseudacacia L.","2.00000000","31.00000000","공원녹지과","196857.242","196857.2417"
"20000770","중구","2-중림동-큰-0040","02","중림동","40.00000000","은행나무","31.00000000","26.00000000","5.00000000","손기정공원","50","5.00000000","10.00000000","6.00000000","6","6","3.00000000","1.00000000","Ginkgo biloba L.","2.00000000","33.00000000","공원녹지과","196976.781","196976.7808"
"20000771","중구","2-신당1동-큰-0053","02","신당1동","53.00000000","은행나무","60.00000000","9.00000000","6.00000000","성동실업여고","60","15.00000000","10.00000000","6.00000000","6","9","2.00000000","1.00000000","Ginkgo biloba L.","2.00000000","46.00000000","공원녹지과","201154.152","201154.1515"
"20000958","중구","2-소공동-큰-0223","02","소공동","223.00000000","느티나무","28.00000000","19.00000000","10.00000000","덕수궁","50","5.00000000","10.00000000","6.00000000","6","6","3.00000000","1.00000000","Zelkova serrata Makino","2.00000000","33.00000000","공원녹지과","197870.141","197870.141"
"20000959","중구","2-소공동-큰-0056","02","소공동","56.00000000","은행나무","27.00000000","22.00000000","5.00000000","창덕여중","60","5.00000000","10.00000000","6.00000000","6","9","3.00000000","1.00000000","Ginkgo biloba L.","2.00000000","36.00000000","공원녹지과","197418.025","197418.0253"
"20000960","중구","2-신당4동-큰-0012","02","신당4동","12.00000000","벚나무","32.00000000","4.00000000","3.00000000","삼성아파트","20","5.00000000","10.00000000","6.00000000","6","9","3.00000000","1.00000000","Prunus yedoensis Matsumira.","2.00000000","36.00000000","공원녹지과","201551.787","201551.7866"
"20000961","중구","2-장충동-큰-0298","02","장충동","298.00000000","호두나무","26.00000000","7.00000000","5.00000000","","60","5.00000000","10.00000000","6.00000000","4","9","3.00000000","1.00000000","Juglans sinensis Dode","2.00000000","34.00000000","공원녹지과","200290.234","200290.2338"
"20000963","중구","2-회현동-큰-0121","02","회현동","121.00000000","느티나무","38.00000000","26.00000000","7.00000000","한국은행부지","30","5.00000000","10.00000000","6.00000000","6","9","3.00000000","1.00000000","Zelkova serrata Makino","2.00000000","36.00000000","공원녹지과","198556.722","198556.7224"
"20000964","중구","2-장충동-큰-0337","02","장충동","337.00000000","은행나무","24.00000000","4.00000000","3.00000000","국립극장","60","5.00000000","10.00000000","6.00000000","6","9","3.00000000","1.00000000","Ginkgo biloba L.","2.00000000","36.00000000","공원녹지과","199990.227","199990.2265"
"20000965","중구","2-회현동-큰-0066","02","회현동","66.00000000","양버즘나무","21.00000000","15.00000000","6.00000000","","50","5.00000000","10.00000000","6.00000000","2","6","4.00000000","1.00000000","Platanus occidentalis L.","2.00000000","29.00000000","공원녹지과","198150.885","198150.8846"
"20000966","중구","2-신당6동-큰-0006","02","신당6동","6.00000000","향나무","22.00000000","7.00000000","5.00000000","한일교회","60","5.00000000","10.00000000","6.00000000","4","9","3.00000000","1.00000000","Juniperus chinensis L.","2.00000000","34.00000000","공원녹지과","201772.103","201772.1034"
"20000967","중구","2-명동-큰-0134","02","명동","134.00000000","소나무","22.00000000","17.00000000","10.00000000","남산공원","50","5.00000000","10.00000000","6.00000000","6","6","3.00000000","1.00000000","Pinus densiflora S et Z.","2.00000000","33.00000000","공원녹지과","198650.433","198650.4331"
"20000968","중구","2-장충동-큰-0216","02","장충동","216.00000000","양버즘나무","61.00000000","11.00000000","8.00000000","장충공원","50","15.00000000","10.00000000","6.00000000","2","6","3.00000000","1.00000000","Platanus occidentalis L.","2.00000000","39.00000000","공원녹지과","200326.518","200326.5177"
"20000969","중구","2-장충동-큰-0036","02","장충동","36.00000000","아카시아나무","26.00000000","20.00000000","8.00000000","동국대학교","60","5.00000000","10.00000000","6.00000000","4","9","3.00000000","1.00000000","Robinia pseudacacia L.","2.00000000","34.00000000","공원녹지과","199994.558","199994.5579"
"20000971","중구","2-충무로4,5동-큰-0057","02","충무로4,5동","57.00000000","느티나무","20.00000000","7.00000000","6.00000000","목정주차장","60","5.00000000","10.00000000","6.00000000","6","9","3.00000000","1.00000000","Zelkova serrata Makino","2.00000000","36.00000000","공원녹지과","199963.518","199963.5182"
"20000972","중구","2-소공동-큰-0146","02","소공동","146.00000000","측백나무","20.00000000","12.00000000","5.00000000","이화여고","60","5.00000000","10.00000000","6.00000000","6","9","3.00000000","1.00000000","Thuja orientalis L.","2.00000000","36.00000000","공원녹지과","197340.795","197340.795"
"20000973","중구","2-태평로1가동-큰-0050","02","태평로1가동","50.00000000","양버즘나무","25.00000000","20.00000000","6.00000000","시청","60","5.00000000","10.00000000","6.00000000","2","9","3.00000000","1.00000000","Platanus occidentalis L.","2.00000000","32.00000000","공원녹지과","198135.083","198135.0833"
"20000974","중구","2-태평로1가동-큰-0061","02","태평로1가동","61.00000000","느티나무","37.00000000","22.00000000","5.00000000","롯데호텔","30","5.00000000","10.00000000","6.00000000","6","9","3.00000000","1.00000000","Zelkova serrata Makino","2.00000000","36.00000000","공원녹지과","198255.524","198255.5244"
"20000975","중구","2-소공동-큰-0045","02","소공동","45.00000000","향나무","22.00000000","8.00000000","4.00000000","창덕여중","60","5.00000000","10.00000000","6.00000000","4","9","3.00000000","1.00000000","Juniperus chinensis L.","2.00000000","34.00000000","공원녹지과","197330.002","197330.0019"
"20000977","중구","2-충무로4,5동-큰-0095","02","충무로4,5동","95.00000000","은행나무","20.00000000","8.00000000","6.00000000","덕수중학교","60","5.00000000","10.00000000","6.00000000","6","9","3.00000000","1.00000000","Ginkgo biloba L.","2.00000000","36.00000000","공원녹지과","199818.563","199818.5634"
"20000979","중구","2-신당2동-큰-0050","02","신당2동","50.00000000","단풍나무","20.00000000","4.00000000","5.00000000","432-1780","10","5.00000000","10.00000000","6.00000000","4","9","3.00000000","1.00000000","Acer palmatum Thunb.","2.00000000","34.00000000","공원녹지과","200571.416","200571.4156"
"20000980","중구","2-장충동-큰-0142","02","장충동","142.00000000","느릅나무","23.00000000","8.00000000","5.00000000","동국대학교","60","5.00000000","10.00000000","6.00000000","4","9","3.00000000","1.00000000","Ulmus davidiana var","2.00000000","34.00000000","공원녹지과","200173.241","200173.2413"
"20000451","중구","2-충무로4,5동-큰-0079","02","충무로4,5동","79.00000000","단풍나무","20.00000000","6.00000000","5.00000000","삼성생명","60","5.00000000","10.00000000","6.00000000","6","9","3.00000000","1.00000000","Acer palmatum Thunb.","2.00000000","36.00000000","공원녹지과","200027.96","200027.9595"
"20000452","중구","2-충무로4,5동-큰-0083","02","충무로4,5동","83.00000000","이태리포플러","65.00000000","14.00000000","7.00000000","덕수중학교","60","15.00000000","10.00000000","6.00000000","2","9","2.00000000","1.00000000","Populus euramericana Guiner","2.00000000","42.00000000","공원녹지과","199770.275","199770.2754"
"20000454","중구","2-광희동-큰-0098","02","광희동","98.00000000","은행나무","42.00000000","11.00000000","6.00000000","국립간호대학","60","10.00000000","10.00000000","6.00000000","6","9","2.00000000","1.00000000","Ginkgo biloba L.","2.00000000","41.00000000","공원녹지과","200612.608","200612.6081"
"20000455","중구","2-신당1동-큰-0006","02","신당1동","6.00000000","느티나무","22.00000000","6.00000000","4.00000000","서울제1기동대","60","5.00000000","10.00000000","6.00000000","6","9","3.00000000","1.00000000","Zelkova serrata Makino","2.00000000","36.00000000","공원녹지과","201358.559","201358.5589"
"20000456","중구","2-신당1동-큰-0007","02","신당1동","7.00000000","느티나무","24.00000000","9.00000000","6.00000000","서울제1기동대","60","5.00000000","10.00000000","6.00000000","6","9","3.00000000","1.00000000","Zelkova serrata Makino","2.00000000","36.00000000","공원녹지과","201351.271","201351.271"
"20000642","중구","2-신당6동-큰-0049","02","신당6동","49.00000000","벚나무","21.00000000","5.00000000","6.00000000","동화연립","20","5.00000000","10.00000000","6.00000000","6","9","3.00000000","1.00000000","Prunus yedoensis Matsumira.","2.00000000","36.00000000","공원녹지과","201736.182","201736.1824"
"20000643","중구","2-장충동-큰-0088","02","장충동","88.00000000","양버즘나무","21.00000000","18.00000000","6.00000000","동국대학교","60","5.00000000","10.00000000","6.00000000","2","9","3.00000000","1.00000000","Platanus occidentalis L.","2.00000000","32.00000000","공원녹지과","199985.132","199985.1324"
"20000644","중구","2-회현동-큰-0096","02","회현동","96.00000000","양버즘나무","21.00000000","20.00000000","8.00000000","","50","5.00000000","10.00000000","6.00000000","2","6","4.00000000","1.00000000","Platanus occidentalis L.","2.00000000","29.00000000","공원녹지과","198153.958","198153.9578"
"20000646","중구","2-회현동-큰-0146","02","회현동","146.00000000","백합나무","37.00000000","18.00000000","8.00000000","연세빌딩","70","10.00000000","10.00000000","6.00000000","2","9","3.00000000","2.00000000","Liriodendron tulipifera L.","0E-8","0E-8","공원녹지과","197723.859","197723.859"
"20000647","중구","2-신당2동-큰-0022","02","신당2동","22.00000000","향나무","27.00000000","9.00000000","6.00000000","","60","5.00000000","10.00000000","6.00000000","6","9","3.00000000","1.00000000","Juniperus chinensis L.","2.00000000","36.00000000","공원녹지과","200777.971","200777.9714"
"20000648","중구","2-신당2동-큰-0036","02","신당2동","36.00000000","백합나무","38.00000000","10.00000000","6.00000000","366-11","10","5.00000000","10.00000000","6.00000000","4","9","3.00000000","1.00000000","","2.00000000","34.00000000","공원녹지과","200733.884","200733.884"
"20000649","중구","2-신당4동-큰-0049","02","신당4동","49.00000000","향나무","20.00000000","7.00000000","3.00000000","333-23","10","5.00000000","10.00000000","6.00000000","4","9","3.00000000","1.00000000","Juniperus chinensis L.","2.00000000","34.00000000","공원녹지과","201314.862","201314.8617"
"20000652","중구","2-장충동-큰-0124","02","장충동","124.00000000","은행나무","25.00000000","16.00000000","6.00000000","국립극장","60","5.00000000","10.00000000","6.00000000","6","9","3.00000000","1.00000000","Ginkgo biloba L.","2.00000000","36.00000000","공원녹지과","200096.276","200096.2758"
"20000653","중구","2-회현동-큰-0061","02","회현동","61.00000000","양버즘나무","22.00000000","15.00000000","6.00000000","","50","5.00000000","10.00000000","6.00000000","2","6","4.00000000","1.00000000","Platanus occidentalis L.","2.00000000","29.00000000","공원녹지과","198164.587","198164.5868"
"20000654","중구","2-남대문로5가동-큰-0057","02","남대문로5가동","57.00000000","느티나무","22.00000000","18.00000000","8.00000000","남대문교회","50","5.00000000","10.00000000","6.00000000","6","6","3.00000000","1.00000000","Zelkova serrata Makino","2.00000000","33.00000000","공원녹지과","198170.2","198170.2004"
"20000655","중구","2-신당1동-큰-0110","02","신당1동","110.00000000","향나무","21.00000000","6.00000000","2.00000000","50-2","10","5.00000000","10.00000000","6.00000000","4","9","3.00000000","1.00000000","Juniperus chinensis L.","2.00000000","34.00000000","공원녹지과","200829.964","200829.9639"
"20000656","중구","2-신당5동-큰-0002","02","신당5동","2.00000000","은행나무","32.00000000","7.00000000","3.00000000","국일빌딩","10","5.00000000","10.00000000","6.00000000","6","9","3.00000000","1.00000000","Ginkgo biloba L.","2.00000000","36.00000000","공원녹지과","201669.216","201669.2162"
"20000657","중구","2-광희동-큰-0072","02","광희동","72.00000000","참나무","30.00000000","8.00000000","5.00000000","두산타워","30","5.00000000","10.00000000","6.00000000","4","9","3.00000000","1.00000000","Quercus variabilis BL.","2.00000000","34.00000000","공원녹지과","200746.694","200746.6936"
"20000658","중구","2-광희동-큰-0082","02","광희동","82.00000000","양버즘나무","83.00000000","7.00000000","3.00000000","국립간호대학","60","15.00000000","10.00000000","6.00000000","6","9","2.00000000","1.00000000","Platanus occidentalis L.","2.00000000","46.00000000","공원녹지과","200590.385","200590.3846"
"20000660","중구","2-황학동-큰-0010","02","황학동","10.00000000","회화나무","23.00000000","9.00000000","8.00000000","황학동1377번지","30","5.00000000","10.00000000","6.00000000","6","9","3.00000000","1.00000000","Sophora japonica L.","2.00000000","36.00000000","공원녹지과","201866.991","201866.9906"
"20000661","중구","2-을지로3,4,5동-큰-0035","02","을지로3,4,5동","35.00000000","은행나무","23.00000000","12.00000000","5.00000000","대한예수교장로회","60","5.00000000","10.00000000","6.00000000","6","9","3.00000000","1.00000000","Ginkgo biloba L.","2.00000000","36.00000000","공원녹지과","199554.923","199554.9228"
"20000662","중구","2-을지로3,4,5동-큰-0039","02","을지로3,4,5동","39.00000000","가중나무","30.00000000","12.00000000","9.00000000","국민은행","30","5.00000000","10.00000000","6.00000000","4","9","3.00000000","1.00000000","Ailanthus altissima Swingle.","2.00000000","34.00000000","공원녹지과","199281.58","199281.5801"
"20000981","중구","2-소공동-큰-0104","02","소공동","104.00000000","은행나무","27.00000000","25.00000000","4.00000000","이화여고","60","5.00000000","10.00000000","6.00000000","6","9","3.00000000","1.00000000","Ginkgo biloba L.","2.00000000","36.00000000","공원녹지과","197219.221","197219.2209"
"20000982","중구","2-장충동-큰-0175","02","장충동","175.00000000","백합나무","28.00000000","9.00000000","6.00000000","동국대학교","60","5.00000000","10.00000000","6.00000000","2","9","3.00000000","1.00000000","Liriodendron tulipifera L.","2.00000000","32.00000000","공원녹지과","200255.013","200255.013"
"20000983","중구","2-소공동-큰-0222","02","소공동","222.00000000","느티나무","30.00000000","20.00000000","11.00000000","덕수궁","50","5.00000000","10.00000000","6.00000000","6","6","3.00000000","1.00000000","Zelkova serrata Makino","2.00000000","33.00000000","공원녹지과","197860.703","197860.7033"
"20000984","중구","2-장충동-큰-0201","02","장충동","201.00000000","느티나무","60.00000000","8.00000000","8.00000000","장충공원","50","15.00000000","10.00000000","6.00000000","6","6","2.00000000","1.00000000","Zelkova serrata Makino","2.00000000","43.00000000","공원녹지과","200438.831","200438.8314"
"20001018","중구","2-장충동-큰-0229","02","장충동","229.00000000","양버즘나무","25.00000000","6.00000000","4.00000000","충무초등학교","60","5.00000000","10.00000000","6.00000000","2","9","3.00000000","1.00000000","Platanus occidentalis L.","2.00000000","32.00000000","공원녹지과","200121.189","200121.1888"
"20001020","중구","2-필동-큰-0001","02","필동","1.00000000","꽃개오동","65.00000000","13.00000000","8.00000000","충무로3가","30","15.00000000","10.00000000","6.00000000","4","9","2.00000000","1.00000000","Catapa bignonioides Water","2.00000000","44.00000000","공원녹지과","199194.467","199194.4668"
"20001021","중구","2-장충동-큰-0179","02","장충동","179.00000000","은행나무","32.00000000","8.00000000","4.00000000","동국대학교","60","5.00000000","10.00000000","6.00000000","6","9","3.00000000","1.00000000","Ginkgo biloba L.","2.00000000","36.00000000","공원녹지과","200259.401","200259.4013"
"20001022","중구","2-명동-큰-0124","02","명동","124.00000000","아카시아나무","37.00000000","22.00000000","10.00000000","남산한옥마을","50","5.00000000","10.00000000","6.00000000","4","6","3.00000000","1.00000000","Robinia pseudacacia L.","2.00000000","31.00000000","공원녹지과","199354.366","199354.3662"
"20001023","중구","2-소공동-큰-0295","02","소공동","295.00000000","백합나무","29.00000000","25.00000000","8.00000000","상공회의소","60","5.00000000","10.00000000","6.00000000","2","9","3.00000000","1.00000000","Liriodendron tulipifera L.","2.00000000","32.00000000","공원녹지과","197654.231","197654.2306"
"20001024","중구","2-태평로1가동-큰-0071","02","태평로1가동","71.00000000","측백나무","33.00000000","23.00000000","8.00000000","롯데호텔","30","5.00000000","10.00000000","6.00000000","6","9","3.00000000","1.00000000","Thuja orientalis L.","2.00000000","36.00000000","공원녹지과","198345.659","198345.6591"
"20001025","중구","2-충무로4,5동-큰-0029","02","충무로4,5동","29.00000000","은행나무","20.00000000","12.00000000","4.00000000","중구청","60","5.00000000","10.00000000","6.00000000","6","9","3.00000000","1.00000000","Ginkgo biloba L.","2.00000000","36.00000000","공원녹지과","199832.504","199832.5038"
"20001026","중구","2-필동-큰-0051","02","필동","51.00000000","은행나무","28.00000000","18.00000000","6.00000000","","10","5.00000000","10.00000000","6.00000000","6","9","3.00000000","1.00000000","Ginkgo biloba L.","2.00000000","36.00000000","공원녹지과","199698.277","199698.2773"
"20001028","중구","2-태평로1가동-큰-0138","02","태평로1가동","138.00000000","라일락","30.00000000","10.00000000","6.00000000","홍익인쇄사","30","5.00000000","10.00000000","6.00000000","4","9","3.00000000","1.00000000","Syringa vulagaris L.","2.00000000","34.00000000","공원녹지과","199025.101","199025.1013"
"20001029","중구","2-중림동-큰-0099","02","중림동","99.00000000","회화나무","52.00000000","34.00000000","15.00000000","봉래초등학교","60","15.00000000","10.00000000","6.00000000","6","9","2.00000000","1.00000000","Sophora japonica L.","2.00000000","46.00000000","공원녹지과","196803.841","196803.8406"
"20001030","중구","2-충무로4,5동-큰-0021","02","충무로4,5동","21.00000000","은행나무","20.00000000","6.00000000","5.00000000","중구청","60","5.00000000","10.00000000","6.00000000","6","9","3.00000000","1.00000000","Ginkgo biloba L.","2.00000000","36.00000000","공원녹지과","199841.201","199841.201"
"20001031","중구","2-명동-큰-0038","02","명동","38.00000000","느티나무","30.00000000","6.00000000","6.00000000","계성초등학교","60","5.00000000","10.00000000","6.00000000","6","9","3.00000000","1.00000000","Zelkova serrata Makino","2.00000000","36.00000000","공원녹지과","198928.627","198928.6275"
"20001032","중구","2-을지로3,4,5동-큰-0041","02","을지로3,4,5동","41.00000000","단풍나무","20.00000000","5.00000000","4.00000000","동부화재","30","5.00000000","10.00000000","6.00000000","4","9","3.00000000","1.00000000","Acer palmatum Thunb.","2.00000000","34.00000000","공원녹지과","199312.305","199312.3055"
"20001033","중구","2-장충동-큰-0232","02","장충동","232.00000000","양버즘나무","30.00000000","7.00000000","4.00000000","충무초등학교","60","5.00000000","10.00000000","6.00000000","2","9","3.00000000","1.00000000","Platanus occidentalis L.","2.00000000","32.00000000","공원녹지과","200155.046","200155.0457"
"20001034","중구","2-소공동-큰-0255","02","소공동","255.00000000","느티나무","44.00000000","18.00000000","8.00000000","중앙일보","30","10.00000000","10.00000000","6.00000000","6","9","2.00000000","1.00000000","Zelkova serrata Makino","2.00000000","41.00000000","공원녹지과","197388.172","197388.1717"
"20001036","중구","2-회현동-큰-0020","02","회현동","20.00000000","아카시아나무","32.00000000","32.00000000","12.00000000","일신교회","60","5.00000000","10.00000000","6.00000000","4","9","3.00000000","1.00000000","Robinia pseudacacia L.","2.00000000","34.00000000","공원녹지과","198132.111","198132.1113"
"20001038","중구","2-필동-큰-0025","02","필동","25.00000000","느티나무","36.00000000","20.00000000","10.00000000","한국의집","30","5.00000000","10.00000000","6.00000000","6","9","3.00000000","1.00000000","Zelkova serrata Makino","2.00000000","36.00000000","공원녹지과","199528.237","199528.2373"
"20001039","중구","2-을지로3,4,5동-큰-0005","02","을지로3,4,5동","5.00000000","은행나무","30.00000000","10.00000000","5.00000000","수표동 청소년회관","30","5.00000000","10.00000000","6.00000000","6","9","3.00000000","1.00000000","Ginkgo biloba L.","2.00000000","36.00000000","공원녹지과","199163.689","199163.6892"
"20001040","중구","2-태평로1가동-큰-0092","02","태평로1가동","92.00000000","느티나무","30.00000000","15.00000000","5.00000000","한국외환은행","30","5.00000000","10.00000000","6.00000000","6","9","3.00000000","1.00000000","Zelkova serrata Makino","2.00000000","36.00000000","공원녹지과","198405.754","198405.7538"
"20000288","중구","2-남대문로5가동-큰-0064","02","남대문로5가동","64.00000000","느티나무","25.00000000","18.00000000","8.00000000","남대문교회","50","5.00000000","10.00000000","6.00000000","6","6","3.00000000","1.00000000","Zelkova serrata Makino","2.00000000","33.00000000","공원녹지과","198163.443","198163.443"
"20000289","중구","2-명동-큰-0078","02","명동","78.00000000","은행나무","36.00000000","28.00000000","8.00000000","숭의여대별관","60","5.00000000","10.00000000","6.00000000","6","9","3.00000000","1.00000000","Ginkgo biloba L.","2.00000000","36.00000000","공원녹지과","198808.075","198808.0755"
"20000291","중구","2-명동-큰-0090","02","명동","90.00000000","은행나무","20.00000000","27.00000000","8.00000000","숭의여대별관","60","5.00000000","10.00000000","6.00000000","6","9","3.00000000","1.00000000","Ginkgo biloba L.","2.00000000","36.00000000","공원녹지과","198979.761","198979.7609"
"20000292","중구","2-명동-큰-0092","02","명동","92.00000000","가래나무","27.00000000","30.00000000","7.00000000","숭의여대별관","60","5.00000000","10.00000000","6.00000000","4","9","3.00000000","1.00000000","Juglans mandshurica.","2.00000000","34.00000000","공원녹지과","198973.171","198973.1712"
"20000293","중구","2-명동-큰-0094","02","명동","94.00000000","은행나무","39.00000000","23.00000000","8.00000000","숭의여대별관","60","5.00000000","10.00000000","6.00000000","6","9","3.00000000","1.00000000","Ginkgo biloba L.","2.00000000","36.00000000","공원녹지과","199014.801","199014.8006"
"20000294","중구","2-명동-큰-0099","02","명동","99.00000000","느티나무","25.00000000","25.00000000","9.00000000","숭의여대별관","60","5.00000000","10.00000000","6.00000000","6","9","3.00000000","1.00000000","Zelkova serrata Makino","2.00000000","36.00000000","공원녹지과","199046.363","199046.363"
"20000296","중구","2-회현동-큰-0076","02","회현동","76.00000000","느티나무","24.00000000","17.00000000","9.00000000","","50","5.00000000","10.00000000","6.00000000","6","6","3.00000000","1.00000000","Zelkova serrata Makino","2.00000000","33.00000000","공원녹지과","198125.203","198125.2034"
"20000297","중구","2-회현동-큰-0078","02","회현동","78.00000000","느티나무","23.00000000","15.00000000","8.00000000","","50","5.00000000","10.00000000","6.00000000","6","6","3.00000000","1.00000000","Zelkova serrata Makino","2.00000000","33.00000000","공원녹지과","198121.731","198121.731"
"20000298","중구","2-회현동-큰-0083","02","회현동","83.00000000","느티나무","25.00000000","17.00000000","6.00000000","","50","5.00000000","10.00000000","6.00000000","6","6","3.00000000","1.00000000","Zelkova serrata Makino","2.00000000","33.00000000","공원녹지과","198148.947","198148.9468"
"20000299","중구","2-회현동-큰-0084","02","회현동","84.00000000","느티나무","26.00000000","18.00000000","7.00000000","","50","5.00000000","10.00000000","6.00000000","6","6","3.00000000","1.00000000","Zelkova serrata Makino","2.00000000","33.00000000","공원녹지과","198157.248","198157.2482"
"20000300","중구","2-회현동-큰-0085","02","회현동","85.00000000","느티나무","23.00000000","18.00000000","7.00000000","","50","5.00000000","10.00000000","6.00000000","6","6","3.00000000","1.00000000","Zelkova serrata Makino","2.00000000","33.00000000","공원녹지과","198149.914","198149.9137"
"20000301","중구","2-회현동-큰-0092","02","회현동","92.00000000","양버즘나무","28.00000000","24.00000000","11.00000000","","50","5.00000000","10.00000000","6.00000000","2","6","4.00000000","1.00000000","Platanus occidentalis L.","2.00000000","29.00000000","공원녹지과","198181.565","198181.5648"
"20000304","중구","2-명동-큰-0047","02","명동","47.00000000","느티나무","34.00000000","17.00000000","13.00000000","중앙우체국","30","5.00000000","10.00000000","6.00000000","6","9","3.00000000","1.00000000","Zelkova serrata Makino","2.00000000","36.00000000","공원녹지과","198393.067","198393.0672"
"20000305","중구","2-회현동-큰-0109","02","회현동","109.00000000","은행나무","81.00000000","22.00000000","12.00000000","한빛은행","30","15.00000000","10.00000000","6.00000000","6","9","2.00000000","1.00000000","Ginkgo biloba L.","2.00000000","46.00000000","공원녹지과","198380.472","198380.4718"
"20000306","중구","2-회현동-큰-0113","02","회현동","113.00000000","측백나무","25.00000000","22.00000000","4.00000000","회현주차장","30","5.00000000","10.00000000","6.00000000","6","9","3.00000000","1.00000000","Thuja orientalis L.","2.00000000","36.00000000","공원녹지과","198458.799","198458.7989"
"20000307","중구","2-회현동-큰-0114","02","회현동","114.00000000","양버즘나무","23.00000000","17.00000000","9.00000000","회현주차장","30","5.00000000","10.00000000","6.00000000","6","9","3.00000000","1.00000000","Platanus occidentalis L.","2.00000000","36.00000000","공원녹지과","198458.179","198458.1788"
"20000308","중구","2-회현동-큰-0124","02","회현동","124.00000000","아카시아나무","24.00000000","19.00000000","10.00000000","한국은행부지","30","5.00000000","10.00000000","6.00000000","4","9","3.00000000","1.00000000","Robinia pseudacacia L.","2.00000000","34.00000000","공원녹지과","198558.624","198558.6245"
"20000309","중구","2-명동-큰-0048","02","명동","48.00000000","아카시아나무","36.00000000","18.00000000","9.00000000","한국은행부지","30","5.00000000","10.00000000","6.00000000","4","9","3.00000000","1.00000000","Robinia pseudacacia L.","2.00000000","34.00000000","공원녹지과","198559.315","198559.3146"
"20000310","중구","2-명동-큰-0052","02","명동","52.00000000","측백나무","23.00000000","18.00000000","6.00000000","한국은행부지","30","5.00000000","10.00000000","6.00000000","6","9","3.00000000","1.00000000","Thuja orientalis L.","2.00000000","36.00000000","공원녹지과","198687.049","198687.0487"
"20000001","중구","2-신당3동-큰-0032","02","신당3동","32.00000000","소나무","20.00000000","4.00000000","2.00000000","중구청소년수련관","60","5.00000000","10.00000000","6.00000000","6","9","3.00000000","1.00000000","Pinus densiflora S et Z.","2.00000000","36.00000000","공원녹지과","201131.617","201131.617"
"20000002","중구","2-신당3동-큰-0034","02","신당3동","34.00000000","은행나무","23.00000000","4.00000000","2.00000000","금호터널입구","60","5.00000000","10.00000000","6.00000000","6","9","3.00000000","1.00000000","Ginkgo biloba L.","2.00000000","36.00000000","공원녹지과","201165.633","201165.6335"
"20000003","중구","2-신당3동-큰-0036","02","신당3동","36.00000000","느티나무","23.00000000","7.00000000","5.00000000","금호터널상단","60","5.00000000","10.00000000","6.00000000","6","9","3.00000000","1.00000000","Zelkova serrata Makino","2.00000000","36.00000000","공원녹지과","201165.672","201165.6722"
"20000665","중구","2-남대문로5가동-큰-0045","02","남대문로5가동","45.00000000","은행나무","65.00000000","40.00000000","12.00000000","남대문교회","60","15.00000000","10.00000000","6.00000000","6","9","2.00000000","1.00000000","Ginkgo biloba L.","2.00000000","46.00000000","공원녹지과","197767.674","197767.6742"
"20000666","중구","2-회현동-큰-0019","02","회현동","19.00000000","아카시아나무","27.00000000","25.00000000","10.00000000","일신교회","60","5.00000000","10.00000000","6.00000000","4","9","3.00000000","1.00000000","Robinia pseudacacia L.","2.00000000","34.00000000","공원녹지과","198122.279","198122.2793"
"20000664","중구","2-충무로4,5동-큰-0012","02","충무로4,5동","12.00000000","소나무","20.00000000","2.00000000","4.00000000","중구청","60","5.00000000","10.00000000","6.00000000","6","9","3.00000000","1.00000000","Pinus densiflora S et Z.","2.00000000","36.00000000","공원녹지과","199831.486","199831.4859"
"20000667","중구","2-을지로3,4,5동-큰-0004","02","을지로3,4,5동","4.00000000","은행나무","30.00000000","10.00000000","5.00000000","수표동 청소년회관","30","5.00000000","10.00000000","6.00000000","6","9","3.00000000","1.00000000","Ginkgo biloba L.","2.00000000","36.00000000","공원녹지과","199168.621","199168.6209"
"20000669","중구","2-충무로4,5동-큰-0072","02","충무로4,5동","72.00000000","느티나무","30.00000000","9.00000000","6.00000000","목정주차장","60","5.00000000","10.00000000","6.00000000","6","9","3.00000000","1.00000000","Zelkova serrata Makino","2.00000000","36.00000000","공원녹지과","200026.345","200026.3453"
"20000852","중구","2-충무로4,5동-큰-0061","02","충무로4,5동","61.00000000","느티나무","30.00000000","9.00000000","8.00000000","목정주차장","60","5.00000000","10.00000000","6.00000000","6","9","3.00000000","1.00000000","Zelkova serrata Makino","2.00000000","36.00000000","공원녹지과","199937.967","199937.9674"
"20000854","중구","2-태평로1가동-큰-0079","02","태평로1가동","79.00000000","은행나무","28.00000000","22.00000000","7.00000000","한국외환은행","30","5.00000000","10.00000000","6.00000000","6","9","3.00000000","1.00000000","Ginkgo biloba L.","2.00000000","36.00000000","공원녹지과","198746.424","198746.4243"
"20000856","중구","2-충무로4,5동-큰-0100","02","충무로4,5동","100.00000000","양버즘나무","60.00000000","8.00000000","8.00000000","덕수중학교","60","15.00000000","10.00000000","6.00000000","6","9","2.00000000","1.00000000","Platanus occidentalis L.","2.00000000","46.00000000","공원녹지과","199806.028","199806.0281"
"20000857","중구","2-남대문로5가동-큰-0025","02","남대문로5가동","25.00000000","메타세콰이어","32.00000000","37.00000000","5.00000000","서울열차사무소","60","5.00000000","10.00000000","6.00000000","2","9","3.00000000","1.00000000","Metasequoia glyptostroboides Hu et cheng","2.00000000","32.00000000","공원녹지과","197318.204","197318.2037"
"20000858","중구","2-회현동-큰-0041","02","회현동","41.00000000","","0E-8","0E-8","0E-8","","0","5.00000000","10.00000000","6.00000000","6","9","3.00000000","1.00000000","","2.00000000","36.00000000","공원녹지과","198239.871","198239.8708"
"20000859","중구","2-장충동-큰-0102","02","장충동","102.00000000","감나무","21.00000000","17.00000000","7.00000000","동국대학교","60","5.00000000","10.00000000","6.00000000","6","9","3.00000000","1.00000000","Diospyros kaki Thunb.","2.00000000","36.00000000","공원녹지과","200091.417","200091.4174"
"20000860","중구","2-충무로4,5동-큰-0060","02","충무로4,5동","60.00000000","느티나무","30.00000000","8.00000000","8.00000000","목정주차장","60","5.00000000","10.00000000","6.00000000","6","9","3.00000000","1.00000000","Zelkova serrata Makino","2.00000000","36.00000000","공원녹지과","199931.462","199931.4625"
"20000861","중구","2-회현동-큰-0106","02","회현동","106.00000000","은행나무","25.00000000","21.00000000","6.00000000","","50","5.00000000","10.00000000","6.00000000","6","6","3.00000000","1.00000000","Ginkgo biloba L.","2.00000000","33.00000000","공원녹지과","198091.005","198091.0049"
"20000863","중구","2-광희동-큰-0027","02","광희동","27.00000000","느티나무","40.00000000","13.00000000","8.00000000","쌍림어린이공원","50","5.00000000","10.00000000","6.00000000","6","6","3.00000000","1.00000000","Zelkova serrata Makino","2.00000000","33.00000000","공원녹지과","200435.46","200435.4603"
"20000864","중구","2-소공동-큰-0084","02","소공동","84.00000000","자작나무","47.00000000","19.00000000","1.00000000","창덕여중","60","10.00000000","10.00000000","6.00000000","4","9","3.00000000","1.00000000","Betula platyphylla var.","2.00000000","39.00000000","공원녹지과","197353.925","197353.9248"
"20000855","중구","2-충무로4,5동-큰-0035","02","충무로4,5동","35.00000000","느티나무","25.00000000","8.00000000","6.00000000","중구청","60","5.00000000","10.00000000","6.00000000","6","9","3.00000000","1.00000000","Zelkova serrata Makino","2.00000000","36.00000000","공원녹지과","199809.449","199809.4487"
"20000865","중구","2-장충동-큰-0154","02","장충동","154.00000000","아카시아나무","20.00000000","7.00000000","3.00000000","동국대학교","60","5.00000000","10.00000000","6.00000000","4","9","3.00000000","1.00000000","Robinia pseudacacia L.","2.00000000","34.00000000","공원녹지과","200138.143","200138.1433"
"20000866","중구","2-중림동-큰-0009","02","중림동","9.00000000","은행나무","38.00000000","20.00000000","6.00000000","카톨릭중림동성당","60","5.00000000","10.00000000","6.00000000","6","9","3.00000000","1.00000000","Ginkgo biloba L.","2.00000000","36.00000000","공원녹지과","197124.043","197124.0427"
"20000867","중구","2-중림동-큰-0058","02","중림동","58.00000000","아카시아나무","27.00000000","27.00000000","15.00000000","손기정공원","50","5.00000000","10.00000000","6.00000000","4","6","3.00000000","1.00000000","Robinia pseudacacia L.","2.00000000","31.00000000","공원녹지과","196952.289","196952.2889"
"20000868","중구","2-중림동-큰-0031","02","중림동","31.00000000","양버즘나무","27.00000000","28.00000000","8.00000000","손기정공원","50","5.00000000","10.00000000","6.00000000","2","6","4.00000000","1.00000000","Platanus occidentalis L.","2.00000000","29.00000000","공원녹지과","197002.999","197002.9993"
"20000870","중구","2-신당5동-큰-0021","02","신당5동","21.00000000","은행나무","22.00000000","9.00000000","5.00000000","성동고교","60","5.00000000","10.00000000","6.00000000","6","9","3.00000000","1.00000000","Ginkgo biloba L.","2.00000000","36.00000000","공원녹지과","202063.189","202063.1893"
"20000871","중구","2-광희동-큰-0081","02","광희동","81.00000000","이태리포플러","27.00000000","6.00000000","4.00000000","국립간호대학","60","5.00000000","10.00000000","6.00000000","2","9","3.00000000","1.00000000","Populus euramericana Guiner","2.00000000","32.00000000","공원녹지과","200599.712","200599.7117"
"20001041","중구","2-중림동-큰-0017","02","중림동","17.00000000","측백나무","35.00000000","22.00000000","7.00000000","카톨릭중림동성당","60","5.00000000","10.00000000","6.00000000","6","9","3.00000000","1.00000000","Thuja orientalis L.","2.00000000","36.00000000","공원녹지과","197071.94","197071.9404"
"20001042","중구","2-소공동-큰-0296","02","소공동","296.00000000","백합나무","27.00000000","26.00000000","6.00000000","상공회의소","60","5.00000000","10.00000000","6.00000000","2","9","3.00000000","1.00000000","Liriodendron tulipifera L.","2.00000000","32.00000000","공원녹지과","197657.701","197657.7009"
"20001044","중구","2-신당1동-큰-0004","02","신당1동","4.00000000","느티나무","25.00000000","8.00000000","7.00000000","서울제1기동대","60","5.00000000","10.00000000","6.00000000","6","9","3.00000000","1.00000000","Zelkova serrata Makino","2.00000000","36.00000000","공원녹지과","201344.661","201344.6606"
"20000773","중구","2-중림동-큰-0060","02","중림동","60.00000000","아카시아나무","34.00000000","30.00000000","15.00000000","손기정공원","50","5.00000000","10.00000000","6.00000000","4","6","3.00000000","1.00000000","Robinia pseudacacia L.","2.00000000","31.00000000","공원녹지과","196943.419","196943.419"
"20000774","중구","2-중림동-큰-0061","02","중림동","61.00000000","은행나무","42.00000000","27.00000000","8.00000000","손기정공원","50","10.00000000","10.00000000","6.00000000","6","6","3.00000000","1.00000000","Ginkgo biloba L.","2.00000000","38.00000000","공원녹지과","196951.707","196951.7075"
"20000775","중구","2-광희동-큰-0049","02","광희동","49.00000000","단풍나무","20.00000000","8.00000000","7.00000000","을지로6가 52번지","10","5.00000000","10.00000000","6.00000000","4","9","3.00000000","1.00000000","Acer palmatum Thunb.","2.00000000","34.00000000","공원녹지과","200428.765","200428.7648"
"20000776","중구","2-광희동-큰-0052","02","광희동","52.00000000","가이즈까향나무","20.00000000","7.00000000","3.00000000","을지로6가 52번지","10","5.00000000","10.00000000","6.00000000","4","9","3.00000000","1.00000000","Quercus aliena Blume","2.00000000","34.00000000","공원녹지과","200432.814","200432.8143"
"20000777","중구","2-광희동-큰-0058","02","광희동","58.00000000","벽오동나무","25.00000000","7.00000000","6.00000000","국립의료원","60","5.00000000","10.00000000","6.00000000","4","9","3.00000000","1.00000000","Firmiana simplex W.F.Wight.","2.00000000","34.00000000","공원녹지과","200446.228","200446.2283"
"20000778","중구","2-광희동-큰-0059","02","광희동","59.00000000","벽오동나무","25.00000000","7.00000000","6.00000000","국립의료원","60","5.00000000","10.00000000","6.00000000","4","9","3.00000000","1.00000000","Firmiana simplex W.F.Wight.","2.00000000","34.00000000","공원녹지과","200452.741","200452.7406"
"20000780","중구","2-광희동-큰-0069","02","광희동","69.00000000","양버즘나무","27.00000000","6.00000000","6.00000000","중구의회 구민회관","60","5.00000000","10.00000000","6.00000000","6","9","3.00000000","1.00000000","Platanus occidentalis L.","2.00000000","36.00000000","공원녹지과","200570.326","200570.3256"
"20000781","중구","2-광희동-큰-0071","02","광희동","71.00000000","참나무","28.00000000","6.00000000","4.00000000","두산타워","30","5.00000000","10.00000000","6.00000000","4","9","3.00000000","1.00000000","Quercus variabilis BL.","2.00000000","34.00000000","공원녹지과","200736.377","200736.3774"
"20000782","중구","2-중림동-큰-0070","02","중림동","70.00000000","아카시아나무","37.00000000","19.00000000","15.00000000","손기정공원","50","5.00000000","10.00000000","6.00000000","4","6","3.00000000","1.00000000","Robinia pseudacacia L.","2.00000000","31.00000000","공원녹지과","196875.366","196875.3665"
"20000783","중구","2-중림동-큰-0074","02","중림동","74.00000000","아카시아나무","30.00000000","22.00000000","13.00000000","손기정공원","50","5.00000000","10.00000000","6.00000000","4","6","3.00000000","1.00000000","Robinia pseudacacia L.","2.00000000","31.00000000","공원녹지과","196848.759","196848.7594"
"20000784","중구","2-중림동-큰-0079","02","중림동","79.00000000","느티나무","31.00000000","26.00000000","11.00000000","손기정공원","50","5.00000000","10.00000000","6.00000000","6","6","3.00000000","1.00000000","Zelkova serrata Makino","2.00000000","33.00000000","공원녹지과","196846.439","196846.4393"
"20000785","중구","2-중림동-큰-0080","02","중림동","80.00000000","양버즘나무","22.00000000","35.00000000","10.00000000","손기정공원","50","5.00000000","10.00000000","6.00000000","2","6","4.00000000","1.00000000","Platanus occidentalis L.","2.00000000","29.00000000","공원녹지과","196823.681","196823.681"
"20000787","중구","2-중림동-큰-0087","02","중림동","87.00000000","양버즘나무","32.00000000","28.00000000","15.00000000","봉래초등학교","60","5.00000000","10.00000000","6.00000000","2","9","3.00000000","1.00000000","Platanus occidentalis L.","2.00000000","32.00000000","공원녹지과","196775.308","196775.308"
"20000788","중구","2-중림동-큰-0094","02","중림동","94.00000000","회화나무","40.00000000","20.00000000","10.00000000","봉래초등학교","60","5.00000000","10.00000000","6.00000000","6","9","3.00000000","1.00000000","Sophora japonica L.","2.00000000","36.00000000","공원녹지과","196825.047","196825.0471"
"20000789","중구","2-충무로4,5동-큰-0116","02","충무로4,5동","116.00000000","대추나무","20.00000000","10.00000000","6.00000000","덕수중학교","60","5.00000000","10.00000000","6.00000000","4","9","3.00000000","1.00000000","Zizyphus jujuba var.","2.00000000","34.00000000","공원녹지과","199693.114","199693.1141"
"20000790","중구","2-충무로4,5동-큰-0121","02","충무로4,5동","121.00000000","가이즈까향나무","20.00000000","6.00000000","5.00000000","덕수중학교","60","5.00000000","10.00000000","6.00000000","4","9","3.00000000","1.00000000","Juniperus chinensis`Kaizuka'.","2.00000000","34.00000000","공원녹지과","199728.588","199728.5884"
"20000791","중구","2-충무로4,5동-큰-0127","02","충무로4,5동","127.00000000","느티나무","40.00000000","10.00000000","8.00000000","인헌어린이공원","50","5.00000000","10.00000000","6.00000000","6","6","3.00000000","1.00000000","Zelkova serrata Makino","2.00000000","33.00000000","공원녹지과","199706.44","199706.44"
"20000792","중구","2-충무로4,5동-큰-0128","02","충무로4,5동","128.00000000","느티나무","25.00000000","9.00000000","8.00000000","인헌어린이공원","50","5.00000000","10.00000000","6.00000000","6","6","3.00000000","1.00000000","Zelkova serrata Makino","2.00000000","33.00000000","공원녹지과","199722.311","199722.3114"
"20000793","중구","2-충무로4,5동-큰-0134","02","충무로4,5동","134.00000000","은행나무","25.00000000","9.00000000","6.00000000","인헌어린이공원","50","5.00000000","10.00000000","6.00000000","6","6","3.00000000","1.00000000","Ginkgo biloba L.","2.00000000","33.00000000","공원녹지과","199730.801","199730.8009"
"20000004","중구","2-신당3동-큰-0040","02","신당3동","40.00000000","느릅나무","22.00000000","7.00000000","5.00000000","금호터널상단","60","5.00000000","10.00000000","6.00000000","4","9","3.00000000","1.00000000","Ulmus davidiana var","2.00000000","34.00000000","공원녹지과","201183.519","201183.5194"
"20000106","중구","2-을지로3,4,5동-큰-0038","02","을지로3,4,5동","38.00000000","느티나무","45.00000000","10.00000000","7.00000000","국민은행","30","10.00000000","10.00000000","6.00000000","6","9","2.00000000","1.00000000","Zelkova serrata Makino","2.00000000","41.00000000","공원녹지과","199307.772","199307.7721"
"20000107","중구","2-을지로3,4,5동-큰-0042","02","을지로3,4,5동","42.00000000","단풍나무","20.00000000","5.00000000","3.00000000","동부화재","30","5.00000000","10.00000000","6.00000000","4","9","3.00000000","1.00000000","Acer palmatum Thunb.","2.00000000","34.00000000","공원녹지과","199312.975","199312.9752"
"20000108","중구","2-충무로4,5동-큰-0003","02","충무로4,5동","3.00000000","은행나무","20.00000000","10.00000000","2.00000000","중구청","60","5.00000000","10.00000000","6.00000000","6","9","3.00000000","1.00000000","Ginkgo biloba L.","2.00000000","36.00000000","공원녹지과","199773.75","199773.7502"
"20000110","중구","2-충무로4,5동-큰-0005","02","충무로4,5동","5.00000000","은행나무","25.00000000","11.00000000","3.00000000","중구청","60","5.00000000","10.00000000","6.00000000","6","9","3.00000000","1.00000000","Ginkgo biloba L.","2.00000000","36.00000000","공원녹지과","199764.083","199764.0835"
"20000111","중구","2-충무로4,5동-큰-0011","02","충무로4,5동","11.00000000","소나무","20.00000000","2.00000000","4.00000000","중구청","60","5.00000000","10.00000000","6.00000000","6","9","3.00000000","1.00000000","Pinus densiflora S et Z.","2.00000000","36.00000000","공원녹지과","199827.676","199827.6757"
"20000109","중구","2-충무로4,5동-큰-0004","02","충무로4,5동","4.00000000","은행나무","25.00000000","11.00000000","3.00000000","중구청","60","5.00000000","10.00000000","6.00000000","6","9","3.00000000","1.00000000","Ginkgo biloba L.","2.00000000","36.00000000","공원녹지과","199769.255","199769.2549"
"20000112","중구","2-충무로4,5동-큰-0013","02","충무로4,5동","13.00000000","모과나무","50.00000000","8.00000000","6.00000000","중구청","60","10.00000000","10.00000000","6.00000000","4","9","3.00000000","1.00000000","Cydonia sinensis Thouin.","2.00000000","39.00000000","공원녹지과","199836.41","199836.4096"
"20000113","중구","2-충무로4,5동-큰-0014","02","충무로4,5동","14.00000000","호두나무","40.00000000","10.00000000","0E-8","중구청","60","5.00000000","10.00000000","6.00000000","4","9","3.00000000","1.00000000","Juglans sinensis Dode","2.00000000","34.00000000","공원녹지과","199842.015","199842.0146"
"20000115","중구","2-장충동-큰-0221","02","장충동","221.00000000","느티나무","34.00000000","5.00000000","5.00000000","장충공원","50","5.00000000","10.00000000","6.00000000","6","6","3.00000000","1.00000000","Zelkova serrata Makino","2.00000000","33.00000000","공원녹지과","200316.171","200316.1711"
"20000116","중구","2-장충동-큰-0222","02","장충동","222.00000000","느티나무","24.00000000","5.00000000","5.00000000","장충공원","50","5.00000000","10.00000000","6.00000000","6","6","3.00000000","1.00000000","Zelkova serrata Makino","2.00000000","33.00000000","공원녹지과","200320.554","200320.5541"
"20000117","중구","2-장충동-큰-0224","02","장충동","224.00000000","느티나무","35.00000000","6.00000000","7.00000000","장충공원","50","5.00000000","10.00000000","6.00000000","6","6","3.00000000","1.00000000","Zelkova serrata Makino","2.00000000","33.00000000","공원녹지과","200319.92","200319.9201"
"20000119","중구","2-장충동-큰-0231","02","장충동","231.00000000","양버즘나무","32.00000000","8.00000000","5.00000000","충무초등학교","60","5.00000000","10.00000000","6.00000000","2","9","3.00000000","1.00000000","Platanus occidentalis L.","2.00000000","32.00000000","공원녹지과","200143.133","200143.133"
"20000120","중구","2-신당5동-큰-0033","02","신당5동","33.00000000","양버즘나무","75.00000000","12.00000000","6.00000000","성동고교","60","15.00000000","10.00000000","6.00000000","2","9","2.00000000","1.00000000","Platanus occidentalis L.","2.00000000","42.00000000","공원녹지과","202085.251","202085.2512"
"20000121","중구","2-신당5동-큰-0037","02","신당5동","37.00000000","아카시아나무","34.00000000","6.00000000","4.00000000","성동고교","60","5.00000000","10.00000000","6.00000000","4","9","3.00000000","1.00000000","Robinia pseudacacia L.","2.00000000","34.00000000","공원녹지과","202071.725","202071.7246"
"20000122","중구","2-신당5동-큰-0038","02","신당4동","38.00000000","회화나무","30.00000000","8.00000000","5.00000000","성동고교","60","5.00000000","10.00000000","6.00000000","6","9","3.00000000","1.00000000","Sophora japonica L.","2.00000000","36.00000000","공원녹지과","202069.794","202069.794"
"20000124","중구","2-소공동-큰-0264","02","소공동","264.00000000","느티나무","26.00000000","14.00000000","8.00000000","중앙일보","30","5.00000000","10.00000000","6.00000000","6","9","3.00000000","1.00000000","Zelkova serrata Makino","2.00000000","36.00000000","공원녹지과","197388.363","197388.3625"
"20000125","중구","2-소공동-큰-0265","02","소공동","265.00000000","느티나무","29.00000000","20.00000000","8.00000000","중앙일보","30","5.00000000","10.00000000","6.00000000","6","9","3.00000000","1.00000000","Zelkova serrata Makino","2.00000000","36.00000000","공원녹지과","197371.588","197371.5883"
"20000126","중구","2-장충동-큰-0145","02","장충동","145.00000000","회화나무","24.00000000","7.00000000","6.00000000","동국대학교","60","5.00000000","10.00000000","6.00000000","6","9","3.00000000","1.00000000","Sophora japonica L.","2.00000000","36.00000000","공원녹지과","200139.385","200139.3853"
"20000127","중구","2-장충동-큰-0153","02","장충동","153.00000000","아카시아나무","30.00000000","11.00000000","7.00000000","동국대학교","60","5.00000000","10.00000000","6.00000000","4","9","3.00000000","1.00000000","Robinia pseudacacia L.","2.00000000","34.00000000","공원녹지과","200124.354","200124.354"
"20000128","중구","2-장충동-큰-0157","02","장충동","157.00000000","은행나무","23.00000000","9.00000000","2.00000000","동국대학교","60","5.00000000","10.00000000","6.00000000","6","9","3.00000000","1.00000000","Ginkgo biloba L.","2.00000000","36.00000000","공원녹지과","200155.075","200155.0755"
"20000129","중구","2-신당5동-큰-0022","02","신당5동","22.00000000","목련","21.00000000","9.00000000","5.00000000","성동고교","60","5.00000000","10.00000000","6.00000000","4","9","3.00000000","1.00000000","Magnolia kobus Dc.","2.00000000","34.00000000","공원녹지과","202072.854","202072.8538"
"20000131","중구","2-신당1동-큰-0077","02","신당1동","77.00000000","은행나무","24.00000000","2.00000000","2.00000000","한양공고","60","5.00000000","10.00000000","6.00000000","6","9","3.00000000","1.00000000","Ginkgo biloba L.","2.00000000","36.00000000","공원녹지과","201026.733","201026.733"
"20000132","중구","2-신당1동-큰-0078","02","신당1동","78.00000000","은행나무","23.00000000","6.00000000","2.00000000","한양공고","60","5.00000000","10.00000000","6.00000000","6","9","3.00000000","1.00000000","Ginkgo biloba L.","2.00000000","36.00000000","공원녹지과","201035.62","201035.6204"
"20000872","중구","2-명동-큰-0022","02","명동","22.00000000","느티나무","40.00000000","9.00000000","5.00000000","계성여고","60","5.00000000","10.00000000","6.00000000","6","9","3.00000000","1.00000000","Zelkova serrata Makino","2.00000000","36.00000000","공원녹지과","198878.168","198878.1679"
"20000873","중구","2-회현동-큰-0018","02","회현동","18.00000000","소나무","30.00000000","30.00000000","7.00000000","일신교회","60","5.00000000","10.00000000","6.00000000","6","9","3.00000000","1.00000000","Pinus densiflora S et Z.","2.00000000","36.00000000","공원녹지과","198125.565","198125.5653"
"20000875","중구","2-장충동-큰-0073","02","장충동","73.00000000","양버즘나무","26.00000000","11.00000000","5.00000000","동국대학교","60","5.00000000","10.00000000","6.00000000","2","9","3.00000000","1.00000000","Platanus occidentalis L.","2.00000000","32.00000000","공원녹지과","200057.239","200057.2391"
"20000876","중구","2-장충동-큰-0079","02","장충동","79.00000000","양버즘나무","30.00000000","17.00000000","8.00000000","동국대학교","60","5.00000000","10.00000000","6.00000000","2","9","3.00000000","1.00000000","Platanus occidentalis L.","2.00000000","32.00000000","공원녹지과","200024.009","200024.0094"
"20000878","중구","2-장충동-큰-0361","02","장충동","361.00000000","아카시아나무","50.00000000","9.00000000","6.00000000","자유센터","60","10.00000000","10.00000000","6.00000000","4","9","3.00000000","1.00000000","Robinia pseudacacia L.","2.00000000","39.00000000","공원녹지과","200155.106","200155.106"
"20000458","중구","2-신당5동-큰-0042","02","신당5동","42.00000000","벚나무","32.00000000","6.00000000","6.00000000","성동고교","60","5.00000000","10.00000000","6.00000000","4","9","3.00000000","1.00000000","Prunus yedoensis Matsumira.","2.00000000","34.00000000","공원녹지과","202062.446","202062.4464"
"20000459","중구","2-신당5동-큰-0044","02","신당5동","44.00000000","느릅나무","47.00000000","11.00000000","6.00000000","성동고교","60","10.00000000","10.00000000","6.00000000","4","9","3.00000000","1.00000000","Ulmus davidiana var","2.00000000","39.00000000","공원녹지과","202018.343","202018.3427"
"20000460","중구","2-소공동-큰-0251","02","소공동","251.00000000","느티나무","44.00000000","18.00000000","17.00000000","중앙일보","30","10.00000000","10.00000000","6.00000000","6","9","2.00000000","1.00000000","Zelkova serrata Makino","2.00000000","41.00000000","공원녹지과","197397.041","197397.0415"
"20000461","중구","2-충무로4,5동-큰-0085","02","충무로4,5동","85.00000000","이태리포플러","60.00000000","12.00000000","6.00000000","덕수중학교","60","15.00000000","10.00000000","6.00000000","2","9","2.00000000","1.00000000","Populus euramericana Guiner","2.00000000","42.00000000","공원녹지과","199785.555","199785.5549"
"20000462","중구","2-중림동-큰-0052","02","중림동","52.00000000","아카시아나무","29.00000000","25.00000000","16.00000000","손기정공원","50","5.00000000","10.00000000","6.00000000","4","6","3.00000000","1.00000000","Robinia pseudacacia L.","2.00000000","31.00000000","공원녹지과","196945.157","196945.1573"
"20000463","중구","2-태평로1가동-큰-0097","02","태평로1가동","97.00000000","느티나무","42.00000000","28.00000000","9.00000000","한국외환은행","30","10.00000000","10.00000000","6.00000000","6","9","2.00000000","1.00000000","Zelkova serrata Makino","2.00000000","41.00000000","공원녹지과","198397.253","198397.2526"
"20000464","중구","2-태평로1가동-큰-0098","02","태평로1가동","98.00000000","느티나무","32.00000000","13.00000000","10.00000000","한국외환은행","30","5.00000000","10.00000000","6.00000000","6","9","3.00000000","1.00000000","Zelkova serrata Makino","2.00000000","36.00000000","공원녹지과","198379.743","198379.7429"
"20000466","중구","2-태평로1가동-큰-0105","02","태평로1가동","105.00000000","느티나무","60.00000000","7.00000000","5.00000000","장교동 쁘렝땅백화점","30","15.00000000","10.00000000","6.00000000","6","9","2.00000000","1.00000000","Zelkova serrata Makino","2.00000000","46.00000000","공원녹지과","198831.174","198831.1742"
"20000467","중구","2-태평로1가동-큰-0106","02","태평로1가동","106.00000000","느티나무","30.00000000","4.00000000","3.00000000","장교동 쁘렝땅백화점","30","5.00000000","10.00000000","6.00000000","6","9","3.00000000","1.00000000","Zelkova serrata Makino","2.00000000","36.00000000","공원녹지과","198834.091","198834.0911"
"20000468","중구","2-태평로1가동-큰-0110","02","태평로1가동","110.00000000","소나무","20.00000000","3.00000000","4.00000000","장교동 쁘렝땅백화점","30","5.00000000","10.00000000","6.00000000","6","9","3.00000000","1.00000000","Pinus densiflora S et Z.","2.00000000","36.00000000","공원녹지과","198824.445","198824.4448"
"20000469","중구","2-소공동-큰-0142","02","소공동","142.00000000","측백나무","22.00000000","15.00000000","7.00000000","이화여고","60","5.00000000","10.00000000","6.00000000","6","9","3.00000000","1.00000000","Thuja orientalis L.","2.00000000","36.00000000","공원녹지과","197333.376","197333.3765"
"20000470","중구","2-소공동-큰-0152","02","소공동","152.00000000","느티나무","27.00000000","25.00000000","8.00000000","삼도빌딩","30","5.00000000","10.00000000","6.00000000","6","9","3.00000000","1.00000000","Zelkova serrata Makino","2.00000000","36.00000000","공원녹지과","197266.873","197266.8729"
"20000472","중구","2-소공동-큰-0160","02","소공동","160.00000000","단풍나무","41.00000000","13.00000000","10.00000000","시립미술관","60","10.00000000","10.00000000","6.00000000","4","9","3.00000000","1.00000000","Acer palmatum Thunb.","2.00000000","39.00000000","공원녹지과","197667.196","197667.1964"
"20000473","중구","2-소공동-큰-0163","02","소공동","163.00000000","아카시아나무","35.00000000","18.00000000","10.00000000","시립미술관","60","5.00000000","10.00000000","6.00000000","4","9","3.00000000","1.00000000","Robinia pseudacacia L.","2.00000000","34.00000000","공원녹지과","197587.392","197587.3918"
"20000475","중구","2-소공동-큰-0169","02","소공동","169.00000000","아카시아나무","32.00000000","22.00000000","10.00000000","시립미술관","60","5.00000000","10.00000000","6.00000000","4","9","3.00000000","1.00000000","Robinia pseudacacia L.","2.00000000","34.00000000","공원녹지과","197594.353","197594.353"
"20000476","중구","2-소공동-큰-0172","02","소공동","172.00000000","느티나무","25.00000000","15.00000000","10.00000000","체스프라자","60","5.00000000","10.00000000","6.00000000","6","9","3.00000000","1.00000000","Zelkova serrata Makino","2.00000000","36.00000000","공원녹지과","197582.937","197582.9374"
"20000477","중구","2-소공동-큰-0174","02","소공동","174.00000000","은행나무","22.00000000","25.00000000","7.00000000","체스프라자","60","5.00000000","10.00000000","6.00000000","6","9","3.00000000","1.00000000","Ginkgo biloba L.","2.00000000","36.00000000","공원녹지과","197588.566","197588.5661"
"20000796","중구","2-광희동-큰-0023","02","광희동","23.00000000","호두나무","20.00000000","12.00000000","5.00000000","쌍림어린이공원","50","5.00000000","10.00000000","6.00000000","4","6","3.00000000","1.00000000","Juglans sinensis Dode","2.00000000","31.00000000","공원녹지과","200460.121","200460.1213"
"20000797","중구","2-광희동-큰-0028","02","광희동","28.00000000","호두나무","25.00000000","12.00000000","6.00000000","쌍림어린이공원","50","5.00000000","10.00000000","6.00000000","6","6","3.00000000","1.00000000","Juglans sinensis Dode","2.00000000","33.00000000","공원녹지과","200431.645","200431.6449"
"20000798","중구","2-광희동-큰-0030","02","광희동","30.00000000","은행나무","20.00000000","15.00000000","7.00000000","벽산빌딩","30","5.00000000","10.00000000","6.00000000","6","9","3.00000000","1.00000000","Ginkgo biloba L.","2.00000000","36.00000000","공원녹지과","200427.826","200427.8259"
"20000985","중구","2-광희동-큰-0060","02","광희동","60.00000000","느티나무","50.00000000","12.00000000","8.00000000","국립의료원","60","10.00000000","10.00000000","6.00000000","6","9","2.00000000","1.00000000","Zelkova serrata Makino","2.00000000","41.00000000","공원녹지과","200462.618","200462.6183"
"20000986","중구","2-광희동-큰-0025","02","광희동","25.00000000","호두나무","25.00000000","13.00000000","6.00000000","쌍림어린이공원","50","5.00000000","10.00000000","6.00000000","4","6","3.00000000","1.00000000","Juglans sinensis Dode","2.00000000","31.00000000","공원녹지과","200441.299","200441.2992"
"20000987","중구","2-회현동-큰-0088","02","회현동","88.00000000","느티나무","22.00000000","19.00000000","8.00000000","","50","5.00000000","10.00000000","6.00000000","6","6","3.00000000","1.00000000","Zelkova serrata Makino","2.00000000","33.00000000","공원녹지과","198173.46","198173.4598"
"20000803","중구","2-회현동-큰-0015","02","회현동","15.00000000","아카시아나무","22.00000000","30.00000000","8.00000000","","30","5.00000000","10.00000000","6.00000000","4","9","3.00000000","1.00000000","Robinia pseudacacia L.","2.00000000","34.00000000","공원녹지과","198294.429","198294.4288"
"20000804","중구","2-중림동-큰-0027","02","중림동","27.00000000","은행나무","28.00000000","18.00000000","6.00000000","손기정공원","50","5.00000000","10.00000000","6.00000000","6","6","3.00000000","1.00000000","Ginkgo biloba L.","2.00000000","33.00000000","공원녹지과","197039.235","197039.2348"
"20000806","중구","2-중림동-큰-0030","02","중림동","30.00000000","은행나무","27.00000000","20.00000000","5.00000000","손기정공원","50","5.00000000","10.00000000","6.00000000","6","6","3.00000000","1.00000000","Ginkgo biloba L.","2.00000000","33.00000000","공원녹지과","197030.943","197030.9429"
"20000807","중구","2-중림동-큰-0035","02","중림동","35.00000000","아카시아나무","34.00000000","20.00000000","12.00000000","손기정공원","50","5.00000000","10.00000000","6.00000000","6","6","3.00000000","1.00000000","Robinia pseudacacia L.","2.00000000","33.00000000","공원녹지과","196992.397","196992.3969"
"20000808","중구","2-중림동-큰-0037","02","중림동","37.00000000","은행나무","32.00000000","25.00000000","5.00000000","손기정공원","50","5.00000000","10.00000000","6.00000000","6","6","3.00000000","1.00000000","Ginkgo biloba L.","2.00000000","33.00000000","공원녹지과","196972.924","196972.9239"
"20000809","중구","2-중림동-큰-0041","02","중림동","41.00000000","아카시아나무","30.00000000","23.00000000","10.00000000","손기정공원","50","5.00000000","10.00000000","6.00000000","4","6","3.00000000","1.00000000","Robinia pseudacacia L.","2.00000000","31.00000000","공원녹지과","196959.041","196959.0415"
"20000810","중구","2-신당1동-큰-0049","02","신당1동","49.00000000","은행나무","23.00000000","8.00000000","4.00000000","장충빌딩","30","5.00000000","10.00000000","6.00000000","6","9","3.00000000","1.00000000","Ginkgo biloba L.","2.00000000","36.00000000","공원녹지과","200823.185","200823.1847"
"20000811","중구","2-신당1동-큰-0050","02","신당1동","50.00000000","은행나무","55.00000000","14.00000000","6.00000000","장충빌딩","30","15.00000000","10.00000000","6.00000000","6","9","2.00000000","1.00000000","Ginkgo biloba L.","2.00000000","46.00000000","공원녹지과","200816.614","200816.614"
"20000812","중구","2-장충동-큰-0005","02","장충동","5.00000000","향나무","22.00000000","4.00000000","2.00000000","33-9","30","5.00000000","10.00000000","6.00000000","4","9","3.00000000","1.00000000","Juniperus chinensis L.","2.00000000","34.00000000","공원녹지과","200669.319","200669.3186"
"20000814","중구","2-광희동-큰-0110","02","광희동","110.00000000","벚나무","30.00000000","3.00000000","1.00000000","서울석유","30","5.00000000","10.00000000","6.00000000","4","9","3.00000000","1.00000000","Prunus yedoensis Matsumira.","2.00000000","34.00000000","공원녹지과","200663.597","200663.5968"
"20000815","중구","2-신당1동-큰-0057","02","신당1동","57.00000000","향나무","28.00000000","6.00000000","4.00000000","성동실업여고","60","5.00000000","10.00000000","6.00000000","4","9","3.00000000","1.00000000","Juniperus chinensis L.","2.00000000","34.00000000","공원녹지과","201133.079","201133.0793"
"20000816","중구","2-신당1동-큰-0058","02","신당1동","58.00000000","은행나무","50.00000000","9.00000000","6.00000000","성동실업여고","60","10.00000000","10.00000000","6.00000000","6","9","2.00000000","1.00000000","Ginkgo biloba L.","2.00000000","41.00000000","공원녹지과","201132.889","201132.8894"
"20000817","중구","2-신당1동-큰-0069","02","신당1동","69.00000000","은행나무","22.00000000","6.00000000","5.00000000","태화빌딩","30","5.00000000","10.00000000","6.00000000","6","9","3.00000000","1.00000000","Ginkgo biloba L.","2.00000000","36.00000000","공원녹지과","201235.921","201235.9206"
"20000818","중구","2-신당1동-큰-0071","02","신당1동","71.00000000","대추나무","31.00000000","7.00000000","4.00000000","247-5","30","5.00000000","10.00000000","6.00000000","4","9","3.00000000","1.00000000","Zizyphus jujuba var.","2.00000000","34.00000000","공원녹지과","201252.55","201252.5504"
"20000819","중구","2-신당1동-큰-0088","02","신당1동","88.00000000","양버즘나무","50.00000000","10.00000000","8.00000000","한양공고","60","10.00000000","10.00000000","6.00000000","2","9","3.00000000","1.00000000","Platanus occidentalis L.","2.00000000","37.00000000","공원녹지과","200988.482","200988.4816"
"20000822","중구","2-신당5동-큰-0009","02","신당5동","9.00000000","느티나무","23.00000000","7.00000000","7.00000000","52-236","10","5.00000000","10.00000000","6.00000000","6","9","3.00000000","1.00000000","Zelkova serrata Makino","2.00000000","36.00000000","공원녹지과","201636.007","201636.0066"
"20000823","중구","2-신당6동-큰-0017","02","신당6동","17.00000000","향나무","20.00000000","6.00000000","3.00000000","청구초교","60","5.00000000","10.00000000","6.00000000","4","9","3.00000000","1.00000000","Juniperus chinensis L.","2.00000000","34.00000000","공원녹지과","201199.738","201199.7376"
"20000133","중구","2-신당1동-큰-0097","02","신당1동","97.00000000","양버즘나무","40.00000000","8.00000000","6.00000000","한양공고","60","5.00000000","10.00000000","6.00000000","6","9","3.00000000","1.00000000","Platanus occidentalis L.","2.00000000","36.00000000","공원녹지과","200964.158","200964.1577"
"20000134","중구","2-신당1동-큰-0098","02","신당1동","98.00000000","양버즘나무","32.00000000","6.00000000","4.00000000","한양공고","60","5.00000000","10.00000000","6.00000000","6","9","3.00000000","1.00000000","Platanus occidentalis L.","2.00000000","36.00000000","공원녹지과","200984.64","200984.6402"
"20000135","중구","2-광희동-큰-0087","02","광희동","87.00000000","은행나무","52.00000000","7.00000000","2.00000000","국립간호대학","60","15.00000000","10.00000000","6.00000000","6","9","2.00000000","1.00000000","Ginkgo biloba L.","2.00000000","46.00000000","공원녹지과","200587.102","200587.102"
"20000136","중구","2-신당1동-큰-0017","02","신당1동","17.00000000","회화나무","21.00000000","8.00000000","5.00000000","광희초등학교","60","5.00000000","10.00000000","6.00000000","6","9","3.00000000","1.00000000","Sophora japonica L.","2.00000000","36.00000000","공원녹지과","201373.639","201373.6391"
"20000137","중구","2-신당1동-큰-0039","02","신당1동","39.00000000","은행나무","27.00000000","8.00000000","3.00000000","성동기계공고","60","5.00000000","10.00000000","6.00000000","6","9","3.00000000","1.00000000","Ginkgo biloba L.","2.00000000","36.00000000","공원녹지과","201492.635","201492.6352"
"20000138","중구","2-을지로3,4,5동-큰-0033","02","을지로3,4,5동","33.00000000","느티나무","55.00000000","12.00000000","7.00000000","쌍용빌딩","30","15.00000000","10.00000000","6.00000000","6","9","2.00000000","1.00000000","Zelkova serrata Makino","2.00000000","46.00000000","공원녹지과","199175.268","199175.2683"
"20000139","중구","2-명동-큰-0007","02","명동","7.00000000","느티나무","20.00000000","7.00000000","4.00000000","계성여고","60","5.00000000","10.00000000","6.00000000","6","9","3.00000000","1.00000000","Zelkova serrata Makino","2.00000000","36.00000000","공원녹지과","198807.551","198807.5508"
"20000140","중구","2-명동-큰-0017","02","명동","17.00000000","느티나무","50.00000000","13.00000000","9.00000000","계성여고","60","10.00000000","10.00000000","6.00000000","6","9","2.00000000","1.00000000","Zelkova serrata Makino","2.00000000","41.00000000","공원녹지과","198879.974","198879.9738"
"20000141","중구","2-명동-큰-0041","02","명동","41.00000000","소나무","25.00000000","5.00000000","4.00000000","계성초등학교","60","5.00000000","10.00000000","6.00000000","6","9","3.00000000","1.00000000","Pinus densiflora S et Z.","2.00000000","36.00000000","공원녹지과","198947.452","198947.452"
"20000142","중구","2-장충동-큰-0223","02","장충동","223.00000000","느티나무","28.00000000","5.00000000","6.00000000","장충공원","50","5.00000000","10.00000000","6.00000000","6","6","3.00000000","1.00000000","Zelkova serrata Makino","2.00000000","33.00000000","공원녹지과","200325.241","200325.2412"
"20000144","중구","2-장충동-큰-0156","02","장충동","156.00000000","느릅나무","33.00000000","11.00000000","7.00000000","동국대학교","60","5.00000000","10.00000000","6.00000000","4","9","3.00000000","1.00000000","Ulmus davidiana var","2.00000000","34.00000000","공원녹지과","200145.67","200145.6702"
"20000118","중구","2-장충동-큰-0230","02","장충동","230.00000000","꽃개오동","52.00000000","8.00000000","6.00000000","충무초등학교","60","15.00000000","10.00000000","6.00000000","4","9","2.00000000","1.00000000","Catapa bignonioides Water","2.00000000","44.00000000","공원녹지과","200131.534","200131.5339"
"20000145","중구","2-장충동-큰-0166","02","장충동","166.00000000","단풍나무","26.00000000","6.00000000","5.00000000","동국대학교","60","5.00000000","10.00000000","6.00000000","6","9","3.00000000","1.00000000","Acer palmatum Thunb.","2.00000000","36.00000000","공원녹지과","200226.545","200226.545"
"20000146","중구","2-회현동-큰-0029","02","회현동","29.00000000","","0E-8","0E-8","0E-8","","0","5.00000000","10.00000000","6.00000000","6","9","3.00000000","1.00000000","","2.00000000","36.00000000","공원녹지과","198306.292","198306.2924"
"20000147","중구","2-장충동-큰-0211","02","장충동","211.00000000","양버즘나무","52.00000000","10.00000000","6.00000000","장충공원","50","15.00000000","10.00000000","6.00000000","2","6","3.00000000","1.00000000","Platanus occidentalis L.","2.00000000","39.00000000","공원녹지과","200362.558","200362.5579"
"20000148","중구","2-중림동-큰-0112","02","중림동","112.00000000","측백나무","23.00000000","19.00000000","6.00000000","봉래초등학교","60","5.00000000","10.00000000","6.00000000","6","9","3.00000000","1.00000000","Thuja orientalis L.","2.00000000","36.00000000","공원녹지과","196849.88","196849.8798"
"20000149","중구","2-신당6동-큰-0022","02","신당6동","22.00000000","칠엽수","28.00000000","9.00000000","6.00000000","청구초교","60","5.00000000","10.00000000","6.00000000","4","9","3.00000000","1.00000000","Aesculus turbinata BI","2.00000000","34.00000000","공원녹지과","201255.46","201255.4599"
"20000151","중구","2-신당4동-큰-0004","02","신당4동","4.00000000","느릅나무","58.00000000","12.00000000","8.00000000","청구초교","60","15.00000000","10.00000000","6.00000000","4","9","2.00000000","1.00000000","Ulmus davidiana var","2.00000000","44.00000000","공원녹지과","201307.831","201307.831"
"20000152","중구","2-신당4동-큰-0006","02","신당4동","6.00000000","은행나무","60.00000000","15.00000000","6.00000000","청구초교","60","15.00000000","10.00000000","6.00000000","6","9","2.00000000","1.00000000","Ginkgo biloba L.","2.00000000","46.00000000","공원녹지과","201302.534","201302.5337"
"20000153","중구","2-장충동-큰-0322","02","장충동","322.00000000","소나무","22.00000000","6.00000000","3.00000000","신라호텔영빈관","30","5.00000000","10.00000000","6.00000000","6","9","3.00000000","1.00000000","Pinus densiflora S et Z.","2.00000000","36.00000000","공원녹지과","200556.164","200556.1638"
"20000154","중구","2-신당2동-큰-0005","02","신당2동","5.00000000","은행나무","20.00000000","7.00000000","5.00000000","장충중고교","60","5.00000000","10.00000000","6.00000000","6","9","3.00000000","1.00000000","Ginkgo biloba L.","2.00000000","36.00000000","공원녹지과","200574.95","200574.9496"
"20000155","중구","2-신당2동-큰-0011","02","신당2동","11.00000000","은행나무","45.00000000","12.00000000","7.00000000","창진학원","30","10.00000000","10.00000000","6.00000000","6","9","2.00000000","1.00000000","Ginkgo biloba L.","2.00000000","41.00000000","공원녹지과","200716.75","200716.7499"
"20000156","중구","2-신당6동-큰-0048","02","신당6동","48.00000000","양버즘나무","30.00000000","5.00000000","2.00000000","신당6동마을회관","60","5.00000000","10.00000000","6.00000000","6","9","3.00000000","1.00000000","Platanus occidentalis L.","2.00000000","36.00000000","공원녹지과","201808.134","201808.1345"
"20000478","중구","2-소공동-큰-0175","02","소공동","175.00000000","양버즘나무","29.00000000","25.00000000","11.00000000","체스프라자","60","5.00000000","10.00000000","6.00000000","2","9","3.00000000","1.00000000","Platanus occidentalis L.","2.00000000","32.00000000","공원녹지과","197584.756","197584.7564"
"20000479","중구","2-소공동-큰-0188","02","소공동","188.00000000","자작나무","60.00000000","38.00000000","9.00000000","체스프라자","60","15.00000000","10.00000000","6.00000000","4","9","2.00000000","1.00000000","Betula platyphylla var.","2.00000000","44.00000000","공원녹지과","197490.378","197490.3777"
"20000480","중구","2-소공동-큰-0024","02","소공동","24.00000000","느티나무","29.00000000","22.00000000","15.00000000","덕수궁","60","5.00000000","10.00000000","6.00000000","6","9","3.00000000","1.00000000","Zelkova serrata Makino","2.00000000","36.00000000","공원녹지과","197716.591","197716.5914"
"20000481","중구","2-소공동-큰-0025","02","소공동","25.00000000","느티나무","34.00000000","26.00000000","14.00000000","덕수궁","60","5.00000000","10.00000000","6.00000000","6","9","3.00000000","1.00000000","Zelkova serrata Makino","2.00000000","36.00000000","공원녹지과","197716.6","197716.6003"
"20000484","중구","2-소공동-큰-0225","02","소공동","225.00000000","느티나무","32.00000000","18.00000000","11.00000000","덕수궁","50","5.00000000","10.00000000","6.00000000","6","6","3.00000000","1.00000000","Zelkova serrata Makino","2.00000000","33.00000000","공원녹지과","197886.318","197886.318"
"20000670","중구","2-신당1동-큰-0001","02","신당1동","1.00000000","단풍나무","24.00000000","7.00000000","5.00000000","서울제1기동대","60","5.00000000","10.00000000","6.00000000","6","9","3.00000000","1.00000000","Acer palmatum Thunb.","2.00000000","36.00000000","공원녹지과","201332.118","201332.1182"
"20000671","중구","2-신당1동-큰-0008","02","신당1동","8.00000000","은행나무","22.00000000","9.00000000","5.00000000","서울제1기동대","60","5.00000000","10.00000000","6.00000000","6","9","3.00000000","1.00000000","Ginkgo biloba L.","2.00000000","36.00000000","공원녹지과","201366.525","201366.5251"
"20000672","중구","2-신당5동-큰-0043","02","신당5동","43.00000000","회화나무","30.00000000","8.00000000","4.00000000","성동고교","60","5.00000000","10.00000000","6.00000000","6","9","3.00000000","1.00000000","Sophora japonica L.","2.00000000","36.00000000","공원녹지과","202015.248","202015.2485"
"20000673","중구","2-소공동-큰-0167","02","소공동","167.00000000","아카시아나무","32.00000000","27.00000000","10.00000000","시립미술관","60","5.00000000","10.00000000","6.00000000","4","9","3.00000000","1.00000000","Robinia pseudacacia L.","2.00000000","34.00000000","공원녹지과","197575.531","197575.5312"
"20000676","중구","2-신당5동-큰-0020","02","신당5동","20.00000000","양버즘나무","32.00000000","8.00000000","5.00000000","성동고교","60","5.00000000","10.00000000","6.00000000","6","9","3.00000000","1.00000000","Platanus occidentalis L.","2.00000000","36.00000000","공원녹지과","202051.205","202051.205"
"20000677","중구","2-신당1동-큰-0096","02","신당1동","96.00000000","은행나무","30.00000000","8.00000000","3.00000000","한양공고","60","5.00000000","10.00000000","6.00000000","6","9","3.00000000","1.00000000","Ginkgo biloba L.","2.00000000","36.00000000","공원녹지과","200959.519","200959.5188"
"20000678","중구","2-신당1동-큰-0087","02","신당1동","87.00000000","은행나무","32.00000000","10.00000000","6.00000000","동대문운동장체육공원부지","60","5.00000000","10.00000000","6.00000000","6","9","3.00000000","1.00000000","Ginkgo biloba L.","2.00000000","36.00000000","공원녹지과","201069.707","201069.7075"
"20000679","중구","2-장충동-큰-0161","02","장충동","161.00000000","은행나무","24.00000000","9.00000000","2.00000000","동국대학교","60","5.00000000","10.00000000","6.00000000","6","9","3.00000000","1.00000000","Ginkgo biloba L.","2.00000000","36.00000000","공원녹지과","200197.708","200197.708"
"20000680","중구","2-회현동-큰-0023","02","회현동","23.00000000","아카시아나무","32.00000000","30.00000000","12.00000000","일신교회","60","5.00000000","10.00000000","6.00000000","4","9","3.00000000","1.00000000","Robinia pseudacacia L.","2.00000000","34.00000000","공원녹지과","198134.795","198134.7955"
"20000681","중구","2-신당4동-큰-0003","02","신당4동","3.00000000","느릅나무","55.00000000","12.00000000","7.00000000","청구초교","60","15.00000000","10.00000000","6.00000000","4","9","2.00000000","1.00000000","Ulmus davidiana var","2.00000000","44.00000000","공원녹지과","201300.306","201300.3064"
"20000682","중구","2-신당6동-큰-0036","02","신당6동","36.00000000","측백나무","30.00000000","8.00000000","4.00000000","","10","5.00000000","10.00000000","6.00000000","6","9","3.00000000","1.00000000","Thuja orientalis L.","2.00000000","36.00000000","공원녹지과","201429.758","201429.7578"
"20000684","중구","2-신당2동-큰-0058","02","신당2동","58.00000000","은행나무","42.00000000","10.00000000","4.00000000","732-743","10","10.00000000","10.00000000","6.00000000","6","9","2.00000000","1.00000000","Ginkgo biloba L.","2.00000000","41.00000000","공원녹지과","200587.073","200587.0735"
"20000650","중구","2-장충동-큰-0336","02","장충동","336.00000000","은행나무","20.00000000","4.00000000","4.00000000","국립극장","60","5.00000000","10.00000000","6.00000000","6","9","3.00000000","1.00000000","Ginkgo biloba L.","2.00000000","36.00000000","공원녹지과","199989.281","199989.2811"
"20000663","중구","2-충무로4,5동-큰-0006","02","충무로4,5동","6.00000000","은행나무","20.00000000","10.00000000","3.00000000","중구청","60","5.00000000","10.00000000","6.00000000","6","9","3.00000000","1.00000000","Ginkgo biloba L.","2.00000000","36.00000000","공원녹지과","199760.442","199760.4423"
"20000675","중구","2-소공동-큰-0187","02","소공동","187.00000000","자작나무","79.00000000","62.00000000","20.00000000","체스프라자","60","15.00000000","10.00000000","6.00000000","4","9","2.00000000","1.00000000","Betula platyphylla var.","2.00000000","44.00000000","공원녹지과","197494.866","197494.8659"
"20000685","중구","2-신당3동-큰-0024","02","신당3동","24.00000000","향나무","20.00000000","2.00000000","1.00000000","남산타원","20","5.00000000","10.00000000","6.00000000","4","9","3.00000000","1.00000000","Juniperus chinensis L.","2.00000000","34.00000000","공원녹지과","201039.495","201039.4946"
"20000686","중구","2-장충동-큰-0346","02","장충동","346.00000000","아카시아나무","32.00000000","8.00000000","4.00000000","타워호텔","30","5.00000000","10.00000000","6.00000000","4","9","3.00000000","1.00000000","Robinia pseudacacia L.","2.00000000","34.00000000","공원녹지과","200188.009","200188.009"
"20000687","중구","2-명동-큰-0138","02","명동","138.00000000","아카시아나무","37.00000000","28.00000000","10.00000000","","60","5.00000000","10.00000000","6.00000000","4","9","3.00000000","1.00000000","Robinia pseudacacia L.","2.00000000","34.00000000","공원녹지과","199378.777","199378.777"
"20000824","중구","2-신당6동-큰-0019","02","신당6동","19.00000000","느티나무","40.00000000","7.00000000","7.00000000","청구초교","60","5.00000000","10.00000000","6.00000000","6","9","3.00000000","1.00000000","Zelkova serrata Makino","2.00000000","36.00000000","공원녹지과","201214.727","201214.7271"
"20000825","중구","2-신당6동-큰-0020","02","신당6동","20.00000000","측백나무","24.00000000","7.00000000","3.00000000","청구초교","60","5.00000000","10.00000000","6.00000000","6","9","3.00000000","1.00000000","Thuja orientalis L.","2.00000000","36.00000000","공원녹지과","201228.845","201228.8454"
"20000826","중구","2-회현동-큰-0186","02","회현동","186.00000000","은행나무","23.00000000","7.00000000","6.00000000","연세빌딩","70","5.00000000","10.00000000","6.00000000","6","9","3.00000000","2.00000000","Ginkgo biloba L.","0E-8","0E-8","공원녹지과","197681.547","197681.5465"
"20001045","중구","2-신당5동-큰-0045","02","신당5동","45.00000000","느릅나무","37.00000000","10.00000000","5.00000000","성동고교","60","5.00000000","10.00000000","6.00000000","4","9","3.00000000","1.00000000","Ulmus davidiana var","2.00000000","34.00000000","공원녹지과","202029.553","202029.5526"
"20001047","중구","2-태평로1가동-큰-0108","02","태평로1가동","108.00000000","소나무","20.00000000","3.00000000","4.00000000","장교동 쁘렝땅백화점","30","5.00000000","10.00000000","6.00000000","6","9","3.00000000","1.00000000","Pinus densiflora S et Z.","2.00000000","36.00000000","공원녹지과","198816.593","198816.593"
"20001048","중구","2-태평로1가동-큰-0052","02","태평로1가동","52.00000000","느티나무","41.00000000","23.00000000","8.00000000","시청","60","10.00000000","10.00000000","6.00000000","6","9","2.00000000","1.00000000","Zelkova serrata Makino","2.00000000","41.00000000","공원녹지과","198115.372","198115.3722"
"20001174","중구","2-신당1동-큰-0034","02","신당1동","34.00000000","느티나무","21.00000000","4.00000000","4.00000000","무궁화회관","30","5.00000000","10.00000000","6.00000000","6","9","3.00000000","1.00000000","Zelkova serrata Makino","2.00000000","36.00000000","공원녹지과","201388.557","201388.5574"
"20001175","중구","2-광희동-큰-0097","02","광희동","97.00000000","호두나무","25.00000000","7.00000000","7.00000000","국립간호대학","60","5.00000000","10.00000000","6.00000000","4","9","3.00000000","1.00000000","Juglans sinensis Dode","2.00000000","34.00000000","공원녹지과","200618.099","200618.0985"
"20001176","중구","2-신당3동-큰-0046","02","신당3동","46.00000000","소나무","23.00000000","5.00000000","2.00000000","남산타운","20","5.00000000","10.00000000","6.00000000","6","9","3.00000000","1.00000000","Pinus densiflora S et Z.","2.00000000","36.00000000","공원녹지과","200695.193","200695.1928"
"20001177","중구","2-필동-큰-0056","02","필동","56.00000000","은행나무","22.00000000","18.00000000","6.00000000","","10","5.00000000","10.00000000","6.00000000","6","9","3.00000000","1.00000000","Ginkgo biloba L.","2.00000000","36.00000000","공원녹지과","199754.714","199754.7141"
"20001178","중구","2-중림동-큰-0071","02","중림동","71.00000000","아카시아나무","40.00000000","28.00000000","16.00000000","손기정공원","50","5.00000000","10.00000000","6.00000000","4","6","3.00000000","1.00000000","Robinia pseudacacia L.","2.00000000","31.00000000","공원녹지과","196868.811","196868.8105"
"20001179","중구","2-회현동-큰-0189","02","회현동","189.00000000","은행나무","20.00000000","6.00000000","5.00000000","연세빌딩","70","5.00000000","10.00000000","6.00000000","6","9","3.00000000","2.00000000","Ginkgo biloba L.","0E-8","0E-8","공원녹지과","197679.175","197679.1746"
"20001180","중구","2-소공동-큰-0208","02","소공동","208.00000000","회화나무","50.00000000","27.00000000","14.00000000","덕수궁","50","10.00000000","10.00000000","6.00000000","6","6","3.00000000","1.00000000","Sophora japonica L.","2.00000000","38.00000000","공원녹지과","197759.656","197759.6564"
"20001162","중구","2-소공동-큰-0154","02","소공동","154.00000000","은행나무","35.00000000","39.00000000","12.00000000","삼도빌딩","30","5.00000000","10.00000000","6.00000000","6","9","3.00000000","1.00000000","Ginkgo biloba L.","2.00000000","36.00000000","공원녹지과","197339.752","197339.7524"
"20001181","중구","2-태평로1가동-큰-0129","02","태평로1가동","129.00000000","잣나무","20.00000000","6.00000000","3.00000000","장교동 중소기업은행","30","5.00000000","10.00000000","6.00000000","4","9","3.00000000","1.00000000","Pinus koraiensis S. et Z.","2.00000000","34.00000000","공원녹지과","198847.774","198847.7739"
"20001182","중구","2-광희동-큰-0088","02","광희동","88.00000000","은행나무","52.00000000","7.00000000","2.00000000","국립간호대학","60","15.00000000","10.00000000","6.00000000","6","9","2.00000000","1.00000000","Ginkgo biloba L.","2.00000000","46.00000000","공원녹지과","200592.315","200592.3154"
"20001183","중구","2-신당5동-큰-0015","02","신당5동","15.00000000","양버즘나무","43.00000000","7.00000000","3.00000000","성동고교","60","10.00000000","10.00000000","6.00000000","2","9","3.00000000","1.00000000","Platanus occidentalis L.","2.00000000","37.00000000","공원녹지과","201990.123","201990.1226"
"20001184","중구","2-신당5동-큰-0030","02","신당5동","30.00000000","양버즘나무","42.00000000","9.00000000","5.00000000","성동고교","60","10.00000000","10.00000000","6.00000000","2","9","3.00000000","1.00000000","Platanus occidentalis L.","2.00000000","37.00000000","공원녹지과","202101.094","202101.0936"
"20001185","중구","2-소공동-큰-0155","02","소공동","155.00000000","은행나무","55.00000000","42.00000000","15.00000000","삼도빌딩","30","15.00000000","10.00000000","6.00000000","6","9","2.00000000","1.00000000","Ginkgo biloba L.","2.00000000","46.00000000","공원녹지과","197377.647","197377.6467"
"20001186","중구","2-소공동-큰-0278","02","소공동","278.00000000","느티나무","40.00000000","25.00000000","11.00000000","중앙일보","30","5.00000000","10.00000000","6.00000000","6","9","3.00000000","1.00000000","Zelkova serrata Makino","2.00000000","36.00000000","공원녹지과","197364.454","197364.4537"
"20001188","중구","2-장충동-큰-0225","02","장충동","225.00000000","은행나무","70.00000000","13.00000000","7.00000000","장충공원","50","15.00000000","10.00000000","6.00000000","6","6","2.00000000","1.00000000","Ginkgo biloba L.","2.00000000","43.00000000","공원녹지과","200346.212","200346.2121"
"20001189","중구","2-회현동-큰-0207","02","회현동","207.00000000","은행나무","21.00000000","7.00000000","6.00000000","연세빌딩","70","5.00000000","10.00000000","6.00000000","6","9","3.00000000","2.00000000","Ginkgo biloba L.","0E-8","0E-8","공원녹지과","197661.18","197661.1796"
"20001190","중구","2-황학동-큰-0004","02","황학동","4.00000000","느티나무","23.00000000","7.00000000","6.00000000","황학어린이공원","60","5.00000000","10.00000000","6.00000000","6","9","3.00000000","1.00000000","Zelkova serrata Makino","2.00000000","36.00000000","공원녹지과","201613.908","201613.9082"
"20000157","중구","2-장충동-큰-0310","02","장충동","310.00000000","은행나무","26.00000000","8.00000000","5.00000000","서울클럽","60","5.00000000","10.00000000","6.00000000","6","9","3.00000000","1.00000000","Ginkgo biloba L.","2.00000000","36.00000000","공원녹지과","200231.991","200231.991"
"20000159","중구","2-회현동-큰-0159","02","회현동","159.00000000","은행나무","23.00000000","7.00000000","5.00000000","연세빌딩","70","5.00000000","10.00000000","6.00000000","6","9","3.00000000","2.00000000","Ginkgo biloba L.","0E-8","0E-8","공원녹지과","197710.164","197710.1644"
"20000160","중구","2-회현동-큰-0169","02","회현동","169.00000000","은행나무","21.00000000","7.00000000","6.00000000","연세빌딩","70","5.00000000","10.00000000","6.00000000","6","9","3.00000000","2.00000000","Ginkgo biloba L.","0E-8","0E-8","공원녹지과","197704.182","197704.1816"
"20000161","중구","2-회현동-큰-0141","02","회현동","141.00000000","백합나무","32.00000000","18.00000000","9.00000000","연세빌딩","70","10.00000000","10.00000000","6.00000000","2","9","3.00000000","1.00000000","Liriodendron tulipifera L.","0E-8","0E-8","공원녹지과","197743.689","197743.6888"
"20000162","중구","2-회현동-큰-0151","02","회현동","151.00000000","백합나무","35.00000000","9.00000000","8.00000000","연세빌딩","70","10.00000000","10.00000000","6.00000000","2","9","3.00000000","1.00000000","Liriodendron tulipifera L.","0E-8","0E-8","공원녹지과","197720.406","197720.4056"
"20000163","중구","2-신당2동-큰-0032","02","신당2동","32.00000000","느티나무","24.00000000","8.00000000","9.00000000","미래빌딩","30","5.00000000","10.00000000","6.00000000","6","9","3.00000000","1.00000000","Zelkova serrata Makino","2.00000000","36.00000000","공원녹지과","200780.878","200780.8779"
"20000164","중구","2-신당4동-큰-0048","02","신당4동","48.00000000","은행나무","52.00000000","17.00000000","10.00000000","333-699","10","15.00000000","10.00000000","6.00000000","6","9","2.00000000","1.00000000","Ginkgo biloba L.","2.00000000","46.00000000","공원녹지과","201316.745","201316.7448"
"20000165","중구","2-신당3동-큰-0002","02","신당3동","2.00000000","향나무","20.00000000","7.00000000","2.00000000","333-9","10","5.00000000","10.00000000","6.00000000","4","9","3.00000000","1.00000000","Juniperus chinensis L.","2.00000000","34.00000000","공원녹지과","201049.199","201049.1988"
"20000166","중구","2-장충동-큰-0237","02","장충동","237.00000000","자작나무","33.00000000","8.00000000","4.00000000","충무초등학교","60","5.00000000","10.00000000","6.00000000","4","9","3.00000000","1.00000000","Betula platyphylla var.","2.00000000","34.00000000","공원녹지과","200209.597","200209.5969"
"20000167","중구","2-장충동-큰-0241","02","장충동","241.00000000","자작나무","36.00000000","8.00000000","5.00000000","충무초등학교","60","5.00000000","10.00000000","6.00000000","4","9","3.00000000","1.00000000","Betula platyphylla var.","2.00000000","34.00000000","공원녹지과","200206.155","200206.1547"
"20000168","중구","2-장충동-큰-0278","02","장충동","278.00000000","아카시아나무","23.00000000","8.00000000","5.00000000","파라다이스㈜","30","5.00000000","10.00000000","6.00000000","6","9","3.00000000","1.00000000","Robinia pseudacacia L.","2.00000000","36.00000000","공원녹지과","200393.68","200393.6796"
"20000170","중구","2-필동-큰-0076","02","필동","76.00000000","은행나무","28.00000000","25.00000000","10.00000000","","60","5.00000000","10.00000000","6.00000000","6","9","3.00000000","1.00000000","Ginkgo biloba L.","2.00000000","36.00000000","공원녹지과","199462.692","199462.6919"
"20000171","중구","2-필동-큰-0078","02","필동","78.00000000","은행나무","30.00000000","22.00000000","9.00000000","","60","5.00000000","10.00000000","6.00000000","6","9","3.00000000","1.00000000","Ginkgo biloba L.","2.00000000","36.00000000","공원녹지과","199464.887","199464.8873"
"20000172","중구","2-필동-큰-0082","02","필동","82.00000000","측백나무","25.00000000","16.00000000","4.00000000","","60","5.00000000","10.00000000","6.00000000","6","9","3.00000000","1.00000000","Thuja orientalis L.","2.00000000","36.00000000","공원녹지과","199525.354","199525.3541"
"20000173","중구","2-필동-큰-0083","02","필동","83.00000000","소나무","22.00000000","12.00000000","6.00000000","","60","5.00000000","10.00000000","6.00000000","6","9","3.00000000","1.00000000","Pinus densiflora S et Z.","2.00000000","36.00000000","공원녹지과","199531.62","199531.6199"
"20000174","중구","2-필동-큰-0092","02","필동","92.00000000","아카시아나무","27.00000000","21.00000000","6.00000000","","60","5.00000000","10.00000000","6.00000000","4","9","3.00000000","1.00000000","Robinia pseudacacia L.","2.00000000","34.00000000","공원녹지과","199596.825","199596.8253"
"20000175","중구","2-장충동-큰-0113","02","장충동","113.00000000","은행나무","35.00000000","16.00000000","9.00000000","국립극장","60","5.00000000","10.00000000","6.00000000","6","9","3.00000000","1.00000000","Ginkgo biloba L.","2.00000000","36.00000000","공원녹지과","199990.334","199990.3343"
"20000177","중구","2-장충동-큰-0131","02","장충동","131.00000000","느티나무","26.00000000","7.00000000","7.00000000","동국대학교","60","5.00000000","10.00000000","6.00000000","6","9","3.00000000","1.00000000","Zelkova serrata Makino","2.00000000","36.00000000","공원녹지과","200184.202","200184.2019"
"20000178","중구","2-남대문로5가동-큰-0053","02","남대문로5가동","53.00000000","양버즘나무","23.00000000","16.00000000","6.00000000","남대문교회","50","5.00000000","10.00000000","6.00000000","2","6","4.00000000","1.00000000","Platanus occidentalis L.","2.00000000","29.00000000","공원녹지과","198138.533","198138.5332"
"20000179","중구","2-명동-큰-0096","02","명동","96.00000000","은행나무","37.00000000","23.00000000","6.00000000","숭의여대별관","60","5.00000000","10.00000000","6.00000000","6","9","3.00000000","1.00000000","Ginkgo biloba L.","2.00000000","36.00000000","공원녹지과","199028.328","199028.3283"
"20000180","중구","2-회현동-큰-0098","02","회현동","98.00000000","양버즘나무","23.00000000","23.00000000","9.00000000","","50","5.00000000","10.00000000","6.00000000","2","6","4.00000000","1.00000000","Platanus occidentalis L.","2.00000000","29.00000000","공원녹지과","198144.886","198144.8865"
"20000181","중구","2-명동-큰-0064","02","명동","64.00000000","아카시아나무","36.00000000","28.00000000","10.00000000","한국은행부지","30","5.00000000","10.00000000","6.00000000","4","9","3.00000000","1.00000000","Robinia pseudacacia L.","2.00000000","34.00000000","공원녹지과","198763.675","198763.6746"
"20000183","중구","2-회현동-큰-0057","02","회현동","57.00000000","양버즘나무","20.00000000","17.00000000","7.00000000","","50","5.00000000","10.00000000","6.00000000","2","6","4.00000000","1.00000000","Platanus occidentalis L.","2.00000000","29.00000000","공원녹지과","198176.359","198176.3594"
"20000689","중구","2-명동-큰-0081","02","명동","81.00000000","가중나무","38.00000000","28.00000000","10.00000000","숭의여대별관","60","5.00000000","10.00000000","6.00000000","4","9","3.00000000","1.00000000","Ailanthus altissima Swingle.","2.00000000","34.00000000","공원녹지과","198811.883","198811.8828"
"20000690","중구","2-명동-큰-0050","02","명동","50.00000000","가래나무","32.00000000","25.00000000","10.00000000","한국은행부지","30","5.00000000","10.00000000","6.00000000","4","9","3.00000000","1.00000000","Juglans mandshurica.","2.00000000","34.00000000","공원녹지과","198640.892","198640.8924"
"20000691","중구","2-신당6동-큰-0061","02","신당6동","61.00000000","단풍나무","21.00000000","4.00000000","2.00000000","금호여중","60","5.00000000","10.00000000","6.00000000","4","9","3.00000000","1.00000000","Acer palmatum Thunb.","2.00000000","34.00000000","공원녹지과","201756.627","201756.6265"
"20000692","중구","2-장충동-큰-0012","02","장충동","12.00000000","아카시아나무","48.00000000","32.00000000","14.00000000","동국대학교","60","10.00000000","10.00000000","6.00000000","4","9","3.00000000","1.00000000","Robinia pseudacacia L.","2.00000000","39.00000000","공원녹지과","199952.217","199952.2174"
"20000693","중구","2-소공동-큰-0190","02","소공동","190.00000000","회화나무","77.00000000","49.00000000","30.00000000","체스프라자","60","15.00000000","10.00000000","6.00000000","6","9","2.00000000","1.00000000","Sophora japonica L.","2.00000000","46.00000000","공원녹지과","197593.11","197593.1105"
"20000879","중구","2-신당3동-큰-0011","02","신당3동","11.00000000","소나무","20.00000000","2.00000000","1.00000000","남산타원","20","5.00000000","10.00000000","6.00000000","6","9","3.00000000","1.00000000","Pinus densiflora S et Z.","2.00000000","36.00000000","공원녹지과","200650.047","200650.0471"
"20000880","중구","2-남대문로5가동-큰-0061","02","남대문로5가동","61.00000000","느티나무","28.00000000","18.00000000","8.00000000","남대문교회","50","5.00000000","10.00000000","6.00000000","6","6","3.00000000","1.00000000","Zelkova serrata Makino","2.00000000","33.00000000","공원녹지과","198167.693","198167.693"
"20000881","중구","2-명동-큰-0093","02","명동","93.00000000","은행나무","41.00000000","25.00000000","8.00000000","숭의여대별관","60","10.00000000","10.00000000","6.00000000","6","9","2.00000000","1.00000000","Ginkgo biloba L.","2.00000000","41.00000000","공원녹지과","199008.557","199008.557"
"20000882","중구","2-회현동-큰-0090","02","회현동","90.00000000","느티나무","27.00000000","18.00000000","10.00000000","","50","5.00000000","10.00000000","6.00000000","6","6","3.00000000","1.00000000","Zelkova serrata Makino","2.00000000","33.00000000","공원녹지과","198151.645","198151.645"
"20000883","중구","2-회현동-큰-0101","02","회현동","101.00000000","느티나무","21.00000000","15.00000000","8.00000000","","50","5.00000000","10.00000000","6.00000000","6","6","3.00000000","1.00000000","Zelkova serrata Makino","2.00000000","33.00000000","공원녹지과","198171.522","198171.5216"
"20000885","중구","2-명동-큰-0058","02","명동","58.00000000","은행나무","43.00000000","28.00000000","12.00000000","한국은행부지","30","10.00000000","10.00000000","6.00000000","4","9","3.00000000","1.00000000","Ginkgo biloba L.","2.00000000","39.00000000","공원녹지과","198708.81","198708.8096"
"20000886","중구","2-회현동-큰-0142","02","회현동","142.00000000","백합나무","35.00000000","10.00000000","9.00000000","연세빌딩","70","10.00000000","10.00000000","6.00000000","2","9","3.00000000","1.00000000","Liriodendron tulipifera L.","0E-8","0E-8","공원녹지과","197740.996","197740.9958"
"20000887","중구","2-회현동-큰-0149","02","회현동","149.00000000","백합나무","40.00000000","9.00000000","8.00000000","연세빌딩","70","10.00000000","10.00000000","6.00000000","2","9","3.00000000","1.00000000","Liriodendron tulipifera L.","0E-8","0E-8","공원녹지과","197715.774","197715.7739"
"20000888","중구","2-신당2동-큰-0042","02","신당2동","42.00000000","단풍나무","22.00000000","9.00000000","5.00000000","","10","5.00000000","10.00000000","6.00000000","4","9","3.00000000","1.00000000","Acer palmatum Thunb.","2.00000000","34.00000000","공원녹지과","200697.379","200697.3792"
"20000889","중구","2-신당4동-큰-0052","02","신당4동","52.00000000","단풍나무","20.00000000","4.00000000","2.00000000","333-31","10","5.00000000","10.00000000","6.00000000","4","9","3.00000000","1.00000000","Acer palmatum Thunb.","2.00000000","34.00000000","공원녹지과","201305.764","201305.7644"
"20000890","중구","2-신당4동-큰-0063","02","신당4동","63.00000000","백일홍","20.00000000","3.00000000","2.00000000","340-35","10","5.00000000","10.00000000","6.00000000","4","9","3.00000000","1.00000000","Albizzia julibrissin Duraz.","2.00000000","34.00000000","공원녹지과","201139.153","201139.1532"
"20000891","중구","2-회현동-큰-0215","02","회현동","215.00000000","백합나무","38.00000000","26.00000000","14.00000000","연세빌딩","70","10.00000000","10.00000000","6.00000000","2","9","3.00000000","2.00000000","Liriodendron tulipifera L.","0E-8","0E-8","공원녹지과","197643.527","197643.5267"
"20000893","중구","2-필동-큰-0053","02","필동","53.00000000","은행나무","30.00000000","17.00000000","7.00000000","","10","5.00000000","10.00000000","6.00000000","6","9","3.00000000","1.00000000","Ginkgo biloba L.","2.00000000","36.00000000","공원녹지과","199771.656","199771.6565"
"20000894","중구","2-신당6동-큰-0070","02","신당6동","70.00000000","아카시아나무","23.00000000","7.00000000","3.00000000","금호여중","60","5.00000000","10.00000000","6.00000000","4","9","3.00000000","1.00000000","Robinia pseudacacia L.","2.00000000","34.00000000","공원녹지과","201781.265","201781.2654"
"20000895","중구","2-신당2동-큰-0054","02","신당2동","54.00000000","측백나무","22.00000000","6.00000000","4.00000000","432-1779","10","5.00000000","10.00000000","6.00000000","6","9","3.00000000","1.00000000","Thuja orientalis L.","2.00000000","36.00000000","공원녹지과","200540.414","200540.4138"
"20000896","중구","2-장충동-큰-0338","02","장충동","338.00000000","느티나무","37.00000000","5.00000000","7.00000000","국립극장","60","5.00000000","10.00000000","6.00000000","6","9","3.00000000","1.00000000","Zelkova serrata Makino","2.00000000","36.00000000","공원녹지과","199985.534","199985.5337"
"20000897","중구","2-장충동-큰-0112","02","장충동","112.00000000","느티나무","39.00000000","14.00000000","12.00000000","국립극장","60","5.00000000","10.00000000","6.00000000","6","9","3.00000000","1.00000000","Zelkova serrata Makino","2.00000000","36.00000000","공원녹지과","199690.803","199690.8032"
"20000898","중구","2-명동-큰-0086","02","명동","86.00000000","은행나무","26.00000000","20.00000000","10.00000000","숭의여대별관","60","5.00000000","10.00000000","6.00000000","6","9","3.00000000","1.00000000","Ginkgo biloba L.","2.00000000","36.00000000","공원녹지과","198853.142","198853.142"
"20001191","중구","2-장충동-큰-0320","02","장충동","320.00000000","소나무","20.00000000","5.00000000","3.00000000","신라호텔영빈관","30","5.00000000","10.00000000","6.00000000","6","9","3.00000000","1.00000000","Pinus densiflora S et Z.","2.00000000","36.00000000","공원녹지과","200548.048","200548.0477"
"20001194","중구","2-신당2동-큰-0016","02","신당2동","16.00000000","향나무","25.00000000","4.00000000","4.00000000","432-24","10","5.00000000","10.00000000","6.00000000","4","9","3.00000000","1.00000000","Juniperus chinensis L.","2.00000000","34.00000000","공원녹지과","200756.689","200756.6887"
"20001195","중구","2-장충동-큰-0374","02","장충동","374.00000000","은행나무","22.00000000","7.00000000","3.00000000","자유센터","60","5.00000000","10.00000000","6.00000000","6","9","3.00000000","1.00000000","Ginkgo biloba L.","2.00000000","36.00000000","공원녹지과","200173.229","200173.2291"
"20000799","중구","2-광희동-큰-0038","02","광희동","38.00000000","호두나무","20.00000000","13.00000000","6.00000000","쌍림어린이공원","50","5.00000000","10.00000000","6.00000000","4","6","3.00000000","1.00000000","Juglans sinensis Dode","2.00000000","31.00000000","공원녹지과","200451.151","200451.1511"
"20000802","중구","2-회현동-큰-0013","02","회현동","13.00000000","아카시아나무","27.00000000","30.00000000","8.00000000","","30","5.00000000","10.00000000","6.00000000","4","9","3.00000000","1.00000000","Robinia pseudacacia L.","2.00000000","34.00000000","공원녹지과","198282.859","198282.8592"
"20000800","중구","2-광희동-큰-0040","02","광희동","40.00000000","은행나무","40.00000000","14.00000000","7.00000000","쌍림어린이공원","50","5.00000000","10.00000000","6.00000000","6","6","3.00000000","1.00000000","Ginkgo biloba L.","2.00000000","33.00000000","공원녹지과","200458.561","200458.5606"
"20000619","중구","2-충무로4,5동-큰-0068","02","충무로4,5동","68.00000000","소나무","20.00000000","6.00000000","4.00000000","목정주차장","60","5.00000000","10.00000000","6.00000000","6","9","3.00000000","1.00000000","Pinus densiflora S et Z.","2.00000000","36.00000000","공원녹지과","200003.682","200003.6816"
"20000620","중구","2-충무로4,5동-큰-0081","02","충무로4,5동","81.00000000","느티나무","30.00000000","7.00000000","7.00000000","만포집","60","5.00000000","10.00000000","6.00000000","6","9","3.00000000","1.00000000","Zelkova serrata Makino","2.00000000","36.00000000","공원녹지과","199782.833","199782.8334"
"20000621","중구","2-중림동-큰-0045","02","중림동","45.00000000","아카시아나무","35.00000000","25.00000000","17.00000000","손기정공원","50","5.00000000","10.00000000","6.00000000","4","6","3.00000000","1.00000000","Robinia pseudacacia L.","2.00000000","31.00000000","공원녹지과","196960.776","196960.7756"
"20000622","중구","2-소공동-큰-0145","02","소공동","145.00000000","측백나무","20.00000000","12.00000000","6.00000000","이화여고","60","5.00000000","10.00000000","6.00000000","6","9","3.00000000","1.00000000","Thuja orientalis L.","2.00000000","36.00000000","공원녹지과","197339.893","197339.8933"
"20000623","중구","2-소공동-큰-0153","02","소공동","153.00000000","은행나무","35.00000000","38.00000000","10.00000000","삼도빌딩","30","5.00000000","10.00000000","6.00000000","6","9","3.00000000","1.00000000","Ginkgo biloba L.","2.00000000","36.00000000","공원녹지과","197336.39","197336.3898"
"20000625","중구","2-소공동-큰-0180","02","소공동","180.00000000","느티나무","25.00000000","15.00000000","8.00000000","체스프라자","60","5.00000000","10.00000000","6.00000000","6","9","3.00000000","1.00000000","Zelkova serrata Makino","2.00000000","36.00000000","공원녹지과","197551.136","197551.136"
"20000626","중구","2-태평로1가동-큰-0053","02","태평로1가동","53.00000000","아카시아나무","32.00000000","30.00000000","8.00000000","조선호텔","30","5.00000000","10.00000000","6.00000000","4","9","3.00000000","1.00000000","Robinia pseudacacia L.","2.00000000","34.00000000","공원녹지과","198234.559","198234.5593"
"20000627","중구","2-태평로1가동-큰-0055","02","태평로1가동","55.00000000","아카시아나무","32.00000000","28.00000000","9.00000000","조선호텔","30","5.00000000","10.00000000","6.00000000","4","9","3.00000000","1.00000000","Robinia pseudacacia L.","2.00000000","34.00000000","공원녹지과","198238.805","198238.8052"
"20000628","중구","2-소공동-큰-0236","02","소공동","236.00000000","은행나무","36.00000000","30.00000000","10.00000000","롯데호텔","30","5.00000000","10.00000000","6.00000000","6","9","3.00000000","1.00000000","Ginkgo biloba L.","2.00000000","36.00000000","공원녹지과","197951.328","197951.328"
"20000629","중구","2-소공동-큰-0247","02","소공동","247.00000000","느티나무","33.00000000","24.00000000","15.00000000","롯데호텔","30","5.00000000","10.00000000","6.00000000","6","9","3.00000000","1.00000000","Zelkova serrata Makino","2.00000000","36.00000000","공원녹지과","197924.847","197924.8468"
"20000630","중구","2-태평로1가동-큰-0030","02","태평로1가동","30.00000000","느티나무","29.00000000","12.00000000","5.00000000","롯데호텔","30","5.00000000","10.00000000","6.00000000","6","9","3.00000000","1.00000000","Zelkova serrata Makino","2.00000000","36.00000000","공원녹지과","198356.603","198356.6028"
"20000632","중구","2-소공동-큰-0076","02","소공동","76.00000000","아카시아나무","26.00000000","27.00000000","5.00000000","창덕여중","60","5.00000000","10.00000000","6.00000000","4","9","3.00000000","1.00000000","Robinia pseudacacia L.","2.00000000","34.00000000","공원녹지과","197404.857","197404.8574"
"20000633","중구","2-소공동-큰-0082","02","소공동","82.00000000","아카시아나무","67.00000000","31.00000000","8.00000000","창덕여중","60","15.00000000","10.00000000","6.00000000","4","9","2.00000000","1.00000000","Robinia pseudacacia L.","2.00000000","44.00000000","공원녹지과","197375.26","197375.2599"
"20000634","중구","2-소공동-큰-0096","02","소공동","96.00000000","백합나무","39.00000000","35.00000000","8.00000000","이화여고","60","5.00000000","10.00000000","6.00000000","2","9","3.00000000","1.00000000","Liriodendron tulipifera L.","2.00000000","32.00000000","공원녹지과","197269.869","197269.8685"
"20000635","중구","2-소공동-큰-0123","02","소공동","123.00000000","은행나무","27.00000000","28.00000000","3.00000000","이화여고","60","5.00000000","10.00000000","6.00000000","6","9","3.00000000","1.00000000","Ginkgo biloba L.","2.00000000","36.00000000","공원녹지과","197236.289","197236.2895"
"20000636","중구","2-소공동-큰-0133","02","소공동","133.00000000","느티나무","32.00000000","15.00000000","10.00000000","이화여고","60","5.00000000","10.00000000","6.00000000","6","9","3.00000000","1.00000000","Zelkova serrata Makino","2.00000000","36.00000000","공원녹지과","197321.473","197321.4734"
"20000637","중구","2-충무로4,5동-큰-0094","02","충무로4,5동","94.00000000","은행나무","20.00000000","8.00000000","6.00000000","덕수중학교","60","5.00000000","10.00000000","6.00000000","6","9","3.00000000","1.00000000","Ginkgo biloba L.","2.00000000","36.00000000","공원녹지과","199818.781","199818.781"
"20000005","중구","2-신당3동-큰-0041","02","신당3동","41.00000000","느릅나무","22.00000000","7.00000000","4.00000000","금호터널상단","60","5.00000000","10.00000000","6.00000000","4","9","3.00000000","1.00000000","Ulmus davidiana var","2.00000000","34.00000000","공원녹지과","201182.57","201182.5699"
"20000006","중구","2-신당3동-큰-0047","02","신당3동","47.00000000","소나무","22.00000000","5.00000000","2.00000000","남산타운","20","5.00000000","10.00000000","6.00000000","6","9","3.00000000","1.00000000","Pinus densiflora S et Z.","2.00000000","36.00000000","공원녹지과","200711.788","200711.7876"
"20000007","중구","2-회현동-큰-0140","02","회현동","140.00000000","백합나무","30.00000000","16.00000000","8.00000000","연세빌딩","70","10.00000000","10.00000000","6.00000000","2","9","3.00000000","2.00000000","Liriodendron tulipifera L.","0E-8","0E-8","공원녹지과","197746.715","197746.7146"
"20000008","중구","2-회현동-큰-0148","02","회현동","148.00000000","백합나무","35.00000000","18.00000000","9.00000000","연세빌딩","70","10.00000000","10.00000000","6.00000000","2","9","3.00000000","1.00000000","Liriodendron tulipifera L.","0E-8","0E-8","공원녹지과","197730.323","197730.3235"
"20000010","중구","2-회현동-큰-0157","02","회현동","157.00000000","은행나무","20.00000000","7.00000000","6.00000000","연세빌딩","70","5.00000000","10.00000000","6.00000000","6","9","3.00000000","2.00000000","Ginkgo biloba L.","0E-8","0E-8","공원녹지과","197710.49","197710.4897"
"20000011","중구","2-신당2동-큰-0024","02","신당2동","24.00000000","밤나무","28.00000000","9.00000000","6.00000000","","60","5.00000000","10.00000000","6.00000000","4","9","3.00000000","1.00000000","Castanea crenata S. et Z.","2.00000000","34.00000000","공원녹지과","200778.928","200778.9277"
"20000012","중구","2-신당2동-큰-0028","02","신당2동","28.00000000","향나무","24.00000000","9.00000000","6.00000000","432-776","10","5.00000000","10.00000000","6.00000000","4","9","3.00000000","1.00000000","Juniperus chinensis L.","2.00000000","34.00000000","공원녹지과","200717.747","200717.7472"
"20000013","중구","2-신당2동-큰-0034","02","신당2동","34.00000000","향나무","23.00000000","7.00000000","5.00000000","361-24","10","5.00000000","10.00000000","6.00000000","6","9","3.00000000","1.00000000","Juniperus chinensis L.","2.00000000","36.00000000","공원녹지과","200787.475","200787.4745"
"20000014","중구","2-신당2동-큰-0035","02","신당2동","35.00000000","꽃개오동","48.00000000","12.00000000","7.00000000","","10","10.00000000","10.00000000","6.00000000","4","9","3.00000000","1.00000000","Catapa bignonioides Water","2.00000000","39.00000000","공원녹지과","200781.833","200781.8328"
"20000015","중구","2-신당2동-큰-0039","02","신당2동","39.00000000","감나무","22.00000000","7.00000000","3.00000000","","10","5.00000000","10.00000000","6.00000000","4","9","3.00000000","1.00000000","Diospyros kaki Thunb.","2.00000000","34.00000000","공원녹지과","200735.748","200735.7484"
"20000016","중구","2-신당3동-큰-0001","02","신당3동","1.00000000","향나무","22.00000000","9.00000000","5.00000000","418-5","10","5.00000000","10.00000000","6.00000000","4","9","3.00000000","1.00000000","Juniperus chinensis L.","2.00000000","34.00000000","공원녹지과","200908.439","200908.4393"
"20000018","중구","2-신당4동-큰-0046","02","신당4동","46.00000000","소나무","21.00000000","8.00000000","3.00000000","신일교회","60","5.00000000","10.00000000","6.00000000","6","9","3.00000000","1.00000000","Pinus densiflora S et Z.","2.00000000","36.00000000","공원녹지과","201075.526","201075.5261"
"20000019","중구","2-신당4동-큰-0054","02","신당4동","54.00000000","향나무","28.00000000","8.00000000","4.00000000","로얄빌라","20","5.00000000","10.00000000","6.00000000","4","9","3.00000000","1.00000000","Juniperus chinensis L.","2.00000000","34.00000000","공원녹지과","201182.06","201182.0597"
"20000020","중구","2-신당4동-큰-0056","02","신당4동","56.00000000","소나무","35.00000000","10.00000000","5.00000000","로얄빌라","20","5.00000000","10.00000000","6.00000000","6","9","3.00000000","1.00000000","Pinus densiflora S et Z.","2.00000000","36.00000000","공원녹지과","201165.782","201165.782"
"20000021","중구","2-신당4동-큰-0059","02","신당4동","59.00000000","단풍나무","23.00000000","8.00000000","5.00000000","","10","5.00000000","10.00000000","6.00000000","4","9","3.00000000","1.00000000","Acer palmatum Thunb.","2.00000000","34.00000000","공원녹지과","201201.491","201201.4912"
"20000022","중구","2-신당4동-큰-0062","02","신당4동","62.00000000","향나무","20.00000000","5.00000000","2.00000000","340-35","10","5.00000000","10.00000000","6.00000000","4","9","3.00000000","1.00000000","Juniperus chinensis L.","2.00000000","34.00000000","공원녹지과","201134.452","201134.4521"
"20000023","중구","2-장충동-큰-0327","02","장충동","327.00000000","은행나무","20.00000000","4.00000000","3.00000000","국립극장","60","5.00000000","10.00000000","6.00000000","6","9","3.00000000","1.00000000","Ginkgo biloba L.","2.00000000","36.00000000","공원녹지과","199980.811","199980.8108"
"20000024","중구","2-장충동-큰-0335","02","장충동","335.00000000","은행나무","21.00000000","4.00000000","3.00000000","국립극장","60","5.00000000","10.00000000","6.00000000","6","9","3.00000000","1.00000000","Ginkgo biloba L.","2.00000000","36.00000000","공원녹지과","199987.395","199987.3952"
"20000326","중구","2-회현동-큰-0035","02","회현동","35.00000000","","0E-8","0E-8","0E-8","","0","5.00000000","10.00000000","6.00000000","6","9","3.00000000","1.00000000","","2.00000000","36.00000000","공원녹지과","198300.117","198300.1173"
"20000026","중구","2-장충동-큰-0343","02","장충동","343.00000000","소나무","22.00000000","4.00000000","2.00000000","타워호텔","30","5.00000000","10.00000000","6.00000000","6","9","3.00000000","1.00000000","Pinus densiflora S et Z.","2.00000000","36.00000000","공원녹지과","200146.526","200146.5259"
"20000027","중구","2-장충동-큰-0344","02","장충동","344.00000000","소나무","22.00000000","3.00000000","2.00000000","타워호텔","30","5.00000000","10.00000000","6.00000000","6","9","3.00000000","1.00000000","Pinus densiflora S et Z.","2.00000000","36.00000000","공원녹지과","200139","200139"
"20000028","중구","2-회현동-큰-0208","02","회현동","208.00000000","은행나무","20.00000000","6.00000000","5.00000000","연세빌딩","70","5.00000000","10.00000000","6.00000000","6","9","3.00000000","2.00000000","Ginkgo biloba L.","0E-8","0E-8","공원녹지과","197659.674","197659.6736"
"20000029","중구","2-회현동-큰-0202","02","회현동","202.00000000","은행나무","21.00000000","7.00000000","6.00000000","연세빌딩","70","5.00000000","10.00000000","6.00000000","6","9","3.00000000","2.00000000","Ginkgo biloba L.","0E-8","0E-8","공원녹지과","197662.901","197662.9011"
"20000031","중구","2-회현동-큰-0213","02","회현동","213.00000000","백합나무","42.00000000","26.00000000","12.00000000","연세빌딩","70","10.00000000","10.00000000","6.00000000","2","9","3.00000000","2.00000000","Liriodendron tulipifera L.","0E-8","0E-8","공원녹지과","197653.32","197653.3199"
"20000184","중구","2-필동-큰-0057","02","필동","57.00000000","은행나무","24.00000000","19.00000000","5.00000000","","10","5.00000000","10.00000000","6.00000000","6","9","3.00000000","1.00000000","Ginkgo biloba L.","2.00000000","36.00000000","공원녹지과","199747.19","199747.19"
"20000186","중구","2-장충동-큰-0056","02","장충동","56.00000000","은행나무","27.00000000","16.00000000","5.00000000","동국대학교","60","5.00000000","10.00000000","6.00000000","6","9","3.00000000","1.00000000","Ginkgo biloba L.","2.00000000","36.00000000","공원녹지과","199887.342","199887.3422"
"20000188","중구","2-장충동-큰-0023","02","장충동","23.00000000","회화나무","22.00000000","26.00000000","10.00000000","동국대학교","60","5.00000000","10.00000000","6.00000000","6","9","3.00000000","1.00000000","Sophora japonica L.","2.00000000","36.00000000","공원녹지과","199892.732","199892.7324"
"20000189","중구","2-필동-큰-0007","02","필동","7.00000000","느티나무","32.00000000","19.00000000","11.00000000","숭의여대별관","60","5.00000000","10.00000000","6.00000000","6","9","3.00000000","1.00000000","Zelkova serrata Makino","2.00000000","36.00000000","공원녹지과","199195.617","199195.617"
"20000190","중구","2-소공동-큰-0193","02","소공동","193.00000000","느티나무","27.00000000","15.00000000","7.00000000","체스프라자","60","5.00000000","10.00000000","6.00000000","6","9","3.00000000","1.00000000","Zelkova serrata Makino","2.00000000","36.00000000","공원녹지과","197521.306","197521.3061"
"20000192","중구","2-소공동-큰-0198","02","소공동","198.00000000","목련","35.00000000","20.00000000","7.00000000","체스프라자","60","5.00000000","10.00000000","6.00000000","4","9","3.00000000","1.00000000","Magnolia kobus Dc.","2.00000000","34.00000000","공원녹지과","197598.996","197598.9962"
"20000193","중구","2-태평로1가동-큰-0113","02","태평로1가동","113.00000000","느티나무","35.00000000","11.00000000","5.00000000","장교동 쁘렝땅백화점","30","5.00000000","10.00000000","6.00000000","6","9","3.00000000","1.00000000","Zelkova serrata Makino","2.00000000","36.00000000","공원녹지과","198877.387","198877.3871"
"20000194","중구","2-태평로1가동-큰-0115","02","태평로1가동","115.00000000","소나무","25.00000000","4.00000000","5.00000000","장교동 쁘렝땅백화점","30","5.00000000","10.00000000","6.00000000","6","9","3.00000000","1.00000000","Pinus densiflora S et Z.","2.00000000","36.00000000","공원녹지과","198874.696","198874.6965"
"20000195","중구","2-태평로1가동-큰-0100","02","태평로1가동","100.00000000","잣나무","23.00000000","7.00000000","4.00000000","장교동 쁘렝땅백화점","30","5.00000000","10.00000000","6.00000000","4","9","3.00000000","1.00000000","Pinus koraiensis S. et Z.","2.00000000","34.00000000","공원녹지과","198817.937","198817.9371"
"20000196","중구","2-소공동-큰-0150","02","소공동","150.00000000","은행나무","22.00000000","20.00000000","6.00000000","이화여고","60","5.00000000","10.00000000","6.00000000","6","9","3.00000000","1.00000000","Ginkgo biloba L.","2.00000000","36.00000000","공원녹지과","197421.758","197421.7585"
"20000197","중구","2-소공동-큰-0159","02","소공동","159.00000000","측백나무","30.00000000","22.00000000","9.00000000","시립미술관","60","5.00000000","10.00000000","6.00000000","6","9","3.00000000","1.00000000","Thuja orientalis L.","2.00000000","36.00000000","공원녹지과","197654.4","197654.3997"
"20000198","중구","2-태평로1가동-큰-0049","02","태평로1가동","49.00000000","양버즘나무","28.00000000","25.00000000","7.00000000","시청","60","5.00000000","10.00000000","6.00000000","2","9","3.00000000","1.00000000","Platanus occidentalis L.","2.00000000","32.00000000","공원녹지과","198132.396","198132.3964"
"20000200","중구","2-광희동-큰-0011","02","광희동","11.00000000","느티나무","25.00000000","6.00000000","8.00000000","방산동 구민회관","60","5.00000000","10.00000000","6.00000000","6","9","3.00000000","1.00000000","Zelkova serrata Makino","2.00000000","36.00000000","공원녹지과","200565.394","200565.3938"
"20000201","중구","2-태평로1가동-큰-0130","02","태평로1가동","130.00000000","잣나무","25.00000000","6.00000000","4.00000000","장교동 중소기업은행","30","5.00000000","10.00000000","6.00000000","4","9","3.00000000","1.00000000","Pinus koraiensis S. et Z.","2.00000000","34.00000000","공원녹지과","198818.382","198818.3823"
"20000202","중구","2-소공동-큰-0018","02","소공동","18.00000000","느티나무","30.00000000","26.00000000","14.00000000","덕수궁","60","5.00000000","10.00000000","6.00000000","6","9","3.00000000","1.00000000","Zelkova serrata Makino","2.00000000","36.00000000","공원녹지과","197730.038","197730.0377"
"20000203","중구","2-충무로4,5동-큰-0038","02","충무로4,5동","38.00000000","이태리포플러","35.00000000","7.00000000","3.00000000","샘표양조간장","40","5.00000000","10.00000000","6.00000000","2","9","3.00000000","1.00000000","Populus euramericana Guiner","2.00000000","32.00000000","공원녹지과","199775.896","199775.8962"
"20000204","중구","2-소공동-큰-0058","02","소공동","58.00000000","느티나무","32.00000000","23.00000000","8.00000000","창덕여중","60","5.00000000","10.00000000","6.00000000","6","9","3.00000000","1.00000000","Zelkova serrata Makino","2.00000000","36.00000000","공원녹지과","197429.465","197429.4654"
"20000205","중구","2-소공동-큰-0094","02","소공동","94.00000000","소나무","47.00000000","8.00000000","13.00000000","이화여고","60","10.00000000","10.00000000","6.00000000","6","9","2.00000000","1.00000000","Pinus densiflora S et Z.","2.00000000","41.00000000","공원녹지과","197304.187","197304.1875"
"20000206","중구","2-소공동-큰-0131","02","소공동","131.00000000","소나무","25.00000000","8.00000000","6.00000000","이화여고","60","5.00000000","10.00000000","6.00000000","6","9","3.00000000","1.00000000","Pinus densiflora S et Z.","2.00000000","36.00000000","공원녹지과","197275.271","197275.2707"
"20000208","중구","2-태평로1가동-큰-0008","02","태평로1가동","8.00000000","소나무","23.00000000","17.00000000","1.00000000","롯데호텔","60","5.00000000","10.00000000","6.00000000","6","9","3.00000000","1.00000000","Pinus densiflora S et Z.","2.00000000","36.00000000","공원녹지과","198004.107","198004.1071"
"20000209","중구","2-태평로1가동-큰-0016","02","태평로1가동","16.00000000","소나무","21.00000000","18.00000000","1.00000000","롯데호텔","60","5.00000000","10.00000000","6.00000000","6","9","3.00000000","1.00000000","Pinus densiflora S et Z.","2.00000000","36.00000000","공원녹지과","198019.818","198019.8182"
"20000210","중구","2-태평로1가동-큰-0026","02","태평로1가동","26.00000000","은행나무","40.00000000","25.00000000","7.00000000","한국제강","30","5.00000000","10.00000000","6.00000000","6","9","3.00000000","1.00000000","Ginkgo biloba L.","2.00000000","36.00000000","공원녹지과","198623.66","198623.66"
"20000212","중구","2-소공동-큰-0305","02","소공동","305.00000000","은행나무","25.00000000","22.00000000","7.00000000","","30","5.00000000","10.00000000","6.00000000","6","9","3.00000000","1.00000000","Ginkgo biloba L.","2.00000000","36.00000000","공원녹지과","197557.062","197557.0618"
"20000900","중구","2-명동-큰-0122","02","명동","122.00000000","아카시아나무","32.00000000","25.00000000","12.00000000","남산한옥마을","50","5.00000000","10.00000000","6.00000000","4","6","3.00000000","1.00000000","Robinia pseudacacia L.","2.00000000","31.00000000","공원녹지과","199359.217","199359.217"
"20000901","중구","2-소공동-큰-0203","02","소공동","203.00000000","은행나무","36.00000000","28.00000000","12.00000000","덕수궁","50","5.00000000","10.00000000","6.00000000","6","6","3.00000000","1.00000000","Ginkgo biloba L.","2.00000000","33.00000000","공원녹지과","197800.099","197800.099"
"20000902","중구","2-소공동-큰-0237","02","소공동","237.00000000","은행나무","24.00000000","26.00000000","7.00000000","롯데호텔","30","5.00000000","10.00000000","6.00000000","6","9","3.00000000","1.00000000","Ginkgo biloba L.","2.00000000","36.00000000","공원녹지과","197951.317","197951.3168"
"20000903","중구","2-소공동-큰-0089","02","소공동","89.00000000","은행나무","21.00000000","25.00000000","3.00000000","창덕여중","60","5.00000000","10.00000000","6.00000000","6","9","3.00000000","1.00000000","Ginkgo biloba L.","2.00000000","36.00000000","공원녹지과","197311.373","197311.3729"
"20000904","중구","2-태평로1가동-큰-0012","02","태평로1가동","12.00000000","소나무","23.00000000","19.00000000","1.00000000","롯데호텔","60","5.00000000","10.00000000","6.00000000","6","9","3.00000000","1.00000000","Pinus densiflora S et Z.","2.00000000","36.00000000","공원녹지과","198024.518","198024.518"
"20000485","중구","2-태평로1가동-큰-0034","02","태평로1가동","34.00000000","자귀나무","45.00000000","28.00000000","12.00000000","시청","60","10.00000000","10.00000000","6.00000000","4","9","3.00000000","1.00000000","Albizzia julibrissin Duraz.","2.00000000","39.00000000","공원녹지과","198083.324","198083.3237"
"20000486","중구","2-태평로1가동-큰-0039","02","태평로1가동","39.00000000","양버즘나무","28.00000000","29.00000000","6.00000000","시청","60","5.00000000","10.00000000","6.00000000","2","9","3.00000000","1.00000000","Platanus occidentalis L.","2.00000000","32.00000000","공원녹지과","198099.616","198099.6165"
"20000488","중구","2-태평로1가동-큰-0033","02","태평로1가동","33.00000000","은행나무","30.00000000","19.00000000","8.00000000","시청","60","5.00000000","10.00000000","6.00000000","6","9","3.00000000","1.00000000","Ginkgo biloba L.","2.00000000","36.00000000","공원녹지과","198101.929","198101.9293"
"20000490","중구","2-태평로1가동-큰-0054","02","태평로1가동","54.00000000","아카시아나무","30.00000000","28.00000000","8.00000000","조선호텔","30","5.00000000","10.00000000","6.00000000","4","9","3.00000000","1.00000000","Robinia pseudacacia L.","2.00000000","34.00000000","공원녹지과","198240.379","198240.3786"
"20000491","중구","2-태평로1가동-큰-0085","02","태평로1가동","85.00000000","느티나무","25.00000000","17.00000000","8.00000000","한국외환은행","30","5.00000000","10.00000000","6.00000000","6","9","3.00000000","1.00000000","Zelkova serrata Makino","2.00000000","36.00000000","공원녹지과","198737.891","198737.8908"
"20000492","중구","2-태평로1가동-큰-0089","02","태평로1가동","89.00000000","은행나무","27.00000000","20.00000000","6.00000000","한국외환은행","30","5.00000000","10.00000000","6.00000000","6","9","3.00000000","1.00000000","Ginkgo biloba L.","2.00000000","36.00000000","공원녹지과","198740.591","198740.5907"
"20000493","중구","2-태평로1가동-큰-0090","02","태평로1가동","90.00000000","느티나무","25.00000000","17.00000000","8.00000000","한국외환은행","30","5.00000000","10.00000000","6.00000000","6","9","3.00000000","1.00000000","Zelkova serrata Makino","2.00000000","36.00000000","공원녹지과","198740.816","198740.8156"
"20000494","중구","2-소공동-큰-0036","02","소공동","36.00000000","은행나무","38.00000000","30.00000000","9.00000000","덕수궁","60","5.00000000","10.00000000","6.00000000","6","9","3.00000000","1.00000000","Ginkgo biloba L.","2.00000000","36.00000000","공원녹지과","197691.532","197691.5317"
"20000496","중구","2-태평로1가동-큰-0056","02","태평로1가동","56.00000000","아카시아나무","30.00000000","28.00000000","10.00000000","조선호텔","30","5.00000000","10.00000000","6.00000000","4","9","3.00000000","1.00000000","Robinia pseudacacia L.","2.00000000","34.00000000","공원녹지과","198237.455","198237.4553"
"20000497","중구","2-태평로1가동-큰-0058","02","태평로1가동","58.00000000","은행나무","55.00000000","48.00000000","10.00000000","조선호텔","30","15.00000000","10.00000000","6.00000000","6","9","2.00000000","1.00000000","Ginkgo biloba L.","2.00000000","46.00000000","공원녹지과","198223.315","198223.3149"
"20000558","중구","2-충무로4,5동-큰-0022","02","충무로4,5동","22.00000000","은행나무","30.00000000","8.00000000","6.00000000","중구청","60","5.00000000","10.00000000","6.00000000","6","9","3.00000000","1.00000000","Ginkgo biloba L.","2.00000000","36.00000000","공원녹지과","199839.417","199839.417"
"20000559","중구","2-충무로4,5동-큰-0026","02","충무로4,5동","26.00000000","향나무","61.00000000","10.00000000","3.00000000","중구청","60","15.00000000","10.00000000","6.00000000","4","9","2.00000000","1.00000000","Juniperus chinensis L.","2.00000000","44.00000000","공원녹지과","199820.638","199820.6379"
"20000561","중구","2-충무로4,5동-큰-0032","02","충무로4,5동","32.00000000","은행나무","20.00000000","12.00000000","5.00000000","중구청","60","5.00000000","10.00000000","6.00000000","6","9","3.00000000","1.00000000","Ginkgo biloba L.","2.00000000","36.00000000","공원녹지과","199812.814","199812.8139"
"20000562","중구","2-충무로4,5동-큰-0091","02","충무로4,5동","91.00000000","단풍나무","20.00000000","6.00000000","7.00000000","덕수중학교","60","5.00000000","10.00000000","6.00000000","6","9","3.00000000","1.00000000","Acer palmatum Thunb.","2.00000000","36.00000000","공원녹지과","199819.651","199819.6509"
"20000563","중구","2-충무로4,5동-큰-0097","02","충무로4,5동","97.00000000","은행나무","20.00000000","8.00000000","6.00000000","덕수중학교","60","5.00000000","10.00000000","6.00000000","6","9","3.00000000","1.00000000","Ginkgo biloba L.","2.00000000","36.00000000","공원녹지과","199817.456","199817.4563"
"20000564","중구","2-충무로4,5동-큰-0104","02","충무로4,5동","104.00000000","메타세콰이어","30.00000000","9.00000000","6.00000000","덕수중학교","60","5.00000000","10.00000000","6.00000000","2","9","3.00000000","1.00000000","Metasequoia glyptostroboides Hu et cheng","2.00000000","32.00000000","공원녹지과","199816.133","199816.1326"
"20000565","중구","2-남대문로5가동-큰-0001","02","남대문로5가동","1.00000000","양버즘나무","38.00000000","35.00000000","10.00000000","중앙일보","30","5.00000000","10.00000000","6.00000000","2","9","3.00000000","1.00000000","Platanus occidentalis L.","2.00000000","32.00000000","공원녹지과","197308.83","197308.8298"
"20000638","중구","2-남대문로5가동-큰-0022","02","남대문로5가동","22.00000000","메타세콰이어","37.00000000","37.00000000","4.00000000","서울열차사무소","60","5.00000000","10.00000000","6.00000000","2","9","3.00000000","1.00000000","Metasequoia glyptostroboides Hu et cheng","2.00000000","32.00000000","공원녹지과","197297.601","197297.6009"
"20000640","중구","2-신당6동-큰-0035","02","신당6동","35.00000000","단풍나무","40.00000000","10.00000000","8.00000000","","10","5.00000000","10.00000000","6.00000000","4","9","3.00000000","1.00000000","Acer palmatum Thunb.","2.00000000","34.00000000","공원녹지과","201423.183","201423.1826"
"20000213","중구","2-소공동-큰-0315","02","소공동","315.00000000","느티나무","34.00000000","24.00000000","10.00000000","","50","5.00000000","10.00000000","6.00000000","6","6","3.00000000","1.00000000","Zelkova serrata Makino","2.00000000","33.00000000","공원녹지과","197469.726","197469.7257"
"20000214","중구","2-중림동-큰-0007","02","중림동","7.00000000","호두나무","40.00000000","18.00000000","15.00000000","한국경제신문사","60","5.00000000","10.00000000","6.00000000","4","9","3.00000000","1.00000000","Juglans sinensis Dode","2.00000000","34.00000000","공원녹지과","197074.936","197074.9365"
"20000215","중구","2-소공동-큰-0297","02","소공동","297.00000000","느티나무","32.00000000","18.00000000","7.00000000","상공회의소","60","5.00000000","10.00000000","6.00000000","6","9","3.00000000","1.00000000","Zelkova serrata Makino","2.00000000","36.00000000","공원녹지과","197834.27","197834.2704"
"20000187","중구","2-신당2동-큰-0055","02","신당2동","55.00000000","대추나무","21.00000000","5.00000000","3.00000000","432-720","10","5.00000000","10.00000000","6.00000000","4","9","3.00000000","1.00000000","Zizyphus jujuba var.","2.00000000","34.00000000","공원녹지과","200597.157","200597.157"
"20000218","중구","2-중림동-큰-0006","02","중림동","6.00000000","양버즘나무","25.00000000","25.00000000","6.00000000","","60","5.00000000","10.00000000","6.00000000","2","9","3.00000000","1.00000000","Platanus occidentalis L.","2.00000000","32.00000000","공원녹지과","196784.046","196784.0464"
"20000219","중구","2-중림동-큰-0064","02","중림동","64.00000000","아카시아나무","25.00000000","22.00000000","13.00000000","손기정공원","50","5.00000000","10.00000000","6.00000000","4","6","3.00000000","1.00000000","Robinia pseudacacia L.","2.00000000","31.00000000","공원녹지과","196905.828","196905.8279"
"20000221","중구","2-중림동-큰-0083","02","중림동","83.00000000","양버즘나무","35.00000000","28.00000000","10.00000000","손기정공원","50","5.00000000","10.00000000","6.00000000","2","6","4.00000000","1.00000000","Platanus occidentalis L.","2.00000000","29.00000000","공원녹지과","196840.837","196840.8367"
"20000222","중구","2-중림동-큰-0088","02","중림동","88.00000000","양버즘나무","35.00000000","27.00000000","12.00000000","봉래초등학교","60","5.00000000","10.00000000","6.00000000","2","9","3.00000000","1.00000000","Platanus occidentalis L.","2.00000000","32.00000000","공원녹지과","196781.477","196781.4768"
"20000223","중구","2-광희동-큰-0036","02","광희동","36.00000000","느티나무","30.00000000","12.00000000","8.00000000","쌍림어린이공원","50","5.00000000","10.00000000","6.00000000","6","6","3.00000000","1.00000000","Zelkova serrata Makino","2.00000000","33.00000000","공원녹지과","200443.517","200443.517"
"20000224","중구","2-중림동-큰-0033","02","중림동","33.00000000","양버즘나무","23.00000000","28.00000000","8.00000000","손기정공원","50","5.00000000","10.00000000","6.00000000","2","6","4.00000000","1.00000000","Platanus occidentalis L.","2.00000000","29.00000000","공원녹지과","197021.89","197021.89"
"20000225","중구","2-신당1동-큰-0067","02","신당1동","67.00000000","은행나무","35.00000000","9.00000000","6.00000000","현대빌딩","30","5.00000000","10.00000000","6.00000000","6","9","3.00000000","1.00000000","Ginkgo biloba L.","2.00000000","36.00000000","공원녹지과","201285.616","201285.6162"
"20000226","중구","2-신당1동-큰-0073","02","신당1동","73.00000000","보리수나무","60.00000000","12.00000000","6.00000000","241-5","10","15.00000000","10.00000000","6.00000000","4","9","2.00000000","1.00000000","Tilia migueliana Max.","2.00000000","44.00000000","공원녹지과","201262.772","201262.7718"
"20000227","중구","2-장충동-큰-0205","02","장충동","205.00000000","양버즘나무","62.00000000","13.00000000","7.00000000","장충공원","50","15.00000000","10.00000000","6.00000000","2","6","3.00000000","1.00000000","Platanus occidentalis L.","2.00000000","39.00000000","공원녹지과","200415.422","200415.4222"
"20000229","중구","2-장충동-큰-0210","02","장충동","210.00000000","양버즘나무","37.00000000","10.00000000","5.00000000","장충공원","50","5.00000000","10.00000000","6.00000000","2","6","4.00000000","1.00000000","Platanus occidentalis L.","2.00000000","29.00000000","공원녹지과","200367.261","200367.2609"
"20000231","중구","2-남대문로5가동-큰-0030","02","남대문로5가동","30.00000000","은행나무","30.00000000","28.00000000","7.00000000","철도청","60","5.00000000","10.00000000","6.00000000","6","9","3.00000000","1.00000000","Ginkgo biloba L.","2.00000000","36.00000000","공원녹지과","197318.056","197318.056"
"20000232","중구","2-중림동-큰-0115","02","중림동","115.00000000","회화나무","40.00000000","28.00000000","12.00000000","남대문교회","10","5.00000000","10.00000000","6.00000000","6","9","3.00000000","1.00000000","Sophora japonica L.","2.00000000","36.00000000","공원녹지과","197076.664","197076.6639"
"20000233","중구","2-남대문로5가동-큰-0032","02","남대문로5가동","32.00000000","느티나무","38.00000000","25.00000000","8.00000000","남대문교회","60","5.00000000","10.00000000","6.00000000","6","9","3.00000000","1.00000000","Zelkova serrata Makino","2.00000000","36.00000000","공원녹지과","197800.033","197800.0335"
"20000234","중구","2-남대문로5가동-큰-0036","02","남대문로5가동","36.00000000","은행나무","42.00000000","28.00000000","8.00000000","남대문교회","60","10.00000000","10.00000000","6.00000000","6","9","2.00000000","1.00000000","Ginkgo biloba L.","2.00000000","41.00000000","공원녹지과","197800.048","197800.0477"
"20000235","중구","2-남대문로5가동-큰-0038","02","남대문로5가동","38.00000000","은행나무","35.00000000","28.00000000","5.00000000","남대문교회","60","5.00000000","10.00000000","6.00000000","6","9","3.00000000","1.00000000","Ginkgo biloba L.","2.00000000","36.00000000","공원녹지과","197779.62","197779.6204"
"20000330","중구","2-회현동-큰-0046","02","회현동","46.00000000","","0E-8","0E-8","0E-8","","0","5.00000000","10.00000000","6.00000000","6","9","3.00000000","1.00000000","","2.00000000","36.00000000","공원녹지과","198244.888","198244.8883"
"20000236","중구","2-남대문로5가동-큰-0039","02","남대문로5가동","39.00000000","은행나무","30.00000000","30.00000000","8.00000000","남대문교회","60","5.00000000","10.00000000","6.00000000","6","9","3.00000000","1.00000000","Ginkgo biloba L.","2.00000000","36.00000000","공원녹지과","197781.541","197781.5413"
"20000238","중구","2-필동-큰-0072","02","필동","72.00000000","아카시아나무","29.00000000","27.00000000","10.00000000","","60","5.00000000","10.00000000","6.00000000","4","9","3.00000000","1.00000000","Robinia pseudacacia L.","2.00000000","34.00000000","공원녹지과","199385.982","199385.9815"
"20000239","중구","2-명동-큰-0136","02","명동","136.00000000","아카시아나무","26.00000000","25.00000000","8.00000000","","60","5.00000000","10.00000000","6.00000000","4","9","3.00000000","1.00000000","Robinia pseudacacia L.","2.00000000","34.00000000","공원녹지과","199388.797","199388.797"
"20000240","중구","2-신당2동-큰-0010","02","신당2동","10.00000000","느티나무","20.00000000","5.00000000","3.00000000","훼미리마트","30","5.00000000","10.00000000","6.00000000","6","9","3.00000000","1.00000000","Zelkova serrata Makino","2.00000000","36.00000000","공원녹지과","200825.298","200825.298"
"20000567","중구","2-남대문로5가동-큰-0006","02","남대문로5가동","6.00000000","은행나무","30.00000000","21.00000000","9.00000000","서울열차사무소","60","5.00000000","10.00000000","6.00000000","6","9","3.00000000","1.00000000","Ginkgo biloba L.","2.00000000","36.00000000","공원녹지과","197343.547","197343.5466"
"20000568","중구","2-남대문로5가동-큰-0008","02","남대문로5가동","8.00000000","양버즘나무","42.00000000","37.00000000","12.00000000","서울열차사무소","60","10.00000000","10.00000000","6.00000000","6","9","2.00000000","1.00000000","Platanus occidentalis L.","2.00000000","41.00000000","공원녹지과","197330.616","197330.6165"
"20000569","중구","2-남대문로5가동-큰-0011","02","남대문로5가동","11.00000000","양버즘나무","45.00000000","43.00000000","16.00000000","서울열차사무소","60","10.00000000","10.00000000","6.00000000","2","9","3.00000000","1.00000000","Platanus occidentalis L.","2.00000000","37.00000000","공원녹지과","197325.985","197325.9851"
"20000570","중구","2-남대문로5가동-큰-0018","02","남대문로5가동","18.00000000","자작나무","61.00000000","36.00000000","16.00000000","서울열차사무소","60","15.00000000","10.00000000","6.00000000","4","9","2.00000000","1.00000000","Betula platyphylla var.","2.00000000","44.00000000","공원녹지과","197319.032","197319.0319"
"20000571","중구","2-남대문로5가동-큰-0019","02","남대문로5가동","19.00000000","자작나무","40.00000000","32.00000000","13.00000000","서울열차사무소","60","5.00000000","10.00000000","6.00000000","4","9","3.00000000","1.00000000","Betula platyphylla var.","2.00000000","34.00000000","공원녹지과","197303.213","197303.213"
"20000694","중구","2-소공동-큰-0200","02","소공동","200.00000000","양버즘나무","30.00000000","25.00000000","7.00000000","체스프라자","60","5.00000000","10.00000000","6.00000000","2","9","3.00000000","1.00000000","Platanus occidentalis L.","2.00000000","32.00000000","공원녹지과","197612.438","197612.4384"
"20000695","중구","2-소공동-큰-0041","02","소공동","41.00000000","아카시아나무","55.00000000","31.00000000","5.00000000","국토관리청","60","15.00000000","10.00000000","6.00000000","4","9","2.00000000","1.00000000","Robinia pseudacacia L.","2.00000000","44.00000000","공원녹지과","197393.662","197393.6625"
"20000697","중구","2-태평로1가동-큰-0011","02","태평로1가동","11.00000000","소나무","21.00000000","18.00000000","1.00000000","롯데호텔","60","5.00000000","10.00000000","6.00000000","6","9","3.00000000","1.00000000","Pinus densiflora S et Z.","2.00000000","36.00000000","공원녹지과","198019.808","198019.8082"
"20000698","중구","2-소공동-큰-0281","02","소공동","281.00000000","아카시아나무","32.00000000","30.00000000","12.00000000","상공회의소","60","5.00000000","10.00000000","6.00000000","4","9","3.00000000","1.00000000","Robinia pseudacacia L.","2.00000000","34.00000000","공원녹지과","197750.813","197750.8129"
"20000699","중구","2-중림동-큰-0048","02","중림동","48.00000000","아카시아나무","37.00000000","27.00000000","16.00000000","손기정공원","50","5.00000000","10.00000000","6.00000000","4","6","3.00000000","1.00000000","Robinia pseudacacia L.","2.00000000","31.00000000","공원녹지과","196944.968","196944.9678"
"20000700","중구","2-광희동-큰-0061","02","광희동","61.00000000","은행나무","30.00000000","7.00000000","3.00000000","국립의료원","60","5.00000000","10.00000000","6.00000000","6","9","3.00000000","1.00000000","Ginkgo biloba L.","2.00000000","36.00000000","공원녹지과","200469.356","200469.3561"
"20000701","중구","2-남대문로5가동-큰-0029","02","남대문로5가동","29.00000000","은행나무","35.00000000","25.00000000","7.00000000","철도청","60","5.00000000","10.00000000","6.00000000","6","9","3.00000000","1.00000000","Ginkgo biloba L.","2.00000000","36.00000000","공원녹지과","197297.241","197297.2412"
"20000702","중구","2-남대문로5가동-큰-0041","02","남대문로5가동","41.00000000","은행나무","27.00000000","20.00000000","10.00000000","남대문교회","60","5.00000000","10.00000000","6.00000000","6","9","3.00000000","1.00000000","Ginkgo biloba L.","2.00000000","36.00000000","공원녹지과","197738.015","197738.0152"
"20000704","중구","2-신당1동-큰-0061","02","신당1동","61.00000000","은행나무","30.00000000","8.00000000","5.00000000","성동실업여고","60","5.00000000","10.00000000","6.00000000","6","9","3.00000000","1.00000000","Ginkgo biloba L.","2.00000000","36.00000000","공원녹지과","201197.67","201197.6695"
"20000705","중구","2-신당6동-큰-0032","02","신당6동","32.00000000","측백나무","30.00000000","8.00000000","5.00000000","","10","5.00000000","10.00000000","6.00000000","6","9","3.00000000","1.00000000","Thuja orientalis L.","2.00000000","36.00000000","공원녹지과","201403.412","201403.4121"
"20000706","중구","2-신당4동-큰-0032","02","신당4동","32.00000000","양버즘나무","33.00000000","7.00000000","4.00000000","대경중고교","60","5.00000000","10.00000000","6.00000000","2","9","3.00000000","1.00000000","Platanus occidentalis L.","2.00000000","32.00000000","공원녹지과","201499.48","201499.4803"
"20000707","중구","2-신당6동-큰-0052","02","신당6동","52.00000000","양버즘나무","23.00000000","5.00000000","5.00000000","현대아파트","20","5.00000000","10.00000000","6.00000000","6","9","3.00000000","1.00000000","Platanus occidentalis L.","2.00000000","36.00000000","공원녹지과","201820.017","201820.0172"
"20000709","중구","2-태평로1가동-큰-0043","02","태평로1가동","43.00000000","양버즘나무","30.00000000","31.00000000","6.00000000","시청","60","5.00000000","10.00000000","6.00000000","2","9","3.00000000","1.00000000","Platanus occidentalis L.","2.00000000","32.00000000","공원녹지과","198114.414","198114.4138"
"20000710","중구","2-소공동-큰-0229","02","소공동","229.00000000","아카시아나무","36.00000000","31.00000000","9.00000000","조선호텔","30","5.00000000","10.00000000","6.00000000","4","9","3.00000000","1.00000000","Robinia pseudacacia L.","2.00000000","34.00000000","공원녹지과","198216.409","198216.4092"
"20000711","중구","2-태평로1가동-큰-0083","02","태평로1가동","83.00000000","은행나무","27.00000000","18.00000000","6.00000000","한국외환은행","30","5.00000000","10.00000000","6.00000000","6","9","3.00000000","1.00000000","Ginkgo biloba L.","2.00000000","36.00000000","공원녹지과","198747.773","198747.7729"
"20000713","중구","2-태평로1가동-큰-0123","02","태평로1가동","123.00000000","잣나무","20.00000000","6.00000000","3.00000000","장교동 중소기업은행","30","5.00000000","10.00000000","6.00000000","4","9","3.00000000","1.00000000","Pinus koraiensis S. et Z.","2.00000000","34.00000000","공원녹지과","198818.835","198818.8349"
"20000714","중구","2-충무로4,5동-큰-0047","02","충무로4,5동","47.00000000","느티나무","25.00000000","8.00000000","6.00000000","목정주차장","60","5.00000000","10.00000000","6.00000000","6","9","3.00000000","1.00000000","Zelkova serrata Makino","2.00000000","36.00000000","공원녹지과","199929.44","199929.4401"
"20000241","중구","2-신당2동-큰-0013","02","신당2동","13.00000000","모과나무","40.00000000","4.00000000","4.00000000","432-24","10","5.00000000","10.00000000","6.00000000","4","9","3.00000000","1.00000000","Cydonia sinensis Thouin.","2.00000000","34.00000000","공원녹지과","200739.127","200739.1271"
"20000242","중구","2-신당4동-큰-0009","02","신당4동","9.00000000","측백나무","38.00000000","9.00000000","6.00000000","청구초교","60","5.00000000","10.00000000","6.00000000","6","9","3.00000000","1.00000000","Thuja orientalis L.","2.00000000","36.00000000","공원녹지과","201292.873","201292.8727"
"20000244","중구","2-신당6동-큰-0034","02","신당6동","34.00000000","호두나무","32.00000000","7.00000000","4.00000000","","10","5.00000000","10.00000000","6.00000000","4","9","3.00000000","1.00000000","Juglans sinensis Dode","2.00000000","34.00000000","공원녹지과","201416.963","201416.963"
"20000245","중구","2-신당6동-큰-0038","02","신당6동","38.00000000","측백나무","30.00000000","11.00000000","8.00000000","290-52","10","5.00000000","10.00000000","6.00000000","6","9","3.00000000","1.00000000","Thuja orientalis L.","2.00000000","36.00000000","공원녹지과","201393.432","201393.4322"
"20000246","중구","2-신당4동-큰-0013","02","신당4동","13.00000000","벚나무","30.00000000","4.00000000","2.00000000","삼성아파트","20","5.00000000","10.00000000","6.00000000","6","9","3.00000000","1.00000000","Prunus yedoensis Matsumira.","2.00000000","36.00000000","공원녹지과","201537.995","201537.9955"
"20000247","중구","2-신당4동-큰-0017","02","신당4동","17.00000000","소나무","26.00000000","5.00000000","2.00000000","삼성아파트","20","5.00000000","10.00000000","6.00000000","6","9","3.00000000","1.00000000","Pinus densiflora S et Z.","2.00000000","36.00000000","공원녹지과","201595.237","201595.2368"
"20000249","중구","2-신당6동-큰-0044","02","신당6동","44.00000000","소나무","23.00000000","6.00000000","2.00000000","삼성아파트","20","5.00000000","10.00000000","6.00000000","6","9","3.00000000","1.00000000","Pinus densiflora S et Z.","2.00000000","36.00000000","공원녹지과","201642.538","201642.5381"
"20000250","중구","2-신당6동-큰-0047","02","신당6동","47.00000000","은행나무","23.00000000","4.00000000","3.00000000","삼성아파트","20","5.00000000","10.00000000","6.00000000","6","9","3.00000000","1.00000000","Ginkgo biloba L.","2.00000000","36.00000000","공원녹지과","201658.179","201658.1793"
"20000312","중구","2-명동-큰-0062","02","명동","62.00000000","느티나무","28.00000000","27.00000000","7.00000000","한국은행부지","30","5.00000000","10.00000000","6.00000000","6","9","3.00000000","1.00000000","Zelkova serrata Makino","2.00000000","36.00000000","공원녹지과","198793.332","198793.3322"
"20000313","중구","2-명동-큰-0066","02","명동","66.00000000","아카시아나무","27.00000000","28.00000000","11.00000000","숭의여대별관","60","5.00000000","10.00000000","6.00000000","4","9","3.00000000","1.00000000","Robinia pseudacacia L.","2.00000000","34.00000000","공원녹지과","198756.365","198756.3649"
"20000314","중구","2-명동-큰-0070","02","명동","70.00000000","느티나무","32.00000000","20.00000000","13.00000000","숭의여대별관","60","5.00000000","10.00000000","6.00000000","6","9","3.00000000","1.00000000","Zelkova serrata Makino","2.00000000","36.00000000","공원녹지과","198792.461","198792.4609"
"20000315","중구","2-명동-큰-0073","02","명동","73.00000000","느티나무","25.00000000","15.00000000","9.00000000","숭의여대별관","60","5.00000000","10.00000000","6.00000000","6","9","3.00000000","1.00000000","Zelkova serrata Makino","2.00000000","36.00000000","공원녹지과","198772","198772.0002"
"20000316","중구","2-회현동-큰-0172","02","회현동","172.00000000","은행나무","23.00000000","7.00000000","6.00000000","연세빌딩","70","5.00000000","10.00000000","6.00000000","6","9","3.00000000","2.00000000","Ginkgo biloba L.","0E-8","0E-8","공원녹지과","197692.111","197692.1113"
"20000318","중구","2-회현동-큰-0178","02","회현동","178.00000000","은행나무","20.00000000","7.00000000","6.00000000","연세빌딩","70","5.00000000","10.00000000","6.00000000","6","9","3.00000000","2.00000000","Ginkgo biloba L.","0E-8","0E-8","공원녹지과","197690.924","197690.9242"
"20000319","중구","2-신당3동-큰-0021","02","신당3동","21.00000000","아카시아나무","58.00000000","9.00000000","5.00000000","366-255","60","15.00000000","10.00000000","6.00000000","4","9","2.00000000","1.00000000","Robinia pseudacacia L.","2.00000000","44.00000000","공원녹지과","200685.096","200685.0955"
"20000320","중구","2-신당3동-큰-0022","02","신당3동","22.00000000","아카시아나무","43.00000000","6.00000000","2.00000000","366-255","60","10.00000000","10.00000000","6.00000000","4","9","3.00000000","1.00000000","Robinia pseudacacia L.","2.00000000","39.00000000","공원녹지과","200685.41","200685.4104"
"20000321","중구","2-회현동-큰-0006","02","회현동","6.00000000","느티나무","39.00000000","23.00000000","8.00000000","","30","5.00000000","10.00000000","6.00000000","6","9","3.00000000","1.00000000","Zelkova serrata Makino","2.00000000","36.00000000","공원녹지과","198168.396","198168.3964"
"20000322","중구","2-회현동-큰-0008","02","회현동","8.00000000","은행나무","30.00000000","20.00000000","3.00000000","","30","5.00000000","10.00000000","6.00000000","6","9","3.00000000","1.00000000","Ginkgo biloba L.","2.00000000","36.00000000","공원녹지과","198183.037","198183.0368"
"20000323","중구","2-회현동-큰-0009","02","회현동","9.00000000","아카시아나무","32.00000000","25.00000000","10.00000000","","30","5.00000000","10.00000000","6.00000000","4","9","3.00000000","1.00000000","Robinia pseudacacia L.","2.00000000","34.00000000","공원녹지과","198309.102","198309.102"
"20000290","중구","2-명동-큰-0079","02","명동","79.00000000","은행나무","35.00000000","27.00000000","5.00000000","숭의여대별관","60","5.00000000","10.00000000","6.00000000","6","9","3.00000000","1.00000000","Ginkgo biloba L.","2.00000000","36.00000000","공원녹지과","198811.888","198811.8881"
"20000302","중구","2-회현동-큰-0095","02","회현동","95.00000000","은행나무","43.00000000","22.00000000","6.00000000","","50","10.00000000","10.00000000","6.00000000","6","6","3.00000000","1.00000000","Ginkgo biloba L.","2.00000000","38.00000000","공원녹지과","198170.559","198170.5588"
"20000325","중구","2-중림동-큰-0010","02","중림동","10.00000000","느티나무","35.00000000","15.00000000","8.00000000","카톨릭중림동성당","60","5.00000000","10.00000000","6.00000000","6","9","3.00000000","1.00000000","Zelkova serrata Makino","2.00000000","36.00000000","공원녹지과","197096.073","197096.0734"
"20000715","중구","2-소공동-큰-0074","02","소공동","74.00000000","아카시아나무","32.00000000","30.00000000","8.00000000","창덕여중","60","5.00000000","10.00000000","6.00000000","4","9","3.00000000","1.00000000","Robinia pseudacacia L.","2.00000000","34.00000000","공원녹지과","197411.579","197411.5791"
"20000716","중구","2-소공동-큰-0103","02","소공동","103.00000000","은행나무","22.00000000","25.00000000","4.00000000","이화여고","60","5.00000000","10.00000000","6.00000000","6","9","3.00000000","1.00000000","Ginkgo biloba L.","2.00000000","36.00000000","공원녹지과","197217.65","197217.6499"
"20000717","중구","2-충무로4,5동-큰-0096","02","충무로4,5동","96.00000000","은행나무","20.00000000","8.00000000","6.00000000","덕수중학교","60","5.00000000","10.00000000","6.00000000","6","9","3.00000000","1.00000000","Ginkgo biloba L.","2.00000000","36.00000000","공원녹지과","199818.122","199818.1217"
"20000718","중구","2-충무로4,5동-큰-0102","02","충무로4,5동","102.00000000","은행나무","45.00000000","9.00000000","6.00000000","덕수중학교","60","10.00000000","10.00000000","6.00000000","6","9","2.00000000","1.00000000","Ginkgo biloba L.","2.00000000","41.00000000","공원녹지과","199810.065","199810.0655"
"20000720","중구","2-남대문로5가동-큰-0015","02","남대문로5가동","15.00000000","은행나무","36.00000000","30.00000000","5.00000000","서울열차사무소","60","5.00000000","10.00000000","6.00000000","6","9","3.00000000","1.00000000","Ginkgo biloba L.","2.00000000","36.00000000","공원녹지과","197345.451","197345.4505"
"20000906","중구","2-광희동-큰-0051","02","광희동","51.00000000","단풍나무","30.00000000","8.00000000","6.00000000","을지로6가 52번지","10","5.00000000","10.00000000","6.00000000","4","9","3.00000000","1.00000000","Acer palmatum Thunb.","2.00000000","34.00000000","공원녹지과","200429.444","200429.4443"
"20000907","중구","2-남대문로5가동-큰-0034","02","남대문로5가동","34.00000000","은행나무","26.00000000","28.00000000","6.00000000","남대문교회","60","5.00000000","10.00000000","6.00000000","6","9","3.00000000","1.00000000","Ginkgo biloba L.","2.00000000","36.00000000","공원녹지과","197794.995","197794.9945"
"20000908","중구","2-회현동-큰-0137","02","회현동","137.00000000","느티나무","38.00000000","16.00000000","10.00000000","남산공원","50","5.00000000","10.00000000","6.00000000","6","6","3.00000000","1.00000000","Zelkova serrata Makino","2.00000000","33.00000000","공원녹지과","198454.244","198454.2437"
"20000909","중구","2-신당6동-큰-0028","02","신당6동","28.00000000","은행나무","22.00000000","6.00000000","1.00000000","흥인초교","60","5.00000000","10.00000000","6.00000000","6","9","3.00000000","1.00000000","Ginkgo biloba L.","2.00000000","36.00000000","공원녹지과","201265.799","201265.7989"
"20000911","중구","2-장충동-큰-0305","02","장충동","305.00000000","소나무","20.00000000","6.00000000","3.00000000","서울중부수도사업부","60","5.00000000","10.00000000","6.00000000","6","9","3.00000000","1.00000000","Pinus densiflora S et Z.","2.00000000","36.00000000","공원녹지과","200236.429","200236.4294"
"20000912","중구","2-장충동-큰-0076","02","장충동","76.00000000","양버즘나무","22.00000000","18.00000000","7.00000000","동국대학교","60","5.00000000","10.00000000","6.00000000","2","9","3.00000000","1.00000000","Platanus occidentalis L.","2.00000000","32.00000000","공원녹지과","200043.76","200043.76"
"20000913","중구","2-장충동-큰-0348","02","장충동","348.00000000","아카시아나무","26.00000000","4.00000000","4.00000000","타워호텔","30","5.00000000","10.00000000","6.00000000","4","9","3.00000000","1.00000000","Robinia pseudacacia L.","2.00000000","34.00000000","공원녹지과","200192.381","200192.3805"
"20000914","중구","2-장충동-큰-0364","02","장충동","364.00000000","아카시아나무","33.00000000","8.00000000","4.00000000","자유센터","60","5.00000000","10.00000000","6.00000000","4","9","3.00000000","1.00000000","Robinia pseudacacia L.","2.00000000","34.00000000","공원녹지과","200152.872","200152.8723"
"20000915","중구","2-회현동-큰-0166","02","회현동","166.00000000","은행나무","23.00000000","7.00000000","6.00000000","연세빌딩","70","5.00000000","10.00000000","6.00000000","6","9","3.00000000","2.00000000","Ginkgo biloba L.","0E-8","0E-8","공원녹지과","197698.256","197698.2565"
"20000916","중구","2-명동-큰-0077","02","명동","77.00000000","아카시아나무","21.00000000","20.00000000","10.00000000","숭의여대별관","30","5.00000000","10.00000000","6.00000000","4","9","3.00000000","1.00000000","Robinia pseudacacia L.","2.00000000","34.00000000","공원녹지과","198663.654","198663.6537"
"20000918","중구","2-명동-큰-0063","02","명동","63.00000000","아카시아나무","59.00000000","30.00000000","14.00000000","한국은행부지","30","15.00000000","10.00000000","6.00000000","4","9","2.00000000","1.00000000","Robinia pseudacacia L.","2.00000000","44.00000000","공원녹지과","198766.626","198766.6256"
"20000920","중구","2-신당3동-큰-0029","02","신당3동","29.00000000","소나무","20.00000000","5.00000000","2.00000000","중구청소년수련관","60","5.00000000","10.00000000","6.00000000","6","9","3.00000000","1.00000000","Pinus densiflora S et Z.","2.00000000","36.00000000","공원녹지과","201121.097","201121.097"
"20000921","중구","2-신당3동-큰-0037","02","신당3동","37.00000000","버드나무","30.00000000","8.00000000","6.00000000","금호터널상단","60","5.00000000","10.00000000","6.00000000","6","9","3.00000000","1.00000000","","2.00000000","36.00000000","공원녹지과","201173.667","201173.667"
"20000922","중구","2-신당4동-큰-0045","02","신당4동","45.00000000","은행나무","31.00000000","12.00000000","8.00000000","신일교회","60","5.00000000","10.00000000","6.00000000","6","9","3.00000000","1.00000000","Ginkgo biloba L.","2.00000000","36.00000000","공원녹지과","201080.854","201080.8545"
"20000923","중구","2-신당4동-큰-0057","02","신당4동","57.00000000","향나무","21.00000000","7.00000000","5.00000000","로얄빌라","20","5.00000000","10.00000000","6.00000000","4","9","3.00000000","1.00000000","Juniperus chinensis L.","2.00000000","34.00000000","공원녹지과","201192.065","201192.0655"
"20000924","중구","2-회현동-큰-0204","02","회현동","204.00000000","은행나무","21.00000000","7.00000000","5.00000000","연세빌딩","70","5.00000000","10.00000000","6.00000000","6","9","3.00000000","2.00000000","Ginkgo biloba L.","0E-8","0E-8","공원녹지과","197666.89","197666.8898"
"20000925","중구","2-장충동-큰-0244","02","장충동","244.00000000","자작나무","36.00000000","8.00000000","5.00000000","충무초등학교","60","5.00000000","10.00000000","6.00000000","4","9","3.00000000","1.00000000","Betula platyphylla var.","2.00000000","34.00000000","공원녹지과","200209.615","200209.6152"
"20000926","중구","2-장충동-큰-0270","02","장충동","270.00000000","은행나무","38.00000000","8.00000000","6.00000000","파라다이스㈜","30","5.00000000","10.00000000","6.00000000","6","9","3.00000000","1.00000000","Ginkgo biloba L.","2.00000000","36.00000000","공원녹지과","200338.636","200338.6356"
"20000327","중구","2-회현동-큰-0040","02","회현동","40.00000000","","0E-8","0E-8","0E-8","","0","5.00000000","10.00000000","6.00000000","6","9","3.00000000","1.00000000","","2.00000000","36.00000000","공원녹지과","198245.277","198245.2765"
"20000328","중구","2-회현동-큰-0044","02","회현동","44.00000000","","0E-8","0E-8","0E-8","","0","5.00000000","10.00000000","6.00000000","6","9","3.00000000","1.00000000","","2.00000000","36.00000000","공원녹지과","198242.19","198242.1904"
"20000331","중구","2-회현동-큰-0048","02","회현동","48.00000000","","0E-8","0E-8","0E-8","","0","5.00000000","10.00000000","6.00000000","6","9","3.00000000","1.00000000","","2.00000000","36.00000000","공원녹지과","198255.889","198255.8895"
"20000332","중구","2-회현동-큰-0049","02","회현동","49.00000000","","0E-8","0E-8","0E-8","","0","5.00000000","10.00000000","6.00000000","6","9","3.00000000","1.00000000","","2.00000000","36.00000000","공원녹지과","198233.499","198233.4987"
"20000333","중구","2-회현동-큰-0050","02","회현동","50.00000000","","0E-8","0E-8","0E-8","","0","5.00000000","10.00000000","6.00000000","6","9","3.00000000","1.00000000","","2.00000000","36.00000000","공원녹지과","198236.2","198236.1995"
"20000334","중구","2-회현동-큰-0051","02","회현동","51.00000000","","0E-8","0E-8","0E-8","","0","5.00000000","10.00000000","6.00000000","6","9","3.00000000","1.00000000","","2.00000000","36.00000000","공원녹지과","198228.093","198228.0929"
"20000335","중구","2-회현동-큰-0055","02","회현동","55.00000000","","0E-8","0E-8","0E-8","","0","5.00000000","10.00000000","6.00000000","6","9","3.00000000","1.00000000","","2.00000000","36.00000000","공원녹지과","198182.342","198182.3421"
"20000336","중구","2-회현동-큰-0056","02","회현동","56.00000000","","0E-8","0E-8","0E-8","","0","5.00000000","10.00000000","6.00000000","6","9","3.00000000","1.00000000","","2.00000000","36.00000000","공원녹지과","198179.447","198179.4471"
"20000338","중구","2-필동-큰-0044","02","필동","44.00000000","회화나무","24.00000000","23.00000000","7.00000000","","30","5.00000000","10.00000000","6.00000000","6","9","3.00000000","1.00000000","Sophora japonica L.","2.00000000","36.00000000","공원녹지과","199562.219","199562.2191"
"20000339","중구","2-필동-큰-0046","02","필동","46.00000000","은행나무","37.00000000","22.00000000","8.00000000","","30","5.00000000","10.00000000","6.00000000","6","9","3.00000000","1.00000000","Ginkgo biloba L.","2.00000000","36.00000000","공원녹지과","199621.169","199621.169"
"20000340","중구","2-필동-큰-0050","02","필동","50.00000000","은행나무","26.00000000","16.00000000","6.00000000","","10","5.00000000","10.00000000","6.00000000","6","9","3.00000000","1.00000000","Ginkgo biloba L.","2.00000000","36.00000000","공원녹지과","199688.251","199688.2512"
"20000341","중구","2-필동-큰-0055","02","필동","55.00000000","은행나무","27.00000000","20.00000000","8.00000000","","10","5.00000000","10.00000000","6.00000000","6","9","3.00000000","1.00000000","Ginkgo biloba L.","2.00000000","36.00000000","공원녹지과","199761.925","199761.9246"
"20000342","중구","2-필동-큰-0060","02","필동","60.00000000","느티나무","31.00000000","19.00000000","10.00000000","","30","5.00000000","10.00000000","6.00000000","6","9","3.00000000","1.00000000","Zelkova serrata Makino","2.00000000","36.00000000","공원녹지과","199734.416","199734.4165"
"20000343","중구","2-충무로4,5동-큰-0137","02","충무로4,5동","137.00000000","느티나무","32.00000000","16.00000000","10.00000000","","60","5.00000000","10.00000000","6.00000000","6","9","3.00000000","1.00000000","Zelkova serrata Makino","2.00000000","36.00000000","공원녹지과","199863.254","199863.2544"
"20000344","중구","2-충무로4,5동-큰-0140","02","충무로4,5동","140.00000000","회화나무","23.00000000","20.00000000","9.00000000","","60","5.00000000","10.00000000","6.00000000","6","9","3.00000000","1.00000000","Sophora japonica L.","2.00000000","36.00000000","공원녹지과","199881.714","199881.7143"
"20000346","중구","2-신당6동-큰-0068","02","신당6동","68.00000000","아카시아나무","24.00000000","7.00000000","5.00000000","금호여중","60","5.00000000","10.00000000","6.00000000","4","9","3.00000000","1.00000000","Robinia pseudacacia L.","2.00000000","34.00000000","공원녹지과","201809.792","201809.7922"
"20000347","중구","2-신당6동-큰-0069","02","신당6동","69.00000000","아카시아나무","23.00000000","7.00000000","4.00000000","금호여중","60","5.00000000","10.00000000","6.00000000","4","9","3.00000000","1.00000000","Robinia pseudacacia L.","2.00000000","34.00000000","공원녹지과","201787.224","201787.2238"
"20000348","중구","2-신당2동-큰-0048","02","신당2동","48.00000000","은행나무","26.00000000","9.00000000","5.00000000","432-1772","10","5.00000000","10.00000000","6.00000000","6","9","3.00000000","1.00000000","Ginkgo biloba L.","2.00000000","36.00000000","공원녹지과","200447.064","200447.0644"
"20000350","중구","2-장충동-큰-0047","02","장충동","47.00000000","아카시아나무","25.00000000","20.00000000","8.00000000","동국대학교","60","5.00000000","10.00000000","6.00000000","4","9","3.00000000","1.00000000","Robinia pseudacacia L.","2.00000000","34.00000000","공원녹지과","199985.457","199985.4571"
"20000351","중구","2-장충동-큰-0048","02","장충동","48.00000000","아카시아나무","20.00000000","18.00000000","10.00000000","동국대학교","60","5.00000000","10.00000000","6.00000000","4","9","3.00000000","1.00000000","Robinia pseudacacia L.","2.00000000","34.00000000","공원녹지과","199991.101","199991.1006"
"20000352","중구","2-장충동-큰-0058","02","장충동","58.00000000","은행나무","30.00000000","17.00000000","7.00000000","동국대학교","60","5.00000000","10.00000000","6.00000000","6","9","3.00000000","1.00000000","Ginkgo biloba L.","2.00000000","36.00000000","공원녹지과","199893.596","199893.5962"
"20000353","중구","2-장충동-큰-0068","02","장충동","68.00000000","양버즘나무","22.00000000","12.00000000","4.00000000","동국대학교","60","5.00000000","10.00000000","6.00000000","2","9","3.00000000","1.00000000","Platanus occidentalis L.","2.00000000","32.00000000","공원녹지과","200046.89","200046.8903"
"20000355","중구","2-신당2동-큰-0057","02","신당2동","57.00000000","은행나무","32.00000000","6.00000000","3.00000000","432-742","10","5.00000000","10.00000000","6.00000000","6","9","3.00000000","1.00000000","Ginkgo biloba L.","2.00000000","36.00000000","공원녹지과","200604.136","200604.1363"
"20000356","중구","2-장충동-큰-0010","02","장충동","10.00000000","느티나무","24.00000000","15.00000000","10.00000000","","60","5.00000000","10.00000000","6.00000000","6","9","3.00000000","1.00000000","Zelkova serrata Makino","2.00000000","36.00000000","공원녹지과","199904.866","199904.8664"
"20000989","중구","2-회현동-큰-0161","02","회현동","161.00000000","은행나무","20.00000000","7.00000000","5.00000000","연세빌딩","70","5.00000000","10.00000000","6.00000000","6","9","3.00000000","2.00000000","Ginkgo biloba L.","0E-8","0E-8","공원녹지과","197709.3","197709.3002"
"20000990","중구","2-장충동-큰-0283","02","장충동","283.00000000","회화나무","40.00000000","8.00000000","5.00000000","파라다이스㈜","30","5.00000000","10.00000000","6.00000000","6","9","3.00000000","1.00000000","Sophora japonica L.","2.00000000","36.00000000","공원녹지과","200416.847","200416.8471"
"20000991","중구","2-필동-큰-0090","02","필동","90.00000000","아카시아나무","28.00000000","20.00000000","5.00000000","","60","5.00000000","10.00000000","6.00000000","4","9","3.00000000","1.00000000","Robinia pseudacacia L.","2.00000000","34.00000000","공원녹지과","199577.711","199577.7112"
"20000993","중구","2-소공동-큰-0204","02","소공동","204.00000000","느티나무","30.00000000","29.00000000","15.00000000","덕수궁","50","5.00000000","10.00000000","6.00000000","6","6","3.00000000","1.00000000","Zelkova serrata Makino","2.00000000","33.00000000","공원녹지과","197798.983","197798.9834"
"20000994","중구","2-남대문로5가동-큰-0013","02","남대문로5가동","13.00000000","은행나무","45.00000000","35.00000000","7.00000000","서울열차사무소","60","10.00000000","10.00000000","6.00000000","6","9","2.00000000","1.00000000","Ginkgo biloba L.","2.00000000","41.00000000","공원녹지과","197369.367","197369.367"
"20000572","중구","2-소공동-큰-0306","02","소공동","306.00000000","은행나무","23.00000000","23.00000000","7.00000000","","30","5.00000000","10.00000000","6.00000000","6","9","3.00000000","1.00000000","Ginkgo biloba L.","2.00000000","36.00000000","공원녹지과","197554.941","197554.941"
"20000573","중구","2-소공동-큰-0308","02","소공동","308.00000000","은행나무","21.00000000","21.00000000","6.00000000","","30","5.00000000","10.00000000","6.00000000","6","9","3.00000000","1.00000000","Ginkgo biloba L.","2.00000000","36.00000000","공원녹지과","197550.892","197550.8924"
"20000574","중구","2-소공동-큰-0314","02","소공동","314.00000000","느티나무","27.00000000","25.00000000","8.00000000","","50","5.00000000","10.00000000","6.00000000","6","6","3.00000000","1.00000000","Zelkova serrata Makino","2.00000000","33.00000000","공원녹지과","197466.062","197466.0625"
"20000576","중구","2-회현동-큰-0195","02","회현동","195.00000000","은행나무","20.00000000","6.00000000","6.00000000","연세빌딩","70","5.00000000","10.00000000","6.00000000","6","9","3.00000000","2.00000000","Ginkgo biloba L.","0E-8","0E-8","공원녹지과","197674.754","197674.7544"
"20000551","중구","2-소공동-큰-0117","02","소공동","117.00000000","측백나무","30.00000000","19.00000000","8.00000000","이화여고","60","5.00000000","10.00000000","6.00000000","6","9","3.00000000","1.00000000","Thuja orientalis L.","2.00000000","36.00000000","공원녹지과","197243.016","197243.0164"
"20000577","중구","2-회현동-큰-0206","02","회현동","206.00000000","은행나무","21.00000000","6.00000000","6.00000000","연세빌딩","70","5.00000000","10.00000000","6.00000000","6","9","3.00000000","2.00000000","Ginkgo biloba L.","0E-8","0E-8","공원녹지과","197663.334","197663.3341"
"20000578","중구","2-회현동-큰-0205","02","회현동","205.00000000","은행나무","20.00000000","6.00000000","6.00000000","연세빌딩","70","5.00000000","10.00000000","6.00000000","6","9","3.00000000","2.00000000","Ginkgo biloba L.","0E-8","0E-8","공원녹지과","197665.165","197665.1654"
"20000579","중구","2-장충동-큰-0107","02","장충동","107.00000000","아카시아나무","38.00000000","26.00000000","12.00000000","동국대학교","60","5.00000000","10.00000000","6.00000000","4","9","3.00000000","1.00000000","Robinia pseudacacia L.","2.00000000","34.00000000","공원녹지과","200113.979","200113.9788"
"20000580","중구","2-명동-큰-0036","02","명동","36.00000000","은행나무","60.00000000","13.00000000","7.00000000","명동성당","60","15.00000000","10.00000000","6.00000000","6","9","2.00000000","1.00000000","Ginkgo biloba L.","2.00000000","46.00000000","공원녹지과","198915.409","198915.4095"
"20000582","중구","2-신당2동-큰-0004","02","신당2동","4.00000000","향나무","21.00000000","5.00000000","3.00000000","장충여중","60","5.00000000","10.00000000","6.00000000","4","9","3.00000000","1.00000000","Juniperus chinensis L.","2.00000000","34.00000000","공원녹지과","200510.52","200510.5199"
"20000583","중구","2-신당4동-큰-0033","02","신당4동","33.00000000","양버즘나무","40.00000000","7.00000000","3.00000000","대경중고교","60","5.00000000","10.00000000","6.00000000","6","9","3.00000000","1.00000000","Platanus occidentalis L.","2.00000000","36.00000000","공원녹지과","201505.123","201505.1229"
"20000584","중구","2-장충동-큰-0354","02","장충동","354.00000000","소나무","21.00000000","4.00000000","2.00000000","타워호텔","30","5.00000000","10.00000000","6.00000000","6","9","3.00000000","1.00000000","Pinus densiflora S et Z.","2.00000000","36.00000000","공원녹지과","200130.273","200130.2732"
"20000585","중구","2-신당3동-큰-0033","02","신당3동","33.00000000","은행나무","22.00000000","4.00000000","2.00000000","금호터널입구","60","5.00000000","10.00000000","6.00000000","6","9","3.00000000","1.00000000","Ginkgo biloba L.","2.00000000","36.00000000","공원녹지과","201157.811","201157.8105"
"20000586","중구","2-신당2동-큰-0027","02","신당2동","27.00000000","단풍나무","30.00000000","7.00000000","6.00000000","","60","5.00000000","10.00000000","6.00000000","4","9","3.00000000","1.00000000","Acer palmatum Thunb.","2.00000000","34.00000000","공원녹지과","200776.427","200776.4271"
"20000588","중구","2-필동-큰-0080","02","필동","80.00000000","단풍나무","21.00000000","14.00000000","8.00000000","","60","5.00000000","10.00000000","6.00000000","6","9","3.00000000","1.00000000","Acer palmatum Thunb.","2.00000000","36.00000000","공원녹지과","199513.134","199513.1343"
"20000589","중구","2-장충동-큰-0109","02","장충동","109.00000000","느티나무","52.00000000","31.00000000","11.00000000","","60","15.00000000","10.00000000","6.00000000","6","9","2.00000000","1.00000000","Zelkova serrata Makino","2.00000000","46.00000000","공원녹지과","199659.461","199659.4606"
"20000590","중구","2-회현동-큰-0127","02","회현동","127.00000000","아카시아나무","30.00000000","27.00000000","4.00000000","한국은행부지","30","5.00000000","10.00000000","6.00000000","4","9","3.00000000","1.00000000","Robinia pseudacacia L.","2.00000000","34.00000000","공원녹지과","198552.909","198552.9086"
"20000591","중구","2-회현동-큰-0036","02","회현동","36.00000000","","0E-8","0E-8","0E-8","","0","5.00000000","10.00000000","6.00000000","6","9","3.00000000","1.00000000","","2.00000000","36.00000000","공원녹지과","198249.141","198249.1408"
"20000251","중구","2-신당4동-큰-0023","02","신당4동","23.00000000","양버즘나무","26.00000000","4.00000000","2.00000000","대경중고교","60","5.00000000","10.00000000","6.00000000","2","9","3.00000000","1.00000000","Platanus occidentalis L.","2.00000000","32.00000000","공원녹지과","201496.957","201496.9569"
"20000252","중구","2-신당4동-큰-0029","02","신당4동","29.00000000","양버즘나무","28.00000000","5.00000000","2.00000000","대경중고교","60","5.00000000","10.00000000","6.00000000","2","9","3.00000000","1.00000000","Platanus occidentalis L.","2.00000000","32.00000000","공원녹지과","201512.634","201512.6343"
"20000230","중구","2-중림동-큰-0114","02","중림동","114.00000000","회화나무","25.00000000","25.00000000","10.00000000","봉래초등학교","60","5.00000000","10.00000000","6.00000000","6","9","3.00000000","1.00000000","Sophora japonica L.","2.00000000","36.00000000","공원녹지과","196926.997","196926.9969"
"20000243","중구","2-신당6동-큰-0029","02","신당6동","29.00000000","향나무","26.00000000","9.00000000","5.00000000","294-12","10","5.00000000","10.00000000","6.00000000","4","9","3.00000000","1.00000000","Juniperus chinensis L.","2.00000000","34.00000000","공원녹지과","201291.743","201291.7426"
"20000253","중구","2-신당4동-큰-0030","02","신당4동","30.00000000","양버즘나무","32.00000000","7.00000000","4.00000000","대경중고교","60","5.00000000","10.00000000","6.00000000","2","9","3.00000000","1.00000000","Platanus occidentalis L.","2.00000000","32.00000000","공원녹지과","201487.555","201487.5546"
"20000254","중구","2-신당4동-큰-0038","02","신당4동","38.00000000","백합나무","29.00000000","6.00000000","4.00000000","대경중고교","60","5.00000000","10.00000000","6.00000000","2","9","3.00000000","1.00000000","Liriodendron tulipifera L.","2.00000000","32.00000000","공원녹지과","201485.401","201485.4007"
"20000255","중구","2-신당6동-큰-0051","02","신당6동","51.00000000","느티나무","21.00000000","5.00000000","5.00000000","현대아파트","20","5.00000000","10.00000000","6.00000000","6","9","3.00000000","1.00000000","Zelkova serrata Makino","2.00000000","36.00000000","공원녹지과","201928.528","201928.5277"
"20000256","중구","2-신당6동-큰-0057","02","신당6동","57.00000000","느티나무","23.00000000","5.00000000","5.00000000","현대아파트","20","5.00000000","10.00000000","6.00000000","6","9","3.00000000","1.00000000","Zelkova serrata Makino","2.00000000","36.00000000","공원녹지과","201935.433","201935.4328"
"20000260","중구","2-장충동-큰-0296","02","장충동","296.00000000","단풍나무","20.00000000","5.00000000","4.00000000","","60","5.00000000","10.00000000","6.00000000","6","9","3.00000000","1.00000000","Acer palmatum Thunb.","2.00000000","36.00000000","공원녹지과","200328.462","200328.4617"
"20000032","중구","2-만리동1가-큰-0020","02","만리동1가","9.00000000","느티나무","25.00000000","4.00000000","6.00000000","서울역","50","5.00000000","10.00000000","6.00000000","6","9","3.00000000","1.00000000","Zelkova serrata Makino","2.00000000","36.00000000","공원녹지과","197289.358","197289.3584"
"20000033","중구","2-만리동1가-큰-0019","02","만리동1가","8.00000000","느티나무","26.00000000","4.00000000","6.00000000","서울역","50","5.00000000","10.00000000","6.00000000","6","9","3.00000000","1.00000000","Zelkova serrata Makino","2.00000000","36.00000000","공원녹지과","197295.759","197295.7593"
"20000034","중구","2-만리동1가-큰-0018","02","만리동1가","7.00000000","느티나무","25.00000000","4.00000000","6.00000000","서울역","50","5.00000000","10.00000000","6.00000000","6","9","3.00000000","1.00000000","Zelkova serrata Makino","2.00000000","36.00000000","공원녹지과","197289.245","197289.2453"
"20000036","중구","2-장충동-큰-0238","02","장충동","238.00000000","자작나무","35.00000000","8.00000000","5.00000000","충무초등학교","60","5.00000000","10.00000000","6.00000000","4","9","3.00000000","1.00000000","Betula platyphylla var.","2.00000000","34.00000000","공원녹지과","200210.228","200210.2277"
"20000037","중구","2-장충동-큰-0248","02","장충동","248.00000000","양버즘나무","31.00000000","7.00000000","4.00000000","충무초등학교","60","5.00000000","10.00000000","6.00000000","2","9","3.00000000","1.00000000","Platanus occidentalis L.","2.00000000","32.00000000","공원녹지과","200112.418","200112.4179"
"20000038","중구","2-장충동-큰-0249","02","장충동","249.00000000","양버즘나무","30.00000000","7.00000000","4.00000000","충무초등학교","60","5.00000000","10.00000000","6.00000000","2","9","3.00000000","1.00000000","Platanus occidentalis L.","2.00000000","32.00000000","공원녹지과","200131.856","200131.8561"
"20000039","중구","2-장충동-큰-0253","02","장충동","253.00000000","소나무","27.00000000","5.00000000","5.00000000","관성묘","60","5.00000000","10.00000000","6.00000000","6","9","3.00000000","1.00000000","Pinus densiflora S et Z.","2.00000000","36.00000000","공원녹지과","200277.569","200277.5692"
"20000040","중구","2-장충동-큰-0259","02","장충동","259.00000000","은행나무","29.00000000","8.00000000","5.00000000","188-4","30","5.00000000","10.00000000","6.00000000","6","9","3.00000000","1.00000000","Ginkgo biloba L.","2.00000000","36.00000000","공원녹지과","200419.989","200419.9886"
"20000041","중구","2-장충동-큰-0261","02","장충동","261.00000000","느릅나무","30.00000000","8.00000000","6.00000000","파라다이스㈜","30","5.00000000","10.00000000","6.00000000","4","9","3.00000000","1.00000000","Ulmus davidiana var","2.00000000","34.00000000","공원녹지과","200328.005","200328.0052"
"20000042","중구","2-장충동-큰-0265","02","장충동","265.00000000","은행나무","40.00000000","8.00000000","5.00000000","파라다이스㈜","30","5.00000000","10.00000000","6.00000000","6","9","3.00000000","1.00000000","Ginkgo biloba L.","2.00000000","36.00000000","공원녹지과","200323","200323"
"20000044","중구","2-장충동-큰-0276","02","장충동","276.00000000","회화나무","31.00000000","8.00000000","5.00000000","파라다이스㈜","30","5.00000000","10.00000000","6.00000000","6","9","3.00000000","1.00000000","Sophora japonica L.","2.00000000","36.00000000","공원녹지과","200386.173","200386.1733"
"20000046","중구","2-장충동-큰-0284","02","장충동","284.00000000","느릅나무","22.00000000","8.00000000","4.00000000","파라다이스㈜","30","5.00000000","10.00000000","6.00000000","4","9","3.00000000","1.00000000","Ulmus davidiana var","2.00000000","34.00000000","공원녹지과","200415.912","200415.9123"
"20000047","중구","2-장충동-큰-0120","02","장충동","120.00000000","은행나무","38.00000000","20.00000000","4.00000000","국립극장","60","5.00000000","10.00000000","6.00000000","6","9","3.00000000","1.00000000","Ginkgo biloba L.","2.00000000","36.00000000","공원녹지과","200066.882","200066.8818"
"20000048","중구","2-장충동-큰-0123","02","장충동","123.00000000","은행나무","22.00000000","15.00000000","5.00000000","국립극장","60","5.00000000","10.00000000","6.00000000","6","9","3.00000000","1.00000000","Ginkgo biloba L.","2.00000000","36.00000000","공원녹지과","200089.084","200089.0839"
"20000049","중구","2-장충동-큰-0133","02","장충동","133.00000000","대추나무","34.00000000","6.00000000","4.00000000","동국대학교","60","5.00000000","10.00000000","6.00000000","4","9","3.00000000","1.00000000","Zizyphus jujuba var.","2.00000000","34.00000000","공원녹지과","200176.05","200176.05"
"20000050","중구","2-장충동-큰-0135","02","장충동","135.00000000","소나무","20.00000000","5.00000000","3.00000000","동국대학교","60","5.00000000","10.00000000","6.00000000","6","9","3.00000000","1.00000000","Pinus densiflora S et Z.","2.00000000","36.00000000","공원녹지과","200168.839","200168.8394"
"20000051","중구","2-장충동-큰-0138","02","장충동","138.00000000","백합나무","30.00000000","5.00000000","5.00000000","동국대학교","60","5.00000000","10.00000000","6.00000000","6","9","3.00000000","1.00000000","Liriodendron tulipifera L.","2.00000000","36.00000000","공원녹지과","200156.622","200156.6218"
"20000053","중구","2-회현동-큰-0062","02","회현동","62.00000000","양버즘나무","23.00000000","16.00000000","6.00000000","","50","5.00000000","10.00000000","6.00000000","2","6","4.00000000","1.00000000","Platanus occidentalis L.","2.00000000","29.00000000","공원녹지과","198162.464","198162.4641"
"20000054","중구","2-회현동-큰-0068","02","회현동","68.00000000","느티나무","29.00000000","15.00000000","8.00000000","","50","5.00000000","10.00000000","6.00000000","6","6","3.00000000","1.00000000","Zelkova serrata Makino","2.00000000","33.00000000","공원녹지과","198213.04","198213.0396"
"20000055","중구","2-남대문로5가동-큰-0054","02","남대문로5가동","54.00000000","느티나무","26.00000000","18.00000000","10.00000000","남대문교회","50","5.00000000","10.00000000","6.00000000","6","6","3.00000000","1.00000000","Zelkova serrata Makino","2.00000000","33.00000000","공원녹지과","198199.345","198199.3449"
"20000056","중구","2-신당1동-큰-0105","02","신당1동","105.00000000","향나무","28.00000000","4.00000000","2.00000000","103","10","5.00000000","10.00000000","6.00000000","4","9","3.00000000","1.00000000","Juniperus chinensis L.","2.00000000","34.00000000","공원녹지과","200845.582","200845.5822"
"20000057","중구","2-신당1동-큰-0108","02","신당1동","108.00000000","소나무","31.00000000","4.00000000","2.00000000","103","10","5.00000000","10.00000000","6.00000000","6","9","3.00000000","1.00000000","Pinus densiflora S et Z.","2.00000000","36.00000000","공원녹지과","200841.503","200841.5028"
"20000059","중구","2-장충동-큰-0292","02","장충동","292.00000000","소나무","21.00000000","4.00000000","3.00000000","라임카운티","20","5.00000000","10.00000000","6.00000000","6","9","3.00000000","1.00000000","Pinus densiflora S et Z.","2.00000000","36.00000000","공원녹지과","200600.588","200600.5879"
"20000357","중구","2-장충동-큰-0015","02","장충동","15.00000000","회화나무","34.00000000","31.00000000","12.00000000","동국대학교","60","5.00000000","10.00000000","6.00000000","6","9","3.00000000","1.00000000","Sophora japonica L.","2.00000000","36.00000000","공원녹지과","199906.543","199906.5427"
"20000358","중구","2-필동-큰-0066","02","필동","66.00000000","물푸레나무","33.00000000","23.00000000","7.00000000","동국대학교","60","5.00000000","10.00000000","6.00000000","4","9","3.00000000","1.00000000","Abeliophyllum distchum Nak.","2.00000000","34.00000000","공원녹지과","199854.187","199854.1874"
"20000359","중구","2-필동-큰-0067","02","필동","67.00000000","물푸레나무","29.00000000","24.00000000","8.00000000","동국대학교","60","5.00000000","10.00000000","6.00000000","4","9","3.00000000","1.00000000","Abeliophyllum distchum Nak.","2.00000000","34.00000000","공원녹지과","199849.488","199849.4878"
"20000360","중구","2-남대문로5가동-큰-0031","02","남대문로5가동","31.00000000","은행나무","31.00000000","29.00000000","8.00000000","철도청","60","5.00000000","10.00000000","6.00000000","6","9","3.00000000","1.00000000","Ginkgo biloba L.","2.00000000","36.00000000","공원녹지과","197312.657","197312.6571"
"20000361","중구","2-신당6동-큰-0025","02","신당6동","25.00000000","단풍나무","24.00000000","4.00000000","5.00000000","청구초교","60","5.00000000","10.00000000","6.00000000","4","9","3.00000000","1.00000000","Acer palmatum Thunb.","2.00000000","34.00000000","공원녹지과","201276.126","201276.1264"
"20000362","중구","2-신당2동-큰-0006","02","신당2동","6.00000000","은행나무","25.00000000","11.00000000","6.00000000","장충중고교","60","5.00000000","10.00000000","6.00000000","6","9","3.00000000","1.00000000","Ginkgo biloba L.","2.00000000","36.00000000","공원녹지과","200590.916","200590.9161"
"20000363","중구","2-신당4동-큰-0028","02","신당4동","28.00000000","양버즘나무","26.00000000","4.00000000","2.00000000","대경중고교","60","5.00000000","10.00000000","6.00000000","2","9","3.00000000","1.00000000","Platanus occidentalis L.","2.00000000","32.00000000","공원녹지과","201518.291","201518.2914"
"20000364","중구","2-회현동-큰-0173","02","회현동","173.00000000","은행나무","23.00000000","7.00000000","6.00000000","연세빌딩","70","5.00000000","10.00000000","6.00000000","6","9","3.00000000","2.00000000","Ginkgo biloba L.","0E-8","0E-8","공원녹지과","197694.374","197694.374"
"20000366","중구","2-신당2동-큰-0037","02","신당2동","37.00000000","느티나무","65.00000000","12.00000000","13.00000000","","10","15.00000000","10.00000000","6.00000000","6","9","2.00000000","1.00000000","Zelkova serrata Makino","2.00000000","46.00000000","공원녹지과","200741.408","200741.4082"
"20000367","중구","2-장충동-큰-0262","02","장충동","262.00000000","단풍나무","21.00000000","5.00000000","3.00000000","파라다이스㈜","30","5.00000000","10.00000000","6.00000000","4","9","3.00000000","1.00000000","Acer palmatum Thunb.","2.00000000","34.00000000","공원녹지과","200316.732","200316.7322"
"20000368","중구","2-필동-큰-0077","02","필동","77.00000000","은행나무","29.00000000","27.00000000","10.00000000","","60","5.00000000","10.00000000","6.00000000","6","9","3.00000000","1.00000000","Ginkgo biloba L.","2.00000000","36.00000000","공원녹지과","199464.572","199464.5724"
"20000369","중구","2-장충동-큰-0115","02","장충동","115.00000000","은행나무","20.00000000","17.00000000","8.00000000","국립극장","60","5.00000000","10.00000000","6.00000000","6","9","3.00000000","1.00000000","Ginkgo biloba L.","2.00000000","36.00000000","공원녹지과","200001.565","200001.5648"
"20000370","중구","2-회현동-큰-0093","02","회현동","93.00000000","느티나무","24.00000000","18.00000000","9.00000000","","50","5.00000000","10.00000000","6.00000000","6","6","3.00000000","1.00000000","Zelkova serrata Makino","2.00000000","33.00000000","공원녹지과","198175","198175"
"20000371","중구","2-회현동-큰-0123","02","회현동","123.00000000","느티나무","40.00000000","25.00000000","8.00000000","한국은행부지","30","5.00000000","10.00000000","6.00000000","6","9","3.00000000","1.00000000","Zelkova serrata Makino","2.00000000","36.00000000","공원녹지과","198557.413","198557.4126"
"20000373","중구","2-충무로4,5동-큰-0139","02","충무로4,5동","139.00000000","은행나무","33.00000000","23.00000000","11.00000000","","60","5.00000000","10.00000000","6.00000000","6","9","3.00000000","1.00000000","Ginkgo biloba L.","2.00000000","36.00000000","공원녹지과","199870.143","199870.1427"
"20000499","중구","2-태평로1가동-큰-0064","02","태평로1가동","64.00000000","느티나무","29.00000000","16.00000000","7.00000000","롯데호텔","30","5.00000000","10.00000000","6.00000000","6","9","3.00000000","1.00000000","Zelkova serrata Makino","2.00000000","36.00000000","공원녹지과","198294.983","198294.983"
"20000500","중구","2-태평로1가동-큰-0069","02","태평로1가동","69.00000000","느티나무","35.00000000","20.00000000","10.00000000","롯데호텔","30","5.00000000","10.00000000","6.00000000","6","9","3.00000000","1.00000000","Zelkova serrata Makino","2.00000000","36.00000000","공원녹지과","198328.616","198328.6156"
"20000501","중구","2-소공동-큰-0234","02","소공동","234.00000000","은행나무","34.00000000","28.00000000","9.00000000","롯데호텔","30","5.00000000","10.00000000","6.00000000","6","9","3.00000000","1.00000000","Ginkgo biloba L.","2.00000000","36.00000000","공원녹지과","197951.576","197951.5755"
"20000502","중구","2-소공동-큰-0235","02","소공동","235.00000000","은행나무","32.00000000","27.00000000","8.00000000","롯데호텔","30","5.00000000","10.00000000","6.00000000","6","9","3.00000000","1.00000000","Ginkgo biloba L.","2.00000000","36.00000000","공원녹지과","197951.788","197951.7882"
"20000503","중구","2-소공동-큰-0238","02","소공동","238.00000000","은행나무","37.00000000","28.00000000","8.00000000","롯데호텔","30","5.00000000","10.00000000","6.00000000","6","9","3.00000000","1.00000000","Ginkgo biloba L.","2.00000000","36.00000000","공원녹지과","197950.408","197950.4083"
"20000504","중구","2-소공동-큰-0243","02","소공동","243.00000000","느티나무","24.00000000","20.00000000","10.00000000","롯데호텔","30","5.00000000","10.00000000","6.00000000","6","9","3.00000000","1.00000000","Zelkova serrata Makino","2.00000000","36.00000000","공원녹지과","197941.007","197941.0073"
"20000471","중구","2-소공동-큰-0156","02","소공동","156.00000000","회화나무","36.00000000","40.00000000","10.00000000","시립미술관","60","5.00000000","10.00000000","6.00000000","6","9","3.00000000","1.00000000","Sophora japonica L.","2.00000000","36.00000000","공원녹지과","197654.607","197654.6069"
"20000483","중구","2-소공동-큰-0221","02","소공동","221.00000000","느티나무","22.00000000","24.00000000","11.00000000","덕수궁","50","5.00000000","10.00000000","6.00000000","6","6","3.00000000","1.00000000","Zelkova serrata Makino","2.00000000","33.00000000","공원녹지과","197815.56","197815.5598"
"20000592","중구","2-장충동-큰-0046","02","장충동","46.00000000","회화나무","22.00000000","24.00000000","7.00000000","동국대학교","60","5.00000000","10.00000000","6.00000000","6","9","3.00000000","1.00000000","Sophora japonica L.","2.00000000","36.00000000","공원녹지과","199935.649","199935.6494"
"20000593","중구","2-장충동-큰-0018","02","장충동","18.00000000","아카시아나무","26.00000000","24.00000000","8.00000000","동국대학교","60","5.00000000","10.00000000","6.00000000","4","9","3.00000000","1.00000000","Robinia pseudacacia L.","2.00000000","34.00000000","공원녹지과","199903.088","199903.0882"
"20000594","중구","2-태평로1가동-큰-0114","02","태평로1가동","114.00000000","느티나무","50.00000000","5.00000000","5.00000000","장교동 쁘렝땅백화점","30","10.00000000","10.00000000","6.00000000","6","9","2.00000000","1.00000000","Zelkova serrata Makino","2.00000000","41.00000000","공원녹지과","198877.613","198877.6125"
"20000596","중구","2-소공동-큰-0099","02","소공동","99.00000000","은행나무","33.00000000","31.00000000","6.00000000","이화여고","60","5.00000000","10.00000000","6.00000000","6","9","3.00000000","1.00000000","Ginkgo biloba L.","2.00000000","36.00000000","공원녹지과","197210.467","197210.4673"
"20000597","중구","2-소공동-큰-0136","02","소공동","136.00000000","측백나무","20.00000000","18.00000000","8.00000000","이화여고","60","5.00000000","10.00000000","6.00000000","6","9","3.00000000","1.00000000","Thuja orientalis L.","2.00000000","36.00000000","공원녹지과","197319.215","197319.2154"
"20000721","중구","2-남대문로5가동-큰-0021","02","남대문로5가동","21.00000000","메타세콰이어","32.00000000","36.00000000","5.00000000","서울열차사무소","60","5.00000000","10.00000000","6.00000000","2","9","3.00000000","1.00000000","Metasequoia glyptostroboides Hu et cheng","2.00000000","32.00000000","공원녹지과","197297.218","197297.2181"
"20000722","중구","2-회현동-큰-0004","02","회현동","4.00000000","은행나무","34.00000000","30.00000000","4.00000000","","30","5.00000000","10.00000000","6.00000000","6","9","3.00000000","1.00000000","Ginkgo biloba L.","2.00000000","36.00000000","공원녹지과","198154.904","198154.9035"
"20000725","중구","2-중림동-큰-0091","02","중림동","91.00000000","양버즘나무","30.00000000","31.00000000","12.00000000","봉래초등학교","60","5.00000000","10.00000000","6.00000000","2","9","3.00000000","1.00000000","Platanus occidentalis L.","2.00000000","32.00000000","공원녹지과","196803.261","196803.2606"
"20000726","중구","2-충무로4,5동-큰-0108","02","충무로4,5동","108.00000000","은행나무","25.00000000","9.00000000","6.00000000","덕수중학교","60","5.00000000","10.00000000","6.00000000","6","9","3.00000000","1.00000000","Ginkgo biloba L.","2.00000000","36.00000000","공원녹지과","199708.875","199708.8748"
"20000727","중구","2-충무로4,5동-큰-0120","02","충무로4,5동","120.00000000","향나무","20.00000000","7.00000000","4.00000000","덕수중학교","60","5.00000000","10.00000000","6.00000000","4","9","3.00000000","1.00000000","Juniperus chinensis L.","2.00000000","34.00000000","공원녹지과","199716.982","199716.9825"
"20000728","중구","2-충무로4,5동-큰-0126","02","충무로4,5동","126.00000000","호두나무","20.00000000","12.00000000","7.00000000","인헌어린이공원","50","5.00000000","10.00000000","6.00000000","4","6","3.00000000","1.00000000","Juglans sinensis Dode","2.00000000","31.00000000","공원녹지과","199705.98","199705.9799"
"20000729","중구","2-광희동-큰-0017","02","광희동","17.00000000","느티나무","60.00000000","12.00000000","10.00000000","광희빌딩","30","15.00000000","10.00000000","6.00000000","6","9","2.00000000","1.00000000","Zelkova serrata Makino","2.00000000","46.00000000","공원녹지과","200541.715","200541.7155"
"20000730","중구","2-신당1동-큰-0072","02","신당1동","72.00000000","은행나무","30.00000000","8.00000000","5.00000000","247-5","30","5.00000000","10.00000000","6.00000000","6","9","3.00000000","1.00000000","Ginkgo biloba L.","2.00000000","36.00000000","공원녹지과","201256.029","201256.0286"
"20000732","중구","2-회현동-큰-0190","02","회현동","190.00000000","은행나무","20.00000000","6.00000000","6.00000000","연세빌딩","70","5.00000000","10.00000000","6.00000000","6","9","3.00000000","2.00000000","Ginkgo biloba L.","0E-8","0E-8","공원녹지과","197677.128","197677.1276"
"20000733","중구","2-중림동-큰-0102","02","중림동","102.00000000","은행나무","42.00000000","34.00000000","14.00000000","봉래초등학교","60","10.00000000","10.00000000","6.00000000","6","9","2.00000000","1.00000000","Ginkgo biloba L.","2.00000000","41.00000000","공원녹지과","196792.468","196792.4681"
"20000734","중구","2-신당5동-큰-0036","02","신당5동","36.00000000","아카시아나무","33.00000000","6.00000000","3.00000000","성동고교","60","5.00000000","10.00000000","6.00000000","4","9","3.00000000","1.00000000","Robinia pseudacacia L.","2.00000000","34.00000000","공원녹지과","202077.909","202077.9087"
"20000735","중구","2-필동-큰-0089","02","필동","89.00000000","느티나무","83.00000000","29.00000000","14.00000000","","60","15.00000000","10.00000000","6.00000000","6","9","2.00000000","1.00000000","Zelkova serrata Makino","2.00000000","46.00000000","공원녹지과","199578.336","199578.3362"
"20000737","중구","2-회현동-큰-0103","02","회현동","103.00000000","느티나무","35.00000000","20.00000000","9.00000000","","50","5.00000000","10.00000000","6.00000000","6","6","3.00000000","1.00000000","Zelkova serrata Makino","2.00000000","33.00000000","공원녹지과","198013.477","198013.4771"
"20000738","중구","2-장충동-큰-0037","02","장충동","37.00000000","아카시아나무","24.00000000","22.00000000","7.00000000","동국대학교","60","5.00000000","10.00000000","6.00000000","4","9","3.00000000","1.00000000","Robinia pseudacacia L.","2.00000000","34.00000000","공원녹지과","199996.115","199996.1148"
"20000739","중구","2-소공동-큰-0211","02","소공동","211.00000000","느티나무","37.00000000","20.00000000","14.00000000","덕수궁","50","5.00000000","10.00000000","6.00000000","6","6","3.00000000","1.00000000","Zelkova serrata Makino","2.00000000","33.00000000","공원녹지과","197741.141","197741.1408"
"20000741","중구","2-충무로4,5동-큰-0089","02","충무로4,5동","89.00000000","은행나무","25.00000000","10.00000000","4.00000000","덕수중학교","60","5.00000000","10.00000000","6.00000000","6","9","3.00000000","1.00000000","Ginkgo biloba L.","2.00000000","36.00000000","공원녹지과","199819.625","199819.625"
"20000742","중구","2-충무로4,5동-큰-0136","02","충무로4,5동","136.00000000","느티나무","60.00000000","12.00000000","8.00000000","인헌어린이공원","50","15.00000000","10.00000000","6.00000000","6","6","2.00000000","1.00000000","Zelkova serrata Makino","2.00000000","43.00000000","공원녹지과","199728.121","199728.1209"
"20000928","중구","2-장충동-큰-0137","02","장충동","137.00000000","느릅나무","23.00000000","4.00000000","2.00000000","동국대학교","60","5.00000000","10.00000000","6.00000000","4","9","3.00000000","1.00000000","Ulmus davidiana var","2.00000000","34.00000000","공원녹지과","200162.261","200162.2611"
"20000261","중구","2-장충동-큰-0303","02","장충동","303.00000000","참나무","32.00000000","14.00000000","7.00000000","","60","5.00000000","10.00000000","6.00000000","4","9","3.00000000","1.00000000","Quercus variabilis BL.","2.00000000","34.00000000","공원녹지과","200285.822","200285.822"
"20000258","중구","2-신당6동-큰-0073","02","신당6동","73.00000000","느티나무","40.00000000","7.00000000","6.00000000","금호여중","60","5.00000000","10.00000000","6.00000000","6","9","3.00000000","1.00000000","Zelkova serrata Makino","2.00000000","36.00000000","공원녹지과","201771.913","201771.9132"
"20000505","중구","2-소공동-큰-0244","02","소공동","244.00000000","느티나무","27.00000000","19.00000000","8.00000000","롯데호텔","30","5.00000000","10.00000000","6.00000000","6","9","3.00000000","1.00000000","Zelkova serrata Makino","2.00000000","36.00000000","공원녹지과","197940.769","197940.7686"
"20000506","중구","2-소공동-큰-0249","02","소공동","249.00000000","느티나무","28.00000000","13.00000000","9.00000000","한국은행","30","5.00000000","10.00000000","6.00000000","6","9","3.00000000","1.00000000","Zelkova serrata Makino","2.00000000","36.00000000","공원녹지과","198184.782","198184.7825"
"20000507","중구","2-태평로1가동-큰-0073","02","태평로1가동","73.00000000","느티나무","30.00000000","18.00000000","10.00000000","한국외환은행","30","5.00000000","10.00000000","6.00000000","6","9","3.00000000","1.00000000","Zelkova serrata Makino","2.00000000","36.00000000","공원녹지과","198657.336","198657.3363"
"20000508","중구","2-태평로1가동-큰-0078","02","태평로1가동","78.00000000","은행나무","25.00000000","19.00000000","6.00000000","한국외환은행","30","5.00000000","10.00000000","6.00000000","6","9","3.00000000","1.00000000","Ginkgo biloba L.","2.00000000","36.00000000","공원녹지과","198746.199","198746.1994"
"20000509","중구","2-을지로3,4,5동-큰-0017","02","을지로3,4,5동","17.00000000","은행나무","45.00000000","10.00000000","3.00000000","방산동공원","50","10.00000000","10.00000000","6.00000000","6","6","3.00000000","1.00000000","Ginkgo biloba L.","2.00000000","38.00000000","공원녹지과","200249.807","200249.8074"
"20000510","중구","2-을지로3,4,5동-큰-0018","02","을지로3,4,5동","18.00000000","은행나무","45.00000000","10.00000000","3.00000000","방산동공원","50","10.00000000","10.00000000","6.00000000","6","6","3.00000000","1.00000000","Ginkgo biloba L.","2.00000000","38.00000000","공원녹지과","200252.951","200252.9506"
"20000511","중구","2-을지로3,4,5동-큰-0019","02","을지로3,4,5동","19.00000000","은행나무","45.00000000","10.00000000","3.00000000","방산동공원","50","10.00000000","10.00000000","6.00000000","6","6","3.00000000","1.00000000","Ginkgo biloba L.","2.00000000","38.00000000","공원녹지과","200256.094","200256.0937"
"20000512","중구","2-광희동-큰-0008","02","광희동","8.00000000","은행나무","45.00000000","15.00000000","5.00000000","방산동 구민회관","60","10.00000000","10.00000000","6.00000000","6","9","2.00000000","1.00000000","Ginkgo biloba L.","2.00000000","41.00000000","공원녹지과","200548.131","200548.1308"
"20000513","중구","2-태평로1가동-큰-0126","02","태평로1가동","126.00000000","잣나무","20.00000000","5.00000000","3.00000000","장교동 중소기업은행","30","5.00000000","10.00000000","6.00000000","4","9","3.00000000","1.00000000","Pinus koraiensis S. et Z.","2.00000000","34.00000000","공원녹지과","198835.661","198835.6613"
"20000514","중구","2-태평로1가동-큰-0127","02","태평로1가동","127.00000000","잣나무","20.00000000","6.00000000","4.00000000","장교동 중소기업은행","30","5.00000000","10.00000000","6.00000000","4","9","3.00000000","1.00000000","Pinus koraiensis S. et Z.","2.00000000","34.00000000","공원녹지과","198847.995","198847.9952"
"20000515","중구","2-태평로1가동-큰-0128","02","태평로1가동","128.00000000","잣나무","20.00000000","5.00000000","3.00000000","장교동 중소기업은행","30","5.00000000","10.00000000","6.00000000","4","9","3.00000000","1.00000000","Pinus koraiensis S. et Z.","2.00000000","34.00000000","공원녹지과","198847.548","198847.548"
"20000517","중구","2-태평로1가동-큰-0135","02","태평로1가동","135.00000000","은행나무","20.00000000","13.00000000","5.00000000","을지로3가 청보빌딩","30","5.00000000","10.00000000","6.00000000","6","9","3.00000000","1.00000000","Ginkgo biloba L.","2.00000000","36.00000000","공원녹지과","199128.706","199128.7058"
"20000518","중구","2-을지로3,4,5동-큰-0021","02","을지로3,4,5동","21.00000000","양버즘나무","25.00000000","8.00000000","4.00000000","을지로2가 평화빌딩","30","5.00000000","10.00000000","6.00000000","6","9","3.00000000","1.00000000","Platanus occidentalis L.","2.00000000","36.00000000","공원녹지과","198982.288","198982.2881"
"20000519","중구","2-을지로3,4,5동-큰-0029","02","을지로3,4,5동","29.00000000","은행나무","70.00000000","16.00000000","7.00000000","을지로2가 영락교회","30","15.00000000","10.00000000","6.00000000","6","9","2.00000000","1.00000000","Ginkgo biloba L.","2.00000000","46.00000000","공원녹지과","199057.38","199057.3802"
"20000520","중구","2-소공동-큰-0005","02","소공동","5.00000000","양버즘나무","45.00000000","18.00000000","4.00000000","정동","10","10.00000000","10.00000000","6.00000000","6","9","2.00000000","1.00000000","Platanus occidentalis L.","2.00000000","41.00000000","공원녹지과","197427.4","197427.4004"
"20000521","중구","2-소공동-큰-0006","02","소공동","6.00000000","화백","24.00000000","13.00000000","3.00000000","정동","10","5.00000000","10.00000000","6.00000000","4","9","3.00000000","1.00000000","Chamaecyparis pisifer 뚜이.","2.00000000","34.00000000","공원녹지과","197423.82","197423.8197"
"20000522","중구","2-소공동-큰-0008","02","소공동","8.00000000","은행나무","24.00000000","18.00000000","1.00000000","정동","10","5.00000000","10.00000000","6.00000000","6","9","3.00000000","1.00000000","Ginkgo biloba L.","2.00000000","36.00000000","공원녹지과","197432.303","197432.3027"
"20000525","중구","2-소공동-큰-0017","02","소공동","17.00000000","회화나무","48.00000000","29.00000000","17.00000000","덕수궁","60","10.00000000","10.00000000","6.00000000","6","9","2.00000000","1.00000000","Sophora japonica L.","2.00000000","41.00000000","공원녹지과","197737.435","197737.4351"
"20000526","중구","2-소공동-큰-0021","02","소공동","21.00000000","은행나무","42.00000000","33.00000000","10.00000000","덕수궁","60","10.00000000","10.00000000","6.00000000","6","9","2.00000000","1.00000000","Ginkgo biloba L.","2.00000000","41.00000000","공원녹지과","197660.55","197660.5501"
"20000527","중구","2-소공동-큰-0022","02","소공동","22.00000000","느티나무","30.00000000","20.00000000","17.00000000","덕수궁","60","5.00000000","10.00000000","6.00000000","6","9","3.00000000","1.00000000","Zelkova serrata Makino","2.00000000","36.00000000","공원녹지과","197715.916","197715.916"
"20000528","중구","2-소공동-큰-0037","02","소공동","37.00000000","소나무","20.00000000","15.00000000","5.00000000","국토관리청","60","5.00000000","10.00000000","6.00000000","6","9","3.00000000","1.00000000","Pinus densiflora S et Z.","2.00000000","36.00000000","공원녹지과","197379.79","197379.7899"
"20000529","중구","2-소공동-큰-0038","02","소공동","38.00000000","소나무","20.00000000","11.00000000","5.00000000","국토관리청","60","5.00000000","10.00000000","6.00000000","6","9","3.00000000","1.00000000","Pinus densiflora S et Z.","2.00000000","36.00000000","공원녹지과","197378.015","197378.0147"
"20000929","중구","2-신당1동-큰-0121","02","신당1동","121.00000000","은행나무","21.00000000","5.00000000","2.00000000","377-2","10","5.00000000","10.00000000","6.00000000","6","9","3.00000000","1.00000000","Ginkgo biloba L.","2.00000000","36.00000000","공원녹지과","200924.287","200924.2871"
"20000930","중구","2-광희동-큰-0115","02","광희동","115.00000000","은행나무","32.00000000","10.00000000","5.00000000","동대문운동장체육공원부지","60","5.00000000","10.00000000","6.00000000","6","9","3.00000000","1.00000000","Ginkgo biloba L.","2.00000000","36.00000000","공원녹지과","200952.6","200952.5999"
"20000931","중구","2-광희동-큰-0074","02","광희동","74.00000000","소나무","22.00000000","5.00000000","4.00000000","두산타워","30","5.00000000","10.00000000","6.00000000","6","9","3.00000000","1.00000000","Pinus densiflora S et Z.","2.00000000","36.00000000","공원녹지과","200796.091","200796.0911"
"20000932","중구","2-장충동-큰-0017","02","장충동","17.00000000","회화나무","33.00000000","23.00000000","8.00000000","동국대학교","60","5.00000000","10.00000000","6.00000000","6","9","3.00000000","1.00000000","Sophora japonica L.","2.00000000","36.00000000","공원녹지과","199898.704","199898.7038"
"20001192","중구","2-회현동-큰-0052","02","회현동","52.00000000","","0E-8","0E-8","0E-8","","0","5.00000000","10.00000000","6.00000000","6","9","3.00000000","1.00000000","","2.00000000","36.00000000","공원녹지과","198209.559","198209.5586"
"20001196","중구","2-회현동-큰-0094","02","회현동","94.00000000","느티나무","26.00000000","17.00000000","7.00000000","","50","5.00000000","10.00000000","6.00000000","6","6","3.00000000","1.00000000","Zelkova serrata Makino","2.00000000","33.00000000","공원녹지과","198168.824","198168.8235"
"20001197","중구","2-회현동-큰-0156","02","회현동","156.00000000","은행나무","22.00000000","7.00000000","6.00000000","연세빌딩","70","5.00000000","10.00000000","6.00000000","6","9","3.00000000","2.00000000","Ginkgo biloba L.","0E-8","0E-8","공원녹지과","197713.291","197713.2907"
"20001198","중구","2-광희동-큰-0079","02","광희동","79.00000000","향나무","22.00000000","8.00000000","3.00000000","국립의료원","60","5.00000000","10.00000000","6.00000000","4","9","3.00000000","1.00000000","Juniperus chinensis L.","2.00000000","34.00000000","공원녹지과","200561.304","200561.3043"
"20001199","중구","2-명동-큰-0034","02","명동","34.00000000","느티나무","40.00000000","6.00000000","6.00000000","명동성당","60","5.00000000","10.00000000","6.00000000","6","9","3.00000000","1.00000000","Zelkova serrata Makino","2.00000000","36.00000000","공원녹지과","198880.423","198880.4229"
"20001201","중구","2-필동-큰-0015","02","필동","15.00000000","느티나무","27.00000000","20.00000000","6.00000000","한국의집","30","5.00000000","10.00000000","6.00000000","6","9","3.00000000","1.00000000","Zelkova serrata Makino","2.00000000","36.00000000","공원녹지과","199505.701","199505.7013"
"20001202","중구","2-태평로1가동-큰-0003","02","태평로1가동","3.00000000","소나무","20.00000000","19.00000000","1.00000000","롯데호텔","60","5.00000000","10.00000000","6.00000000","6","9","3.00000000","1.00000000","Pinus densiflora S et Z.","2.00000000","36.00000000","공원녹지과","198004.323","198004.3226"
"20001203","중구","2-소공동-큰-0054","02","소공동","54.00000000","회화나무","37.00000000","32.00000000","8.00000000","창덕여중","60","5.00000000","10.00000000","6.00000000","6","9","3.00000000","1.00000000","Sophora japonica L.","2.00000000","36.00000000","공원녹지과","197408.387","197408.3866"
"20001204","중구","2-소공동-큰-0124","02","소공동","124.00000000","은행나무","25.00000000","28.00000000","2.00000000","이화여고","60","5.00000000","10.00000000","6.00000000","6","9","3.00000000","1.00000000","Ginkgo biloba L.","2.00000000","36.00000000","공원녹지과","197239.435","197239.4353"
"20001205","중구","2-소공동-큰-0313","02","소공동","313.00000000","느티나무","29.00000000","20.00000000","7.00000000","","50","5.00000000","10.00000000","6.00000000","6","6","3.00000000","1.00000000","Zelkova serrata Makino","2.00000000","33.00000000","공원녹지과","197468.569","197468.5689"
"20001206","중구","2-신당6동-큰-0062","02","신당6동","62.00000000","벚나무","24.00000000","3.00000000","2.00000000","금호여중","60","5.00000000","10.00000000","6.00000000","6","9","3.00000000","1.00000000","Prunus yedoensis Matsumira.","2.00000000","36.00000000","공원녹지과","201763.836","201763.8359"
"20001207","중구","2-태평로1가동-큰-0024","02","태평로1가동","24.00000000","은행나무","57.00000000","28.00000000","8.00000000","한국제강","30","15.00000000","10.00000000","6.00000000","6","9","2.00000000","1.00000000","Ginkgo biloba L.","2.00000000","46.00000000","공원녹지과","198577.445","198577.4453"
"20001209","중구","2-장충동-큰-0263","02","장충동","263.00000000","아카시아나무","22.00000000","8.00000000","4.00000000","파라다이스㈜","30","5.00000000","10.00000000","6.00000000","4","9","3.00000000","1.00000000","Robinia pseudacacia L.","2.00000000","34.00000000","공원녹지과","200308.591","200308.5906"
"20001210","중구","2-충무로4,5동-큰-0017","02","충무로4,5동","17.00000000","백합나무","25.00000000","11.00000000","6.00000000","중구청","60","5.00000000","10.00000000","6.00000000","2","9","3.00000000","1.00000000","Liriodendron tulipifera L.","2.00000000","32.00000000","공원녹지과","199843.18","199843.1796"
"20001211","중구","2-소공동-큰-0032","02","소공동","32.00000000","아카시아나무","37.00000000","29.00000000","17.00000000","덕수궁","60","5.00000000","10.00000000","6.00000000","4","9","3.00000000","1.00000000","Robinia pseudacacia L.","2.00000000","34.00000000","공원녹지과","197673.841","197673.841"
"20001212","중구","2-장충동-큰-0312","02","장충동","312.00000000","은행나무","23.00000000","7.00000000","5.00000000","서울클럽","60","5.00000000","10.00000000","6.00000000","6","9","3.00000000","1.00000000","Ginkgo biloba L.","2.00000000","36.00000000","공원녹지과","200224.444","200224.4437"
"20001213","중구","2-태평로1가동-큰-0131","02","태평로1가동","131.00000000","잣나무","25.00000000","6.00000000","4.00000000","장교동 중소기업은행","30","5.00000000","10.00000000","6.00000000","4","9","3.00000000","1.00000000","Pinus koraiensis S. et Z.","2.00000000","34.00000000","공원녹지과","198821.749","198821.7488"
"20001214","중구","2-신당2동-큰-0025","02","신당2동","25.00000000","소나무","26.00000000","6.00000000","6.00000000","","60","5.00000000","10.00000000","6.00000000","6","9","3.00000000","1.00000000","Pinus densiflora S et Z.","2.00000000","36.00000000","공원녹지과","200772.032","200772.0317"
"20001216","중구","2-중림동-큰-0085","02","중림동","85.00000000","은행나무","29.00000000","28.00000000","8.00000000","손기정공원","50","5.00000000","10.00000000","6.00000000","6","6","3.00000000","1.00000000","Ginkgo biloba L.","2.00000000","33.00000000","공원녹지과","196847.969","196847.9692"
"20000530","중구","2-소공동-큰-0039","02","소공동","39.00000000","은행나무","60.00000000","30.00000000","5.00000000","국토관리청","60","15.00000000","10.00000000","6.00000000","6","9","2.00000000","1.00000000","Ginkgo biloba L.","2.00000000","46.00000000","공원녹지과","197383.791","197383.7908"
"20000531","중구","2-소공동-큰-0042","02","소공동","42.00000000","은행나무","54.00000000","25.00000000","9.00000000","창덕여중","60","15.00000000","10.00000000","6.00000000","6","9","2.00000000","1.00000000","Ginkgo biloba L.","2.00000000","46.00000000","공원녹지과","197401.749","197401.7488"
"20000533","중구","2-충무로4,5동-큰-0037","02","충무로4,5동","37.00000000","라일락","30.00000000","5.00000000","7.00000000","샘표양조간장","40","5.00000000","10.00000000","6.00000000","6","9","3.00000000","1.00000000","Syringa vulagaris L.","2.00000000","36.00000000","공원녹지과","199769.843","199769.8428"
"20000534","중구","2-충무로4,5동-큰-0039","02","충무로4,5동","39.00000000","이태리포플러","35.00000000","7.00000000","3.00000000","샘표양조간장","40","5.00000000","10.00000000","6.00000000","2","9","3.00000000","1.00000000","Populus euramericana Guiner","2.00000000","32.00000000","공원녹지과","199787.998","199787.9975"
"20000536","중구","2-충무로4,5동-큰-0045","02","충무로4,5동","45.00000000","아카시아나무","40.00000000","13.00000000","8.00000000","샘표양조간장","40","5.00000000","10.00000000","6.00000000","4","9","3.00000000","1.00000000","Robinia pseudacacia L.","2.00000000","34.00000000","공원녹지과","199815.741","199815.741"
"20000535","중구","2-충무로4,5동-큰-0042","02","충무로4,5동","42.00000000","아카시아나무","40.00000000","13.00000000","8.00000000","샘표양조간장","40","5.00000000","10.00000000","6.00000000","4","9","3.00000000","1.00000000","Robinia pseudacacia L.","2.00000000","34.00000000","공원녹지과","199800.977","199800.9775"
"20000537","중구","2-충무로4,5동-큰-0048","02","충무로4,5동","48.00000000","느티나무","25.00000000","8.00000000","6.00000000","목정주차장","60","5.00000000","10.00000000","6.00000000","6","9","3.00000000","1.00000000","Zelkova serrata Makino","2.00000000","36.00000000","공원녹지과","199930.56","199930.5603"
"20000539","중구","2-소공동-큰-0059","02","소공동","59.00000000","느티나무","25.00000000","20.00000000","10.00000000","창덕여중","60","5.00000000","10.00000000","6.00000000","6","9","3.00000000","1.00000000","Zelkova serrata Makino","2.00000000","36.00000000","공원녹지과","197430.143","197430.1434"
"20000540","중구","2-소공동-큰-0062","02","소공동","62.00000000","아카시아나무","43.00000000","30.00000000","13.00000000","창덕여중","60","10.00000000","10.00000000","6.00000000","4","9","3.00000000","1.00000000","Robinia pseudacacia L.","2.00000000","39.00000000","공원녹지과","197426.347","197426.3466"
"20000541","중구","2-소공동-큰-0071","02","소공동","71.00000000","아카시아나무","35.00000000","31.00000000","6.00000000","창덕여중","60","5.00000000","10.00000000","6.00000000","4","9","3.00000000","1.00000000","Robinia pseudacacia L.","2.00000000","34.00000000","공원녹지과","197422.778","197422.7781"
"20000542","중구","2-소공동-큰-0072","02","소공동","72.00000000","아카시아나무","35.00000000","30.00000000","7.00000000","창덕여중","60","5.00000000","10.00000000","6.00000000","4","9","3.00000000","1.00000000","Robinia pseudacacia L.","2.00000000","34.00000000","공원녹지과","197418.523","197418.5228"
"20000543","중구","2-소공동-큰-0079","02","소공동","79.00000000","아카시아나무","39.00000000","32.00000000","8.00000000","창덕여중","60","5.00000000","10.00000000","6.00000000","4","9","3.00000000","1.00000000","Robinia pseudacacia L.","2.00000000","34.00000000","공원녹지과","197390.064","197390.0638"
"20000544","중구","2-소공동-큰-0081","02","소공동","81.00000000","아카시아나무","69.00000000","33.00000000","10.00000000","창덕여중","60","15.00000000","10.00000000","6.00000000","4","9","2.00000000","1.00000000","Robinia pseudacacia L.","2.00000000","44.00000000","공원녹지과","197379.747","197379.747"
"20000545","중구","2-소공동-큰-0090","02","소공동","90.00000000","은행나무","22.00000000","25.00000000","2.00000000","창덕여중","60","5.00000000","10.00000000","6.00000000","6","9","3.00000000","1.00000000","Ginkgo biloba L.","2.00000000","36.00000000","공원녹지과","197308.906","197308.9057"
"20000547","중구","2-소공동-큰-0092","02","소공동","92.00000000","은행나무","20.00000000","25.00000000","3.00000000","창덕여중","60","5.00000000","10.00000000","6.00000000","6","9","3.00000000","1.00000000","Ginkgo biloba L.","2.00000000","36.00000000","공원녹지과","197323.898","197323.8976"
"20000548","중구","2-소공동-큰-0100","02","소공동","100.00000000","은행나무","30.00000000","29.00000000","5.00000000","이화여고","60","5.00000000","10.00000000","6.00000000","6","9","3.00000000","1.00000000","Ginkgo biloba L.","2.00000000","36.00000000","공원녹지과","197212.263","197212.2627"
"20000549","중구","2-소공동-큰-0108","02","소공동","108.00000000","은행나무","32.00000000","30.00000000","4.00000000","이화여고","60","5.00000000","10.00000000","6.00000000","6","9","3.00000000","1.00000000","Ginkgo biloba L.","2.00000000","36.00000000","공원녹지과","197223.938","197223.9376"
"20000550","중구","2-소공동-큰-0111","02","소공동","111.00000000","은행나무","37.00000000","35.00000000","5.00000000","이화여고","60","5.00000000","10.00000000","6.00000000","6","9","3.00000000","1.00000000","Ginkgo biloba L.","2.00000000","36.00000000","공원녹지과","197236.494","197236.494"
"20000552","중구","2-소공동-큰-0121","02","소공동","121.00000000","은행나무","32.00000000","26.00000000","6.00000000","이화여고","60","5.00000000","10.00000000","6.00000000","6","9","3.00000000","1.00000000","Ginkgo biloba L.","2.00000000","36.00000000","공원녹지과","197231.57","197231.5697"
"20000553","중구","2-소공동-큰-0126","02","소공동","126.00000000","비술나무","65.00000000","30.00000000","37.00000000","이화여고","60","15.00000000","10.00000000","6.00000000","4","9","2.00000000","1.00000000","","2.00000000","44.00000000","공원녹지과","197255.377","197255.377"
"20000555","중구","2-소공동-큰-0130","02","소공동","130.00000000","소나무","27.00000000","9.00000000","8.00000000","이화여고","60","5.00000000","10.00000000","6.00000000","6","9","3.00000000","1.00000000","Pinus densiflora S et Z.","2.00000000","36.00000000","공원녹지과","197281.547","197281.5472"
"20000556","중구","2-소공동-큰-0139","02","소공동","139.00000000","측백나무","20.00000000","18.00000000","7.00000000","이화여고","60","5.00000000","10.00000000","6.00000000","6","9","3.00000000","1.00000000","Thuja orientalis L.","2.00000000","36.00000000","공원녹지과","197327.532","197327.5319"
"20000557","중구","2-소공동-큰-0140","02","소공동","140.00000000","측백나무","21.00000000","18.00000000","7.00000000","이화여고","60","5.00000000","10.00000000","6.00000000","6","9","3.00000000","1.00000000","Thuja orientalis L.","2.00000000","36.00000000","공원녹지과","197329.78","197329.7799"
"20001217","중구","2-광희동-큰-0033","02","광희동","33.00000000","은행나무","20.00000000","15.00000000","7.00000000","쌍림어린이공원","50","5.00000000","10.00000000","6.00000000","6","6","3.00000000","1.00000000","Ginkgo biloba L.","2.00000000","33.00000000","공원녹지과","200435.209","200435.209"
"20001218","중구","2-회현동-큰-0209","02","회현동","209.00000000","은행나무","21.00000000","7.00000000","6.00000000","연세빌딩","70","5.00000000","10.00000000","6.00000000","6","9","3.00000000","2.00000000","Ginkgo biloba L.","0E-8","0E-8","공원녹지과","197661.721","197661.7207"
"20001219","중구","2-명동-큰-0091","02","명동","91.00000000","은행나무","22.00000000","29.00000000","8.00000000","숭의여대별관","60","5.00000000","10.00000000","6.00000000","6","9","3.00000000","1.00000000","Ginkgo biloba L.","2.00000000","36.00000000","공원녹지과","198977.681","198977.6811"
"20001221","중구","2-남대문로5가동-큰-0010","02","남대문로5가동","10.00000000","양버즘나무","57.00000000","40.00000000","13.00000000","서울열차사무소","60","15.00000000","10.00000000","6.00000000","2","9","2.00000000","1.00000000","Platanus occidentalis L.","2.00000000","42.00000000","공원녹지과","197349.327","197349.3274"
"20000598","중구","2-태평로1가동-큰-0017","02","태평로1가동","17.00000000","소나무","20.00000000","17.00000000","1.00000000","롯데호텔","60","5.00000000","10.00000000","6.00000000","6","9","3.00000000","1.00000000","Pinus densiflora S et Z.","2.00000000","36.00000000","공원녹지과","198024.535","198024.5353"
"20000599","중구","2-태평로1가동-큰-0025","02","태평로1가동","25.00000000","은행나무","55.00000000","27.00000000","8.00000000","한국제강","30","15.00000000","10.00000000","6.00000000","6","9","2.00000000","1.00000000","Ginkgo biloba L.","2.00000000","46.00000000","공원녹지과","198596.738","198596.738"
"20000601","중구","2-광희동-큰-0046","02","광희동","46.00000000","느티나무","35.00000000","14.00000000","8.00000000","을지로주유소","30","5.00000000","10.00000000","6.00000000","6","9","3.00000000","1.00000000","Zelkova serrata Makino","2.00000000","36.00000000","공원녹지과","200469.836","200469.8357"
"20000602","중구","2-광희동-큰-0106","02","광희동","106.00000000","은행나무","24.00000000","9.00000000","5.00000000","217-2","30","5.00000000","10.00000000","6.00000000","6","9","3.00000000","1.00000000","Ginkgo biloba L.","2.00000000","36.00000000","공원녹지과","200645.393","200645.3929"
"20000603","중구","2-신당1동-큰-0113","02","신당1동","113.00000000","대추나무","28.00000000","4.00000000","4.00000000","50-3","10","5.00000000","10.00000000","6.00000000","4","9","3.00000000","1.00000000","Zizyphus jujuba var.","2.00000000","34.00000000","공원녹지과","200847.469","200847.4691"
"20000604","중구","2-신당5동-큰-0006","02","신당5동","6.00000000","은행나무","26.00000000","10.00000000","5.00000000","52-50","10","5.00000000","10.00000000","6.00000000","6","9","3.00000000","1.00000000","Ginkgo biloba L.","2.00000000","36.00000000","공원녹지과","201726.864","201726.8636"
"20000605","중구","2-신당1동-큰-0032","02","신당1동","32.00000000","느티나무","22.00000000","4.00000000","4.00000000","무궁화회관","30","5.00000000","10.00000000","6.00000000","6","9","3.00000000","1.00000000","Zelkova serrata Makino","2.00000000","36.00000000","공원녹지과","201387.201","201387.2011"
"20000606","중구","2-신당1동-큰-0044","02","신당1동","44.00000000","은행나무","20.00000000","8.00000000","4.00000000","성동기계공고","60","5.00000000","10.00000000","6.00000000","6","9","3.00000000","1.00000000","Ginkgo biloba L.","2.00000000","36.00000000","공원녹지과","201529.574","201529.5744"
"20000607","중구","2-신당5동-큰-0018","02","신당5동","18.00000000","느티나무","43.00000000","8.00000000","6.00000000","성동고교","60","10.00000000","10.00000000","6.00000000","6","9","2.00000000","1.00000000","Zelkova serrata Makino","2.00000000","41.00000000","공원녹지과","202018.347","202018.3465"
"20000609","중구","2-신당1동-큰-0048","02","신당1동","48.00000000","향나무","24.00000000","4.00000000","2.00000000","신당1동 393-3","10","5.00000000","10.00000000","6.00000000","4","9","3.00000000","1.00000000","Juniperus chinensis L.","2.00000000","34.00000000","공원녹지과","200863.735","200863.7349"
"20000610","중구","2-명동-큰-0027","02","명동","27.00000000","느티나무","35.00000000","7.00000000","6.00000000","명동성당","60","5.00000000","10.00000000","6.00000000","6","9","3.00000000","1.00000000","Zelkova serrata Makino","2.00000000","36.00000000","공원녹지과","198877.266","198877.2658"
"20000611","중구","2-명동-큰-0102","02","명동","102.00000000","느티나무","37.00000000","20.00000000","13.00000000","숭의여대별관","60","5.00000000","10.00000000","6.00000000","6","9","3.00000000","1.00000000","Zelkova serrata Makino","2.00000000","36.00000000","공원녹지과","198980.103","198980.1029"
"20000612","중구","2-명동-큰-0110","02","명동","110.00000000","아카시아나무","21.00000000","15.00000000","7.00000000","","30","5.00000000","10.00000000","6.00000000","4","9","3.00000000","1.00000000","Robinia pseudacacia L.","2.00000000","34.00000000","공원녹지과","198924.944","198924.9436"
"20000613","중구","2-필동-큰-0033","02","필동","33.00000000","아카시아나무","30.00000000","28.00000000","12.00000000","한국의집","30","5.00000000","10.00000000","6.00000000","4","9","3.00000000","1.00000000","Robinia pseudacacia L.","2.00000000","34.00000000","공원녹지과","199489.051","199489.0514"
"20000614","중구","2-명동-큰-0125","02","명동","125.00000000","아카시아나무","27.00000000","22.00000000","10.00000000","남산한옥마을","50","5.00000000","10.00000000","6.00000000","4","6","3.00000000","1.00000000","Robinia pseudacacia L.","2.00000000","31.00000000","공원녹지과","199330.814","199330.8143"
"20000615","중구","2-장충동-큰-0093","02","장충동","93.00000000","양버즘나무","24.00000000","16.00000000","6.00000000","동국대학교","60","5.00000000","10.00000000","6.00000000","2","9","3.00000000","1.00000000","Platanus occidentalis L.","2.00000000","32.00000000","공원녹지과","199976.352","199976.352"
"20000617","중구","2-소공동-큰-0284","02","소공동","284.00000000","느티나무","42.00000000","29.00000000","18.00000000","상공회의소","60","10.00000000","10.00000000","6.00000000","6","9","2.00000000","1.00000000","Zelkova serrata Makino","2.00000000","41.00000000","공원녹지과","197743.296","197743.2958"
"20000618","중구","2-소공동-큰-0294","02","소공동","294.00000000","백합나무","22.00000000","15.00000000","4.00000000","상공회의소","60","5.00000000","10.00000000","6.00000000","2","9","3.00000000","1.00000000","Liriodendron tulipifera L.","2.00000000","32.00000000","공원녹지과","197650.76","197650.7603"
"20000743","중구","2-장충동-큰-0306","02","장충동","306.00000000","잣나무","21.00000000","7.00000000","3.00000000","서울중부수도사업부","60","5.00000000","10.00000000","6.00000000","4","9","3.00000000","1.00000000","Pinus koraiensis S. et Z.","2.00000000","34.00000000","공원녹지과","200240.205","200240.205"
"20000060","중구","2-신당1동-큰-0123","02","신당1동","123.00000000","향나무","20.00000000","3.00000000","2.00000000","장충초교","60","5.00000000","10.00000000","6.00000000","4","9","3.00000000","1.00000000","Juniperus chinensis L.","2.00000000","34.00000000","공원녹지과","201025.062","201025.0625"
"20000375","중구","2-을지로3,4,5동-큰-0012","02","을지로3,4,5동","12.00000000","가이즈까향나무","20.00000000","5.00000000","3.00000000","주교동 우래옥","30","5.00000000","10.00000000","6.00000000","4","9","3.00000000","1.00000000","Juniperus chinensis`Kaizuka'.","2.00000000","34.00000000","공원녹지과","199902.508","199902.5084"
"20000376","중구","2-태평로1가동-큰-0042","02","태평로1가동","42.00000000","양버즘나무","27.00000000","30.00000000","6.00000000","시청","60","5.00000000","10.00000000","6.00000000","2","9","3.00000000","1.00000000","Platanus occidentalis L.","2.00000000","32.00000000","공원녹지과","198110.603","198110.6026"
"20000377","중구","2-소공동-큰-0248","02","소공동","248.00000000","느티나무","36.00000000","22.00000000","15.00000000","롯데호텔","30","5.00000000","10.00000000","6.00000000","6","9","3.00000000","1.00000000","Zelkova serrata Makino","2.00000000","36.00000000","공원녹지과","197921.689","197921.689"
"20000378","중구","2-충무로4,5동-큰-0051","02","충무로4,5동","51.00000000","느티나무","25.00000000","7.00000000","7.00000000","목정주차장","60","5.00000000","10.00000000","6.00000000","6","9","3.00000000","1.00000000","Zelkova serrata Makino","2.00000000","36.00000000","공원녹지과","199940.423","199940.423"
"20000379","중구","2-소공동-큰-0141","02","소공동","141.00000000","측백나무","20.00000000","15.00000000","6.00000000","이화여고","60","5.00000000","10.00000000","6.00000000","6","9","3.00000000","1.00000000","Thuja orientalis L.","2.00000000","36.00000000","공원녹지과","197331.353","197331.3534"
"20000381","중구","2-태평로1가동-큰-0019","02","태평로1가동","19.00000000","소나무","20.00000000","19.00000000","1.00000000","롯데호텔","60","5.00000000","10.00000000","6.00000000","6","9","3.00000000","1.00000000","Pinus densiflora S et Z.","2.00000000","36.00000000","공원녹지과","198033.142","198033.1425"
"20000382","중구","2-남대문로5가동-큰-0020","02","남대문로5가동","20.00000000","메타세콰이어","35.00000000","37.00000000","5.00000000","서울열차사무소","60","5.00000000","10.00000000","6.00000000","2","9","3.00000000","1.00000000","Metasequoia glyptostroboides Hu et cheng","2.00000000","32.00000000","공원녹지과","197297.222","197297.2218"
"20000383","중구","2-신당1동-큰-0003","02","신당1동","3.00000000","느티나무","27.00000000","8.00000000","6.00000000","서울제1기동대","60","5.00000000","10.00000000","6.00000000","6","9","3.00000000","1.00000000","Zelkova serrata Makino","2.00000000","36.00000000","공원녹지과","201338.22","201338.2199"
"20000384","중구","2-광희동-큰-0066","02","광희동","66.00000000","느티나무","56.00000000","15.00000000","11.00000000","중구의회 구민회관","60","15.00000000","10.00000000","6.00000000","6","9","2.00000000","1.00000000","Zelkova serrata Makino","2.00000000","46.00000000","공원녹지과","200578.175","200578.1749"
"20000385","중구","2-신당1동-큰-0056","02","신당1동","56.00000000","향나무","22.00000000","4.00000000","2.00000000","성동실업여고","60","5.00000000","10.00000000","6.00000000","4","9","3.00000000","1.00000000","Juniperus chinensis L.","2.00000000","34.00000000","공원녹지과","201138.682","201138.6823"
"20000386","중구","2-신당2동-큰-0015","02","신당2동","15.00000000","백일홍","28.00000000","4.00000000","3.00000000","432-24","10","5.00000000","10.00000000","6.00000000","4","9","3.00000000","1.00000000","Albizzia julibrissin Duraz.","2.00000000","34.00000000","공원녹지과","200745.396","200745.3958"
"20000387","중구","2-장충동-큰-0159","02","장충동","159.00000000","은행나무","23.00000000","8.00000000","2.00000000","동국대학교","60","5.00000000","10.00000000","6.00000000","6","9","3.00000000","1.00000000","Ginkgo biloba L.","2.00000000","36.00000000","공원녹지과","200177.649","200177.6487"
"20000389","중구","2-장충동-큰-0163","02","장충동","163.00000000","느티나무","30.00000000","9.00000000","7.00000000","동국대학교","60","5.00000000","10.00000000","6.00000000","6","9","3.00000000","1.00000000","Zelkova serrata Makino","2.00000000","36.00000000","공원녹지과","200208.99","200208.9904"
"20000390","중구","2-장충동-큰-0168","02","장충동","168.00000000","느릅나무","30.00000000","7.00000000","6.00000000","동국대학교","60","5.00000000","10.00000000","6.00000000","4","9","3.00000000","1.00000000","Ulmus davidiana var","2.00000000","34.00000000","공원녹지과","200238.453","200238.4531"
"20000391","중구","2-장충동-큰-0169","02","장충동","169.00000000","느릅나무","28.00000000","8.00000000","7.00000000","동국대학교","60","5.00000000","10.00000000","6.00000000","4","9","3.00000000","1.00000000","Ulmus davidiana var","2.00000000","34.00000000","공원녹지과","200242.525","200242.5249"
"20000392","중구","2-장충동-큰-0170","02","장충동","170.00000000","느릅나무","42.00000000","10.00000000","7.00000000","동국대학교","60","10.00000000","10.00000000","6.00000000","4","9","3.00000000","1.00000000","Ulmus davidiana var","2.00000000","39.00000000","공원녹지과","200215.56","200215.5595"
"20000393","중구","2-장충동-큰-0183","02","장충동","183.00000000","회화나무","26.00000000","7.00000000","6.00000000","동국대학교","60","5.00000000","10.00000000","6.00000000","6","9","3.00000000","1.00000000","Sophora japonica L.","2.00000000","36.00000000","공원녹지과","200364.315","200364.3152"
"20000394","중구","2-장충동-큰-0187","02","장충동","187.00000000","느티나무","31.00000000","8.00000000","6.00000000","동국대학교","60","5.00000000","10.00000000","6.00000000","6","9","3.00000000","1.00000000","Zelkova serrata Makino","2.00000000","36.00000000","공원녹지과","200392.186","200392.1856"
"20000395","중구","2-장충동-큰-0190","02","장충동","190.00000000","은행나무","31.00000000","7.00000000","5.00000000","장충공원","50","5.00000000","10.00000000","6.00000000","6","6","3.00000000","1.00000000","Ginkgo biloba L.","2.00000000","33.00000000","공원녹지과","200441.654","200441.6545"
"20000372","중구","2-회현동-큰-0047","02","회현동","47.00000000","","0E-8","0E-8","0E-8","","0","5.00000000","10.00000000","6.00000000","6","9","3.00000000","1.00000000","","2.00000000","36.00000000","공원녹지과","198247.59","198247.5904"
"20000397","중구","2-회현동-큰-0024","02","회현동","24.00000000","느티나무","41.00000000","32.00000000","10.00000000","일신교회","60","10.00000000","10.00000000","6.00000000","6","9","2.00000000","1.00000000","Zelkova serrata Makino","2.00000000","41.00000000","공원녹지과","198062.012","198062.0119"
"20000398","중구","2-회현동-큰-0025","02","회현동","25.00000000","느티나무","43.00000000","30.00000000","15.00000000","일신교회","60","10.00000000","10.00000000","6.00000000","6","9","2.00000000","1.00000000","Zelkova serrata Makino","2.00000000","41.00000000","공원녹지과","198061.816","198061.8159"
"20000744","중구","2-장충동-큰-0074","02","장충동","74.00000000","양버즘나무","27.00000000","12.00000000","6.00000000","동국대학교","60","5.00000000","10.00000000","6.00000000","2","9","3.00000000","1.00000000","Platanus occidentalis L.","2.00000000","32.00000000","공원녹지과","200059.748","200059.7477"
"20000745","중구","2-회현동-큰-0163","02","회현동","163.00000000","은행나무","20.00000000","7.00000000","5.00000000","연세빌딩","70","5.00000000","10.00000000","6.00000000","6","9","3.00000000","2.00000000","Ginkgo biloba L.","0E-8","0E-8","공원녹지과","197704.991","197704.9914"
"20000746","중구","2-명동-큰-0082","02","명동","82.00000000","가중나무","29.00000000","26.00000000","8.00000000","숭의여대별관","60","5.00000000","10.00000000","6.00000000","4","9","3.00000000","1.00000000","Ailanthus altissima Swingle.","2.00000000","34.00000000","공원녹지과","198803.559","198803.5589"
"20000747","중구","2-명동-큰-0060","02","명동","60.00000000","느티나무","54.00000000","27.00000000","8.00000000","한국은행부지","30","15.00000000","10.00000000","6.00000000","6","9","2.00000000","1.00000000","Zelkova serrata Makino","2.00000000","46.00000000","공원녹지과","198792.643","198792.6425"
"20000934","중구","2-충무로4,5동-큰-0066","02","충무로4,5동","66.00000000","소나무","20.00000000","5.00000000","4.00000000","목정주차장","60","5.00000000","10.00000000","6.00000000","6","9","3.00000000","1.00000000","Pinus densiflora S et Z.","2.00000000","36.00000000","공원녹지과","199961.518","199961.5177"
"20000935","중구","2-태평로1가동-큰-0037","02","태평로1가동","37.00000000","느티나무","25.00000000","17.00000000","8.00000000","시청","60","5.00000000","10.00000000","6.00000000","6","9","3.00000000","1.00000000","Zelkova serrata Makino","2.00000000","36.00000000","공원녹지과","198090.041","198090.0408"
"20000936","중구","2-신당3동-큰-0038","02","신당3동","38.00000000","호두나무","23.00000000","7.00000000","5.00000000","금호터널상단","60","5.00000000","10.00000000","6.00000000","4","9","3.00000000","1.00000000","Juglans sinensis Dode","2.00000000","34.00000000","공원녹지과","201166.94","201166.9399"
"20000917","중구","2-회현동-큰-0115","02","회현동","115.00000000","은행나무","42.00000000","26.00000000","8.00000000","한국은행부지","30","10.00000000","10.00000000","6.00000000","6","9","2.00000000","1.00000000","Ginkgo biloba L.","2.00000000","41.00000000","공원녹지과","198505.858","198505.8579"
"20000937","중구","2-중림동-큰-0065","02","중림동","65.00000000","아카시아나무","32.00000000","23.00000000","10.00000000","손기정공원","50","5.00000000","10.00000000","6.00000000","4","6","3.00000000","1.00000000","Robinia pseudacacia L.","2.00000000","31.00000000","공원녹지과","196898.502","196898.5018"
"20000938","중구","2-광희동-큰-0057","02","광희동","57.00000000","벽오동나무","25.00000000","7.00000000","6.00000000","국립의료원","60","5.00000000","10.00000000","6.00000000","4","9","3.00000000","1.00000000","Firmiana simplex W.F.Wight.","2.00000000","34.00000000","공원녹지과","200440.166","200440.1655"
"20000939","중구","2-중림동-큰-0086","02","중림동","86.00000000","은행나무","27.00000000","29.00000000","8.00000000","손기정공원","50","5.00000000","10.00000000","6.00000000","6","6","3.00000000","1.00000000","Ginkgo biloba L.","2.00000000","33.00000000","공원녹지과","196857.222","196857.2225"
"20000940","중구","2-충무로4,5동-큰-0118","02","충무로4,5동","118.00000000","은행나무","25.00000000","9.00000000","4.00000000","덕수중학교","60","5.00000000","10.00000000","6.00000000","6","9","3.00000000","1.00000000","Ginkgo biloba L.","2.00000000","36.00000000","공원녹지과","199700.955","199700.9545"
"20000941","중구","2-충무로4,5동-큰-0132","02","충무로4,5동","132.00000000","은행나무","30.00000000","10.00000000","8.00000000","인헌어린이공원","50","5.00000000","10.00000000","6.00000000","6","6","3.00000000","1.00000000","Ginkgo biloba L.","2.00000000","33.00000000","공원녹지과","199716.072","199716.0719"
"20000942","중구","2-중림동-큰-0034","02","중림동","34.00000000","양버즘나무","20.00000000","25.00000000","6.00000000","손기정공원","50","5.00000000","10.00000000","6.00000000","2","6","4.00000000","1.00000000","Platanus occidentalis L.","2.00000000","29.00000000","공원녹지과","197018.807","197018.8066"
"20000944","중구","2-장충동-큰-0006","02","장충동","6.00000000","향나무","21.00000000","4.00000000","2.00000000","33-9","30","5.00000000","10.00000000","6.00000000","4","9","3.00000000","1.00000000","Juniperus chinensis L.","2.00000000","34.00000000","공원녹지과","200661.588","200661.5879"
"20000945","중구","2-신당1동-큰-0065","02","신당1동","65.00000000","회화나무","23.00000000","8.00000000","6.00000000","중구종합체육센터문화예술회관부지","60","5.00000000","10.00000000","6.00000000","6","9","3.00000000","1.00000000","Sophora japonica L.","2.00000000","36.00000000","공원녹지과","201324.455","201324.455"
"20000946","중구","2-회현동-큰-0187","02","회현동","187.00000000","은행나무","21.00000000","6.00000000","6.00000000","연세빌딩","70","5.00000000","10.00000000","6.00000000","6","9","3.00000000","2.00000000","Ginkgo biloba L.","0E-8","0E-8","공원녹지과","197683.917","197683.9166"
"20000947","중구","2-회현동-큰-0198","02","회현동","198.00000000","은행나무","21.00000000","6.00000000","6.00000000","연세빌딩","70","5.00000000","10.00000000","6.00000000","6","9","3.00000000","2.00000000","Ginkgo biloba L.","0E-8","0E-8","공원녹지과","197669.689","197669.6887"
"20000948","중구","2-소공동-큰-0270","02","소공동","270.00000000","참나무","34.00000000","20.00000000","10.00000000","중앙일보","30","5.00000000","10.00000000","6.00000000","4","9","3.00000000","1.00000000","Quercus variabilis BL.","2.00000000","34.00000000","공원녹지과","197382.001","197382.0015"
"20000949","중구","2-장충동-큰-0101","02","장충동","101.00000000","은행나무","36.00000000","24.00000000","8.00000000","동국대학교","60","5.00000000","10.00000000","6.00000000","6","9","3.00000000","1.00000000","Ginkgo biloba L.","2.00000000","36.00000000","공원녹지과","200090.795","200090.7951"
"20000951","중구","2-소공동-큰-0195","02","소공동","195.00000000","느티나무","30.00000000","18.00000000","8.00000000","체스프라자","60","5.00000000","10.00000000","6.00000000","6","9","3.00000000","1.00000000","Zelkova serrata Makino","2.00000000","36.00000000","공원녹지과","197505.61","197505.6096"
"20000952","중구","2-신당1동-큰-0107","02","신당1동","107.00000000","향나무","23.00000000","4.00000000","3.00000000","103","10","5.00000000","10.00000000","6.00000000","4","9","3.00000000","1.00000000","Juniperus chinensis L.","2.00000000","34.00000000","공원녹지과","200837.115","200837.1146"
"20000953","중구","2-신당1동-큰-0080","02","신당1동","80.00000000","회화나무","33.00000000","11.00000000","5.00000000","한양공고","60","5.00000000","10.00000000","6.00000000","6","9","3.00000000","1.00000000","Sophora japonica L.","2.00000000","36.00000000","공원녹지과","201036.425","201036.4254"
"20000262","중구","2-장충동-큰-0313","02","장충동","313.00000000","은행나무","25.00000000","7.00000000","4.00000000","서울클럽","60","5.00000000","10.00000000","6.00000000","6","9","3.00000000","1.00000000","Ginkgo biloba L.","2.00000000","36.00000000","공원녹지과","200220.987","200220.9866"
"20000263","중구","2-장충동-큰-0318","02","장충동","318.00000000","소나무","20.00000000","4.00000000","3.00000000","신라호텔영빈관","30","5.00000000","10.00000000","6.00000000","6","9","3.00000000","1.00000000","Pinus densiflora S et Z.","2.00000000","36.00000000","공원녹지과","200544.947","200544.947"
"20000264","중구","2-장충동-큰-0069","02","장충동","69.00000000","양버즘나무","21.00000000","14.00000000","4.00000000","동국대학교","60","5.00000000","10.00000000","6.00000000","2","9","3.00000000","1.00000000","Platanus occidentalis L.","2.00000000","32.00000000","공원녹지과","200051.281","200051.2807"
"20000265","중구","2-장충동-큰-0072","02","장충동","72.00000000","양버즘나무","25.00000000","9.00000000","5.00000000","동국대학교","60","5.00000000","10.00000000","6.00000000","2","9","3.00000000","1.00000000","Platanus occidentalis L.","2.00000000","32.00000000","공원녹지과","200055.985","200055.9847"
"20000267","중구","2-장충동-큰-0080","02","장충동","80.00000000","양버즘나무","32.00000000","16.00000000","6.00000000","동국대학교","60","5.00000000","10.00000000","6.00000000","2","9","3.00000000","1.00000000","Platanus occidentalis L.","2.00000000","32.00000000","공원녹지과","200019.934","200019.934"
"20000268","중구","2-장충동-큰-0081","02","장충동","81.00000000","양버즘나무","27.00000000","15.00000000","8.00000000","동국대학교","60","5.00000000","10.00000000","6.00000000","2","9","3.00000000","1.00000000","Platanus occidentalis L.","2.00000000","32.00000000","공원녹지과","200014.605","200014.6045"
"20000269","중구","2-장충동-큰-0086","02","장충동","86.00000000","양버즘나무","34.00000000","17.00000000","6.00000000","동국대학교","60","5.00000000","10.00000000","6.00000000","2","9","3.00000000","1.00000000","Platanus occidentalis L.","2.00000000","32.00000000","공원녹지과","199987.955","199987.9549"
"20000270","중구","2-장충동-큰-0091","02","장충동","91.00000000","양버즘나무","27.00000000","17.00000000","5.00000000","동국대학교","60","5.00000000","10.00000000","6.00000000","2","9","3.00000000","1.00000000","Platanus occidentalis L.","2.00000000","32.00000000","공원녹지과","199980.115","199980.1149"
"20000271","중구","2-장충동-큰-0351","02","장충동","351.00000000","소나무","22.00000000","3.00000000","3.00000000","타워호텔","30","5.00000000","10.00000000","6.00000000","6","9","3.00000000","1.00000000","Pinus densiflora S et Z.","2.00000000","36.00000000","공원녹지과","200154.62","200154.6204"
"20000272","중구","2-장충동-큰-0331","02","장충동","331.00000000","소나무","26.00000000","5.00000000","2.00000000","타워호텔","30","5.00000000","10.00000000","6.00000000","6","9","3.00000000","1.00000000","Pinus densiflora S et Z.","2.00000000","36.00000000","공원녹지과","200113.418","200113.4179"
"20000273","중구","2-장충동-큰-0356","02","장충동","356.00000000","은행나무","38.00000000","7.00000000","3.00000000","타워호텔","30","5.00000000","10.00000000","6.00000000","6","9","3.00000000","1.00000000","Ginkgo biloba L.","2.00000000","36.00000000","공원녹지과","200136.211","200136.2114"
"20000275","중구","2-장충동-큰-0362","02","장충동","362.00000000","은행나무","24.00000000","6.00000000","3.00000000","자유센터","60","5.00000000","10.00000000","6.00000000","6","9","3.00000000","1.00000000","Ginkgo biloba L.","2.00000000","36.00000000","공원녹지과","200146.964","200146.9642"
"20000276","중구","2-장충동-큰-0366","02","장충동","366.00000000","은행나무","32.00000000","10.00000000","3.00000000","자유센터","60","5.00000000","10.00000000","6.00000000","6","9","3.00000000","1.00000000","Ginkgo biloba L.","2.00000000","36.00000000","공원녹지과","200137.189","200137.1886"
"20000277","중구","2-장충동-큰-0372","02","장충동","372.00000000","벚나무","30.00000000","7.00000000","6.00000000","자유센터","60","5.00000000","10.00000000","6.00000000","6","9","3.00000000","1.00000000","Prunus yedoensis Matsumira.","2.00000000","36.00000000","공원녹지과","200144.198","200144.1984"
"20000278","중구","2-신당3동-큰-0008","02","신당3동","8.00000000","은행나무","20.00000000","6.00000000","2.00000000","남산타원","20","5.00000000","10.00000000","6.00000000","6","9","3.00000000","1.00000000","Ginkgo biloba L.","2.00000000","36.00000000","공원녹지과","200711.088","200711.0876"
"20000279","중구","2-신당3동-큰-0010","02","신당3동","10.00000000","소나무","23.00000000","4.00000000","2.00000000","남산타원","20","5.00000000","10.00000000","6.00000000","6","9","3.00000000","1.00000000","Pinus densiflora S et Z.","2.00000000","36.00000000","공원녹지과","200646.601","200646.6009"
"20000280","중구","2-신당3동-큰-0016","02","신당3동","16.00000000","은행나무","25.00000000","8.00000000","2.00000000","남산타원","20","5.00000000","10.00000000","6.00000000","6","9","3.00000000","1.00000000","Ginkgo biloba L.","2.00000000","36.00000000","공원녹지과","200783.133","200783.1333"
"20000281","중구","2-회현동-큰-0154","02","회현동","154.00000000","은행나무","25.00000000","7.00000000","6.00000000","연세빌딩","70","5.00000000","10.00000000","6.00000000","6","9","3.00000000","2.00000000","Ginkgo biloba L.","0E-8","0E-8","공원녹지과","197718.246","197718.2464"
"20000283","중구","2-회현동-큰-0160","02","회현동","160.00000000","은행나무","22.00000000","7.00000000","6.00000000","연세빌딩","70","5.00000000","10.00000000","6.00000000","6","9","3.00000000","2.00000000","Ginkgo biloba L.","0E-8","0E-8","공원녹지과","197712.75","197712.7498"
"20000284","중구","2-회현동-큰-0168","02","회현동","168.00000000","은행나무","33.00000000","7.00000000","5.00000000","연세빌딩","70","10.00000000","10.00000000","6.00000000","6","9","2.00000000","2.00000000","Ginkgo biloba L.","0E-8","0E-8","공원녹지과","197701.811","197701.8113"
"20000285","중구","2-회현동-큰-0175","02","회현동","175.00000000","은행나무","23.00000000","7.00000000","6.00000000","연세빌딩","70","5.00000000","10.00000000","6.00000000","6","9","3.00000000","2.00000000","Ginkgo biloba L.","0E-8","0E-8","공원녹지과","197698.36","197698.3599"
"20000286","중구","2-남대문로5가동-큰-0058","02","남대문로5가동","58.00000000","양버즘나무","24.00000000","23.00000000","10.00000000","남대문교회","50","5.00000000","10.00000000","6.00000000","2","6","4.00000000","1.00000000","Platanus occidentalis L.","2.00000000","29.00000000","공원녹지과","198181.398","198181.3981"
"20000061","중구","2-회현동-큰-0181","02","회현동","181.00000000","은행나무","20.00000000","7.00000000","6.00000000","연세빌딩","70","5.00000000","10.00000000","6.00000000","6","9","3.00000000","2.00000000","Ginkgo biloba L.","0E-8","0E-8","공원녹지과","197688.552","197688.5524"
"20000062","중구","2-회현동-큰-0193","02","회현동","193.00000000","은행나무","20.00000000","7.00000000","6.00000000","연세빌딩","70","5.00000000","10.00000000","6.00000000","6","9","3.00000000","2.00000000","Ginkgo biloba L.","0E-8","0E-8","공원녹지과","197680.035","197680.0353"
"20000063","중구","2-신당1동-큰-0100","02","신당1동","100.00000000","느티나무","23.00000000","6.00000000","6.00000000","동대문운동장체육공원부지","60","5.00000000","10.00000000","6.00000000","6","9","3.00000000","1.00000000","Zelkova serrata Makino","2.00000000","36.00000000","공원녹지과","200989.7","200989.6998"
"20000065","중구","2-신당5동-큰-0012","02","신당5동","12.00000000","느티나무","26.00000000","8.00000000","8.00000000","동원빌딩","30","5.00000000","10.00000000","6.00000000","6","9","3.00000000","1.00000000","Zelkova serrata Makino","2.00000000","36.00000000","공원녹지과","201445.019","201445.0187"
"20000066","중구","2-신당5동-큰-0005","02","신당5동","5.00000000","단풍나무","20.00000000","3.00000000","2.00000000","52-203","10","5.00000000","10.00000000","6.00000000","4","9","3.00000000","1.00000000","Acer palmatum Thunb.","2.00000000","34.00000000","공원녹지과","201641.017","201641.0172"
"20000067","중구","2-신당5동-큰-0007","02","신당5동","7.00000000","느티나무","24.00000000","6.00000000","6.00000000","123-1","10","5.00000000","10.00000000","6.00000000","6","9","3.00000000","1.00000000","Zelkova serrata Makino","2.00000000","36.00000000","공원녹지과","201831.243","201831.2426"
"20000068","중구","2-신당6동-큰-0004","02","신당6동","4.00000000","은행나무","22.00000000","9.00000000","3.00000000","한일교회","60","5.00000000","10.00000000","6.00000000","6","9","3.00000000","1.00000000","Ginkgo biloba L.","2.00000000","36.00000000","공원녹지과","201788.339","201788.3393"
"20000069","중구","2-신당6동-큰-0009","02","신당6동","9.00000000","향나무","21.00000000","8.00000000","5.00000000","한일교회","60","5.00000000","10.00000000","6.00000000","4","9","3.00000000","1.00000000","Juniperus chinensis L.","2.00000000","34.00000000","공원녹지과","201798.785","201798.7854"
"20000070","중구","2-광희동-큰-0075","02","광희동","75.00000000","소나무","23.00000000","5.00000000","4.00000000","두산타워","30","5.00000000","10.00000000","6.00000000","6","9","3.00000000","1.00000000","Pinus densiflora S et Z.","2.00000000","36.00000000","공원녹지과","200804.835","200804.8352"
"20000071","중구","2-광희동-큰-0077","02","광희동","77.00000000","소나무","20.00000000","6.00000000","3.00000000","두산타워","30","5.00000000","10.00000000","6.00000000","6","9","3.00000000","1.00000000","Pinus densiflora S et Z.","2.00000000","36.00000000","공원녹지과","200806.643","200806.6434"
"20000045","중구","2-장충동-큰-0280","02","장충동","280.00000000","회화나무","40.00000000","8.00000000","5.00000000","파라다이스㈜","30","5.00000000","10.00000000","6.00000000","6","9","3.00000000","1.00000000","Sophora japonica L.","2.00000000","36.00000000","공원녹지과","200399.943","200399.943"
"20000058","중구","2-장충동-큰-0291","02","장충동","291.00000000","벚나무","22.00000000","7.00000000","5.00000000","라임카운티","20","5.00000000","10.00000000","6.00000000","6","9","3.00000000","1.00000000","Prunus yedoensis Matsumira.","2.00000000","36.00000000","공원녹지과","200605.929","200605.9287"
"20000073","중구","2-신당1동-큰-0020","02","신당1동","20.00000000","느티나무","22.00000000","6.00000000","5.00000000","광희초등학교","60","5.00000000","10.00000000","6.00000000","6","9","3.00000000","1.00000000","Zelkova serrata Makino","2.00000000","36.00000000","공원녹지과","201308.216","201308.2165"
"20000074","중구","2-신당1동-큰-0021","02","신당1동","21.00000000","느티나무","21.00000000","5.00000000","3.00000000","광희초등학교","60","5.00000000","10.00000000","6.00000000","6","9","3.00000000","1.00000000","Zelkova serrata Makino","2.00000000","36.00000000","공원녹지과","201316.351","201316.3507"
"20000075","중구","2-신당1동-큰-0024","02","신당1동","24.00000000","은행나무","25.00000000","9.00000000","2.00000000","광희초등학교","60","5.00000000","10.00000000","6.00000000","6","9","3.00000000","1.00000000","Ginkgo biloba L.","2.00000000","36.00000000","공원녹지과","201398.047","201398.0468"
"20000076","중구","2-신당1동-큰-0029","02","신당1동","29.00000000","은행나무","20.00000000","8.00000000","3.00000000","광희초등학교","60","5.00000000","10.00000000","6.00000000","6","9","3.00000000","1.00000000","Ginkgo biloba L.","2.00000000","36.00000000","공원녹지과","201395.336","201395.3363"
"20000078","중구","2-신당1동-큰-0038","02","신당1동","38.00000000","은행나무","20.00000000","8.00000000","3.00000000","성동기계공고","60","5.00000000","10.00000000","6.00000000","6","9","3.00000000","1.00000000","Ginkgo biloba L.","2.00000000","36.00000000","공원녹지과","201478.055","201478.0546"
"20000079","중구","2-신당1동-큰-0042","02","신당1동","42.00000000","느릅나무","34.00000000","9.00000000","7.00000000","성동기계공고","60","5.00000000","10.00000000","6.00000000","4","9","3.00000000","1.00000000","Ulmus davidiana var","2.00000000","34.00000000","공원녹지과","201541.099","201541.0991"
"20000080","중구","2-황학동-큰-0007","02","황학동","7.00000000","목련","21.00000000","6.00000000","4.00000000","황학어린이공원","60","5.00000000","10.00000000","6.00000000","4","9","3.00000000","1.00000000","Magnolia kobus Dc.","2.00000000","34.00000000","공원녹지과","201615.067","201615.0667"
"20000081","중구","2-황학동-큰-0012","02","황학동","12.00000000","느릅나무","65.00000000","12.00000000","8.00000000","황학동1229번지","30","15.00000000","10.00000000","6.00000000","4","9","2.00000000","1.00000000","Ulmus davidiana var","2.00000000","44.00000000","공원녹지과","201781.241","201781.2413"
"20000082","중구","2-장충동-큰-0002","02","장충동","2.00000000","향나무","20.00000000","4.00000000","2.00000000","393-27","10","5.00000000","10.00000000","6.00000000","4","9","3.00000000","1.00000000","Juniperus chinensis L.","2.00000000","34.00000000","공원녹지과","200764.823","200764.8233"
"20000083","중구","2-광희동-큰-0101","02","광희동","101.00000000","은행나무","51.00000000","6.00000000","4.00000000","333-25","30","15.00000000","10.00000000","6.00000000","6","9","2.00000000","1.00000000","Ginkgo biloba L.","2.00000000","46.00000000","공원녹지과","200674.445","200674.4451"
"20000400","중구","2-회현동-큰-0030","02","회현동","30.00000000","","0E-8","0E-8","0E-8","","0","5.00000000","10.00000000","6.00000000","6","9","3.00000000","1.00000000","","2.00000000","36.00000000","공원녹지과","198303.592","198303.5921"
"20000401","중구","2-회현동-큰-0031","02","회현동","31.00000000","","0E-8","0E-8","0E-8","","0","5.00000000","10.00000000","6.00000000","6","9","3.00000000","1.00000000","","2.00000000","36.00000000","공원녹지과","198305.33","198305.3301"
"20000399","중구","2-회현동-큰-0026","02","회현동","26.00000000","느티나무","35.00000000","28.00000000","13.00000000","일신교회","60","5.00000000","10.00000000","6.00000000","6","9","3.00000000","1.00000000","Zelkova serrata Makino","2.00000000","36.00000000","공원녹지과","198059.887","198059.8868"
"20000403","중구","2-장충동-큰-0194","02","장충동","194.00000000","느티나무","31.00000000","6.00000000","5.00000000","장충공원","50","5.00000000","10.00000000","6.00000000","6","6","3.00000000","1.00000000","Zelkova serrata Makino","2.00000000","33.00000000","공원녹지과","200459.81","200459.8099"
"20000404","중구","2-장충동-큰-0024","02","장충동","24.00000000","회화나무","30.00000000","25.00000000","8.00000000","동국대학교","60","5.00000000","10.00000000","6.00000000","6","9","3.00000000","1.00000000","Sophora japonica L.","2.00000000","36.00000000","공원녹지과","199833.489","199833.4891"
"20000405","중구","2-장충동-큰-0025","02","장충동","25.00000000","아카시아나무","21.00000000","18.00000000","8.00000000","동국대학교","60","5.00000000","10.00000000","6.00000000","4","9","3.00000000","1.00000000","Robinia pseudacacia L.","2.00000000","34.00000000","공원녹지과","199893.648","199893.6481"
"20000406","중구","2-장충동-큰-0028","02","장충동","28.00000000","아카시아나무","34.00000000","20.00000000","9.00000000","동국대학교","60","5.00000000","10.00000000","6.00000000","4","9","3.00000000","1.00000000","Robinia pseudacacia L.","2.00000000","34.00000000","공원녹지과","199894.255","199894.2554"
"20000407","중구","2-장충동-큰-0030","02","장충동","30.00000000","회화나무","22.00000000","18.00000000","7.00000000","동국대학교","60","5.00000000","10.00000000","6.00000000","6","9","3.00000000","1.00000000","Sophora japonica L.","2.00000000","36.00000000","공원녹지과","199904.272","199904.2722"
"20000408","중구","2-장충동-큰-0039","02","장충동","39.00000000","회화나무","33.00000000","17.00000000","11.00000000","동국대학교","60","5.00000000","10.00000000","6.00000000","6","9","3.00000000","1.00000000","Sophora japonica L.","2.00000000","36.00000000","공원녹지과","199989.536","199989.5363"
"20000409","중구","2-장충동-큰-0041","02","장충동","41.00000000","아카시아나무","26.00000000","24.00000000","9.00000000","동국대학교","60","5.00000000","10.00000000","6.00000000","4","9","3.00000000","1.00000000","Robinia pseudacacia L.","2.00000000","34.00000000","공원녹지과","199979.515","199979.5154"
"20000411","중구","2-장충동-큰-0044","02","장충동","44.00000000","느티나무","25.00000000","20.00000000","10.00000000","동국대학교","60","5.00000000","10.00000000","6.00000000","6","9","3.00000000","1.00000000","Zelkova serrata Makino","2.00000000","36.00000000","공원녹지과","199966.356","199966.3558"
"20000413","중구","2-필동-큰-0010","02","필동","10.00000000","아카시아나무","30.00000000","20.00000000","15.00000000","숭의여대별관","60","5.00000000","10.00000000","6.00000000","4","9","3.00000000","1.00000000","Robinia pseudacacia L.","2.00000000","34.00000000","공원녹지과","199027.356","199027.3562"
"20000414","중구","2-명동-큰-0109","02","명동","109.00000000","은행나무","23.00000000","15.00000000","7.00000000","","30","5.00000000","10.00000000","6.00000000","6","9","3.00000000","1.00000000","Ginkgo biloba L.","2.00000000","36.00000000","공원녹지과","198918.005","198918.0048"
"20000415","중구","2-명동-큰-0113","02","명동","113.00000000","측백나무","23.00000000","16.00000000","7.00000000","","60","5.00000000","10.00000000","6.00000000","6","9","3.00000000","1.00000000","Thuja orientalis L.","2.00000000","36.00000000","공원녹지과","198827.775","198827.7746"
"20000416","중구","2-필동-큰-0012","02","필동","12.00000000","은행나무","45.00000000","28.00000000","9.00000000","","10","10.00000000","10.00000000","6.00000000","6","9","2.00000000","1.00000000","Ginkgo biloba L.","2.00000000","41.00000000","공원녹지과","199288.971","199288.9711"
"20000417","중구","2-필동-큰-0018","02","필동","18.00000000","은행나무","25.00000000","25.00000000","9.00000000","한국의집","30","5.00000000","10.00000000","6.00000000","6","9","3.00000000","1.00000000","Ginkgo biloba L.","2.00000000","36.00000000","공원녹지과","199499.457","199499.457"
"20000418","중구","2-필동-큰-0022","02","필동","22.00000000","느티나무","35.00000000","26.00000000","10.00000000","한국의집","30","5.00000000","10.00000000","6.00000000","6","9","3.00000000","1.00000000","Zelkova serrata Makino","2.00000000","36.00000000","공원녹지과","199489.4","199489.4003"
"20000420","중구","2-필동-큰-0030","02","필동","30.00000000","느티나무","27.00000000","16.00000000","8.00000000","한국의집","30","5.00000000","10.00000000","6.00000000","6","9","3.00000000","1.00000000","Zelkova serrata Makino","2.00000000","36.00000000","공원녹지과","199520.955","199520.9554"
"20000421","중구","2-필동-큰-0032","02","필동","32.00000000","아카시아나무","31.00000000","27.00000000","11.00000000","한국의집","30","5.00000000","10.00000000","6.00000000","4","9","3.00000000","1.00000000","Robinia pseudacacia L.","2.00000000","34.00000000","공원녹지과","199514.019","199514.0186"
"20000422","중구","2-필동-큰-0035","02","필동","35.00000000","소나무","36.00000000","17.00000000","8.00000000","한국의집","30","5.00000000","10.00000000","6.00000000","6","9","3.00000000","1.00000000","Pinus densiflora S et Z.","2.00000000","36.00000000","공원녹지과","199531.705","199531.7054"
"20000423","중구","2-필동-큰-0037","02","필동","37.00000000","은행나무","28.00000000","17.00000000","7.00000000","한국의집","30","5.00000000","10.00000000","6.00000000","6","9","3.00000000","1.00000000","Ginkgo biloba L.","2.00000000","36.00000000","공원녹지과","199410.884","199410.8838"
"20000424","중구","2-필동-큰-0040","02","필동","40.00000000","아카시아나무","33.00000000","25.00000000","10.00000000","한국의집","30","5.00000000","10.00000000","6.00000000","4","9","3.00000000","1.00000000","Robinia pseudacacia L.","2.00000000","34.00000000","공원녹지과","199367.859","199367.8594"
"20000425","중구","2-명동-큰-0119","02","명동","119.00000000","아카시아나무","32.00000000","25.00000000","10.00000000","남산한옥마을","50","5.00000000","10.00000000","6.00000000","4","6","3.00000000","1.00000000","Robinia pseudacacia L.","2.00000000","31.00000000","공원녹지과","199346.027","199346.0268"
"20000954","중구","2-장충동-큰-0228","02","장충동","228.00000000","자작나무","40.00000000","8.00000000","6.00000000","충무초등학교","60","5.00000000","10.00000000","6.00000000","4","9","3.00000000","1.00000000","Betula platyphylla var.","2.00000000","34.00000000","공원녹지과","200113.355","200113.3555"
"20000955","중구","2-장충동-큰-0349","02","장충동","349.00000000","아카시아나무","23.00000000","6.00000000","3.00000000","타워호텔","30","5.00000000","10.00000000","6.00000000","4","9","3.00000000","1.00000000","Robinia pseudacacia L.","2.00000000","34.00000000","공원녹지과","200198.624","200198.6237"
"20000956","중구","2-명동-큰-0055","02","명동","55.00000000","가래나무","25.00000000","17.00000000","5.00000000","한국은행부지","30","5.00000000","10.00000000","6.00000000","4","9","3.00000000","1.00000000","Juglans mandshurica.","2.00000000","34.00000000","공원녹지과","198731.993","198731.9928"
"20000957","중구","2-장충동-큰-0027","02","장충동","27.00000000","아카시아나무","26.00000000","16.00000000","10.00000000","동국대학교","60","5.00000000","10.00000000","6.00000000","4","9","3.00000000","1.00000000","Robinia pseudacacia L.","2.00000000","34.00000000","공원녹지과","199896.141","199896.1413"
"20000992","중구","2-명동-큰-0112","02","명동","112.00000000","은행나무","21.00000000","15.00000000","6.00000000","","60","5.00000000","10.00000000","6.00000000","6","9","3.00000000","1.00000000","Ginkgo biloba L.","2.00000000","36.00000000","공원녹지과","198830.891","198830.8912"
"20000995","중구","2-충무로4,5동-큰-0130","02","충무로4,5동","130.00000000","느티나무","30.00000000","9.00000000","7.00000000","인헌어린이공원","50","5.00000000","10.00000000","6.00000000","6","6","3.00000000","1.00000000","Zelkova serrata Makino","2.00000000","33.00000000","공원녹지과","199715.616","199715.6162"
"20000996","중구","2-신당6동-큰-0040","02","신당6동","40.00000000","은행나무","21.00000000","7.00000000","3.00000000","삼성아파트","20","5.00000000","10.00000000","6.00000000","6","9","3.00000000","1.00000000","Ginkgo biloba L.","2.00000000","36.00000000","공원녹지과","201642.912","201642.9121"
"20000997","중구","2-회현동-큰-0087","02","회현동","87.00000000","느티나무","24.00000000","18.00000000","9.00000000","","50","5.00000000","10.00000000","6.00000000","6","6","3.00000000","1.00000000","Zelkova serrata Makino","2.00000000","33.00000000","공원녹지과","198169.021","198169.0211"
"20000999","중구","2-신당3동-큰-0043","02","신당3동","43.00000000","느티나무","24.00000000","5.00000000","3.00000000","남산타운","20","5.00000000","10.00000000","6.00000000","6","9","3.00000000","1.00000000","Zelkova serrata Makino","2.00000000","36.00000000","공원녹지과","200601.864","200601.8644"
"20001000","중구","2-신당6동-큰-0001","02","신당6동","1.00000000","꽃개오동","34.00000000","10.00000000","7.00000000","123-1","10","5.00000000","10.00000000","6.00000000","4","9","3.00000000","1.00000000","Catapa bignonioides Water","2.00000000","34.00000000","공원녹지과","201845.558","201845.558"
"20000976","중구","2-소공동-큰-0105","02","소공동","105.00000000","은행나무","23.00000000","20.00000000","5.00000000","이화여고","60","5.00000000","10.00000000","6.00000000","6","9","3.00000000","1.00000000","Ginkgo biloba L.","2.00000000","36.00000000","공원녹지과","197220.568","197220.5684"
"20000988","중구","2-중림동-큰-0107","02","중림동","107.00000000","은행나무","25.00000000","19.00000000","7.00000000","봉래초등학교","60","5.00000000","10.00000000","6.00000000","6","9","3.00000000","1.00000000","Ginkgo biloba L.","2.00000000","36.00000000","공원녹지과","196692.769","196692.7691"
"20001001","중구","2-소공동-큰-0267","02","소공동","267.00000000","느티나무","27.00000000","17.00000000","9.00000000","중앙일보","30","5.00000000","10.00000000","6.00000000","6","9","3.00000000","1.00000000","Zelkova serrata Makino","2.00000000","36.00000000","공원녹지과","197384.313","197384.3134"
"20001002","중구","2-장충동-큰-0104","02","장충동","104.00000000","아카시아나무","25.00000000","24.00000000","6.00000000","동국대학교","60","5.00000000","10.00000000","6.00000000","4","9","3.00000000","1.00000000","Robinia pseudacacia L.","2.00000000","34.00000000","공원녹지과","200108.649","200108.6489"
"20001004","중구","2-장충동-큰-0152","02","장충동","152.00000000","느릅나무","43.00000000","8.00000000","8.00000000","동국대학교","60","10.00000000","10.00000000","6.00000000","4","9","3.00000000","1.00000000","Ulmus davidiana var","2.00000000","39.00000000","공원녹지과","200125.291","200125.2907"
"20001005","중구","2-남대문로5가동-큰-0050","02","남대문로5가동","50.00000000","은행나무","22.00000000","29.00000000","5.00000000","남대문교회","60","5.00000000","10.00000000","6.00000000","6","9","3.00000000","1.00000000","Ginkgo biloba L.","2.00000000","36.00000000","공원녹지과","197749.542","197749.5416"
"20001006","중구","2-필동-큰-0013","02","필동","13.00000000","느티나무","28.00000000","26.00000000","9.00000000","한국의집","30","5.00000000","10.00000000","6.00000000","6","9","3.00000000","1.00000000","Zelkova serrata Makino","2.00000000","36.00000000","공원녹지과","199475.879","199475.879"
"20001007","중구","2-충무로4,5동-큰-0071","02","충무로4,5동","71.00000000","느티나무","25.00000000","8.00000000","6.00000000","목정주차장","60","5.00000000","10.00000000","6.00000000","6","9","3.00000000","1.00000000","Zelkova serrata Makino","2.00000000","36.00000000","공원녹지과","200021.186","200021.186"
"20001008","중구","2-충무로4,5동-큰-0087","02","충무로4,5동","87.00000000","이태리포플러","65.00000000","12.00000000","6.00000000","덕수중학교","60","15.00000000","10.00000000","6.00000000","2","9","2.00000000","1.00000000","Populus euramericana Guiner","2.00000000","42.00000000","공원녹지과","199800.352","199800.3516"
"20001009","중구","2-소공동-큰-0233","02","소공동","233.00000000","은행나무","25.00000000","20.00000000","7.00000000","롯데호텔","30","5.00000000","10.00000000","6.00000000","6","9","3.00000000","1.00000000","Ginkgo biloba L.","2.00000000","36.00000000","공원녹지과","197937.683","197937.683"
"20001010","중구","2-소공동-큰-0069","02","소공동","69.00000000","아카시아나무","40.00000000","30.00000000","5.00000000","창덕여중","60","5.00000000","10.00000000","6.00000000","4","9","3.00000000","1.00000000","Robinia pseudacacia L.","2.00000000","34.00000000","공원녹지과","197419.632","197419.6316"
"20001012","중구","2-필동-큰-0054","02","필동","54.00000000","느티나무","25.00000000","15.00000000","10.00000000","","10","5.00000000","10.00000000","6.00000000","6","9","3.00000000","1.00000000","Zelkova serrata Makino","2.00000000","36.00000000","공원녹지과","199759.432","199759.4322"
"20001013","중구","2-장충동-큰-0052","02","장충동","52.00000000","아카시아나무","24.00000000","22.00000000","8.00000000","동국대학교","60","5.00000000","10.00000000","6.00000000","4","9","3.00000000","1.00000000","Robinia pseudacacia L.","2.00000000","34.00000000","공원녹지과","199991.104","199991.1045"
"20000287","중구","2-남대문로5가동-큰-0062","02","남대문로5가동","62.00000000","느티나무","20.00000000","17.00000000","8.00000000","남대문교회","50","5.00000000","10.00000000","6.00000000","6","6","3.00000000","1.00000000","Zelkova serrata Makino","2.00000000","33.00000000","공원녹지과","198176.188","198176.1877"
"20000426","중구","2-필동-큰-0041","02","필동","41.00000000","회화나무","39.00000000","25.00000000","8.00000000","","30","5.00000000","10.00000000","6.00000000","6","9","3.00000000","1.00000000","Sophora japonica L.","2.00000000","36.00000000","공원녹지과","199625.71","199625.7102"
"20000428","중구","2-장충동-큰-0098","02","장충동","98.00000000","아카시아나무","26.00000000","23.00000000","6.00000000","동국대학교","60","5.00000000","10.00000000","6.00000000","4","9","3.00000000","1.00000000","Robinia pseudacacia L.","2.00000000","34.00000000","공원녹지과","199963.51","199963.5105"
"20000429","중구","2-을지로3,4,5동-큰-0006","02","을지로3,4,5동","6.00000000","목련","25.00000000","7.00000000","4.00000000","수표동 청소년회관","30","5.00000000","10.00000000","6.00000000","4","9","3.00000000","1.00000000","Magnolia kobus Dc.","2.00000000","34.00000000","공원녹지과","199189.24","199189.24"
"20000431","중구","2-을지로3,4,5동-큰-0010","02","을지로3,4,5동","10.00000000","향나무","20.00000000","8.00000000","3.00000000","주교동 우래옥","30","5.00000000","10.00000000","6.00000000","4","9","3.00000000","1.00000000","Juniperus chinensis L.","2.00000000","34.00000000","공원녹지과","199906.548","199906.5479"
"20000432","중구","2-소공동-큰-0213","02","소공동","213.00000000","은행나무","46.00000000","28.00000000","12.00000000","덕수궁","50","10.00000000","10.00000000","6.00000000","6","6","3.00000000","1.00000000","Ginkgo biloba L.","2.00000000","38.00000000","공원녹지과","197727.907","197727.9072"
"20000827","중구","2-회현동-큰-0188","02","회현동","188.00000000","은행나무","20.00000000","6.00000000","5.00000000","연세빌딩","70","5.00000000","10.00000000","6.00000000","6","9","3.00000000","2.00000000","Ginkgo biloba L.","0E-8","0E-8","공원녹지과","197681.976","197681.9759"
"20000828","중구","2-회현동-큰-0194","02","회현동","194.00000000","은행나무","21.00000000","6.00000000","6.00000000","연세빌딩","70","5.00000000","10.00000000","6.00000000","6","9","3.00000000","2.00000000","Ginkgo biloba L.","0E-8","0E-8","공원녹지과","197677.232","197677.2322"
"20000794","중구","2-충무로4,5동-큰-0135","02","충무로4,5동","135.00000000","은행나무","35.00000000","12.00000000","8.00000000","인헌어린이공원","50","5.00000000","10.00000000","6.00000000","6","6","3.00000000","1.00000000","Ginkgo biloba L.","2.00000000","33.00000000","공원녹지과","199730.789","199730.789"
"20000829","중구","2-장충동-큰-0172","02","장충동","172.00000000","느릅나무","30.00000000","6.00000000","5.00000000","동국대학교","60","5.00000000","10.00000000","6.00000000","4","9","3.00000000","1.00000000","Ulmus davidiana var","2.00000000","34.00000000","공원녹지과","200203.648","200203.6482"
"20000830","중구","2-명동-큰-0103","02","명동","103.00000000","느티나무","25.00000000","16.00000000","10.00000000","숭의여대별관","60","5.00000000","10.00000000","6.00000000","6","9","3.00000000","1.00000000","Zelkova serrata Makino","2.00000000","36.00000000","공원녹지과","198982.178","198982.1784"
"20000832","중구","2-신당4동-큰-0022","02","신당4동","22.00000000","양버즘나무","33.00000000","7.00000000","4.00000000","대경중고교","60","5.00000000","10.00000000","6.00000000","2","9","3.00000000","1.00000000","Platanus occidentalis L.","2.00000000","32.00000000","공원녹지과","201504.172","201504.1716"
"20000833","중구","2-필동-큰-0043","02","필동","43.00000000","은행나무","35.00000000","24.00000000","8.00000000","","30","5.00000000","10.00000000","6.00000000","6","9","3.00000000","1.00000000","Ginkgo biloba L.","2.00000000","36.00000000","공원녹지과","199576.437","199576.437"
"20000834","중구","2-소공동-큰-0189","02","소공동","189.00000000","자작나무","70.00000000","39.00000000","17.00000000","체스프라자","60","15.00000000","10.00000000","6.00000000","4","9","2.00000000","1.00000000","Betula platyphylla var.","2.00000000","44.00000000","공원녹지과","197500.06","197500.0596"
"20000835","중구","2-중림동-큰-0077","02","중림동","77.00000000","양버즘나무","30.00000000","32.00000000","14.00000000","손기정공원","50","5.00000000","10.00000000","6.00000000","2","6","4.00000000","1.00000000","Platanus occidentalis L.","2.00000000","29.00000000","공원녹지과","196864.753","196864.753"
"20000836","중구","2-신당2동-큰-0019","02","신당2동","19.00000000","향나무","23.00000000","9.00000000","4.00000000","432-24","10","5.00000000","10.00000000","6.00000000","4","9","3.00000000","1.00000000","Juniperus chinensis L.","2.00000000","34.00000000","공원녹지과","200762.655","200762.6547"
"20000837","중구","2-장충동-큰-0308","02","장충동","308.00000000","은행나무","35.00000000","11.00000000","5.00000000","서울클럽","60","5.00000000","10.00000000","6.00000000","6","9","3.00000000","1.00000000","Ginkgo biloba L.","2.00000000","36.00000000","공원녹지과","200256.713","200256.7127"
"20000838","중구","2-장충동-큰-0332","02","장충동","332.00000000","소나무","25.00000000","5.00000000","2.00000000","타워호텔","30","5.00000000","10.00000000","6.00000000","6","9","3.00000000","1.00000000","Pinus densiflora S et Z.","2.00000000","36.00000000","공원녹지과","200103.12","200103.1203"
"20000840","중구","2-명동-큰-0056","02","명동","56.00000000","가래나무","28.00000000","20.00000000","7.00000000","한국은행부지","30","5.00000000","10.00000000","6.00000000","4","9","3.00000000","1.00000000","Juglans mandshurica.","2.00000000","34.00000000","공원녹지과","198728.868","198728.8681"
"20000841","중구","2-회현동-큰-0177","02","회현동","177.00000000","은행나무","21.00000000","7.00000000","6.00000000","연세빌딩","70","5.00000000","10.00000000","6.00000000","6","9","3.00000000","2.00000000","Ginkgo biloba L.","0E-8","0E-8","공원녹지과","197693.51","197693.51"
"20000842","중구","2-회현동-큰-0153","02","회현동","153.00000000","백합나무","30.00000000","15.00000000","10.00000000","연세빌딩","70","10.00000000","10.00000000","6.00000000","2","9","3.00000000","2.00000000","Liriodendron tulipifera L.","0E-8","0E-8","공원녹지과","197725.361","197725.3612"
"20000843","중구","2-장충동-큰-0246","02","장충동","246.00000000","자작나무","34.00000000","8.00000000","5.00000000","충무초등학교","60","5.00000000","10.00000000","6.00000000","4","9","3.00000000","1.00000000","Betula platyphylla var.","2.00000000","34.00000000","공원녹지과","200150.365","200150.365"
"20000844","중구","2-장충동-큰-0125","02","장충동","125.00000000","은행나무","24.00000000","17.00000000","6.00000000","국립극장","60","5.00000000","10.00000000","6.00000000","6","9","3.00000000","1.00000000","Ginkgo biloba L.","2.00000000","36.00000000","공원녹지과","200104.094","200104.0938"
"20000845","중구","2-신당1동-큰-0112","02","신당1동","112.00000000","향나무","21.00000000","4.00000000","3.00000000","50-3","10","5.00000000","10.00000000","6.00000000","4","9","3.00000000","1.00000000","Juniperus chinensis L.","2.00000000","34.00000000","공원녹지과","200839.326","200839.3255"
"20001014","중구","2-신당1동-큰-0103","02","신당1동","103.00000000","향나무","20.00000000","3.00000000","2.00000000","103","10","5.00000000","10.00000000","6.00000000","4","9","3.00000000","1.00000000","Juniperus chinensis L.","2.00000000","34.00000000","공원녹지과","200832.11","200832.1104"
"20001015","중구","2-명동-큰-0001","02","명동","1.00000000","은행나무","45.00000000","12.00000000","7.00000000","을지로2가 남대문세무서","30","10.00000000","10.00000000","6.00000000","6","9","2.00000000","1.00000000","Ginkgo biloba L.","2.00000000","41.00000000","공원녹지과","198935.369","198935.3687"
"20001016","중구","2-장충동-큰-0049","02","장충동","49.00000000","아카시아나무","22.00000000","19.00000000","9.00000000","동국대학교","60","5.00000000","10.00000000","6.00000000","4","9","3.00000000","1.00000000","Robinia pseudacacia L.","2.00000000","34.00000000","공원녹지과","199984.204","199984.2037"
"20001017","중구","2-남대문로5가동-큰-0040","02","남대문로5가동","40.00000000","은행나무","32.00000000","25.00000000","8.00000000","남대문교회","60","5.00000000","10.00000000","6.00000000","6","9","3.00000000","1.00000000","Ginkgo biloba L.","2.00000000","36.00000000","공원녹지과","197738.783","197738.7828"
"20000748","중구","2-신당3동-큰-0020","02","신당3동","20.00000000","소나무","21.00000000","5.00000000","2.00000000","남산타원","20","5.00000000","10.00000000","6.00000000","6","9","3.00000000","1.00000000","Pinus densiflora S et Z.","2.00000000","36.00000000","공원녹지과","200985.274","200985.2737"
"20000749","중구","2-만리동1가-큰-0016","02","만리동1가","5.00000000","느티나무","26.00000000","4.00000000","6.00000000","서울역","50","5.00000000","10.00000000","6.00000000","6","9","3.00000000","1.00000000","Zelkova serrata Makino","2.00000000","36.00000000","공원녹지과","197289.518","197289.5185"
"20000751","중구","2-신당1동-큰-0117","02","신당1동","117.00000000","단풍나무","22.00000000","5.00000000","5.00000000","장충초교","60","5.00000000","10.00000000","6.00000000","4","9","3.00000000","1.00000000","Acer palmatum Thunb.","2.00000000","34.00000000","공원녹지과","200964.587","200964.5872"
"20000752","중구","2-신당5동-큰-0013","02","신당5동","13.00000000","느티나무","25.00000000","7.00000000","8.00000000","동원빌딩","30","5.00000000","10.00000000","6.00000000","6","9","3.00000000","1.00000000","Zelkova serrata Makino","2.00000000","36.00000000","공원녹지과","201445.792","201445.7918"
"20000753","중구","2-을지로3,4,5동-큰-0031","02","을지로3,4,5동","31.00000000","은행나무","70.00000000","12.00000000","4.00000000","정동2가 12통3반","30","15.00000000","10.00000000","6.00000000","6","9","2.00000000","1.00000000","Ginkgo biloba L.","2.00000000","46.00000000","공원녹지과","199153.775","199153.7752"
"20000754","중구","2-명동-큰-0030","02","명동","30.00000000","소나무","20.00000000","4.00000000","2.00000000","명동성당","60","5.00000000","10.00000000","6.00000000","6","9","3.00000000","1.00000000","Pinus densiflora S et Z.","2.00000000","36.00000000","공원녹지과","198905.083","198905.083"
"20000755","중구","2-장충동-큰-0176","02","장충동","176.00000000","백합나무","27.00000000","8.00000000","5.00000000","동국대학교","60","5.00000000","10.00000000","6.00000000","2","9","3.00000000","1.00000000","Liriodendron tulipifera L.","2.00000000","32.00000000","공원녹지과","200247.498","200247.4979"
"20000756","중구","2-장충동-큰-0200","02","장충동","200.00000000","느티나무","36.00000000","5.00000000","5.00000000","장충공원","50","5.00000000","10.00000000","6.00000000","6","6","3.00000000","1.00000000","Zelkova serrata Makino","2.00000000","33.00000000","공원녹지과","200449.469","200449.4685"
"20000724","중구","2-신당2동-큰-0052","02","신당2동","52.00000000","소나무","20.00000000","3.00000000","2.00000000","432-1671","10","5.00000000","10.00000000","6.00000000","6","9","3.00000000","1.00000000","Pinus densiflora S et Z.","2.00000000","36.00000000","공원녹지과","200509.158","200509.1581"
"20000757","중구","2-명동-큰-0107","02","명동","107.00000000","가래나무","42.00000000","27.00000000","12.00000000","숭의여대별관","60","10.00000000","10.00000000","6.00000000","4","9","3.00000000","1.00000000","Juglans mandshurica.","2.00000000","39.00000000","공원녹지과","198936.006","198936.0064"
"20000758","중구","2-필동-큰-0039","02","필동","39.00000000","아카시아나무","29.00000000","22.00000000","9.00000000","한국의집","30","5.00000000","10.00000000","6.00000000","4","9","3.00000000","1.00000000","Robinia pseudacacia L.","2.00000000","34.00000000","공원녹지과","199354.681","199354.6809"
"20000759","중구","2-충무로4,5동-큰-0065","02","충무로4,5동","65.00000000","소나무","20.00000000","5.00000000","4.00000000","목정주차장","60","5.00000000","10.00000000","6.00000000","6","9","3.00000000","1.00000000","Pinus densiflora S et Z.","2.00000000","36.00000000","공원녹지과","199959.95","199959.9503"
"20000760","중구","2-태평로1가동-큰-0112","02","태평로1가동","112.00000000","느티나무","60.00000000","6.00000000","5.00000000","장교동 쁘렝땅백화점","30","15.00000000","10.00000000","6.00000000","6","9","2.00000000","1.00000000","Zelkova serrata Makino","2.00000000","46.00000000","공원녹지과","198877.611","198877.6107"
"20000761","중구","2-소공동-큰-0179","02","소공동","179.00000000","느티나무","27.00000000","17.00000000","7.00000000","체스프라자","60","5.00000000","10.00000000","6.00000000","6","9","3.00000000","1.00000000","Zelkova serrata Makino","2.00000000","36.00000000","공원녹지과","197557.639","197557.6391"
"20000763","중구","2-광희동-큰-0003","02","광희동","3.00000000","은행나무","35.00000000","7.00000000","2.00000000","방산동공원","50","5.00000000","10.00000000","6.00000000","6","6","3.00000000","1.00000000","Ginkgo biloba L.","2.00000000","33.00000000","공원녹지과","200386.19","200386.1904"
"20000765","중구","2-충무로4,5동-큰-0099","02","충무로4,5동","99.00000000","양버즘나무","60.00000000","8.00000000","8.00000000","덕수중학교","60","15.00000000","10.00000000","6.00000000","6","9","2.00000000","1.00000000","Platanus occidentalis L.","2.00000000","46.00000000","공원녹지과","199816.34","199816.3404"
"20000766","중구","2-장충동-큰-0064","02","장충동","64.00000000","은행나무","20.00000000","14.00000000","8.00000000","동국대학교","60","5.00000000","10.00000000","6.00000000","6","9","3.00000000","1.00000000","Ginkgo biloba L.","2.00000000","36.00000000","공원녹지과","199999.239","199999.239"
"20000767","중구","2-필동-큰-0069","02","필동","69.00000000","아카시아나무","23.00000000","24.00000000","6.00000000","동국대학교","60","5.00000000","10.00000000","6.00000000","4","9","3.00000000","1.00000000","Robinia pseudacacia L.","2.00000000","34.00000000","공원녹지과","199830.368","199830.3676"
"20001472","중구","2-필동-큰-0094","02","필동","94.00000000","은행나무","25.00000000","17.00000000","7.00000000","","60","5.00000000","10.00000000","6.00000000","6","9","3.00000000","1.00000000","Ginkgo biloba L.","2.00000000","36.00000000","공원녹지과","199669.5","199669.5001"
"20001473","중구","2-소공동-큰-0004","02","소공동","4.00000000","회화나무","21.00000000","12.00000000","5.00000000","정동","10","5.00000000","10.00000000","6.00000000","6","9","3.00000000","1.00000000","Sophora japonica L.","2.00000000","36.00000000","공원녹지과","197431.428","197431.4279"
"20001474","중구","2-남대문로5가동-큰-0063","02","남대문로5가동","63.00000000","느티나무","23.00000000","17.00000000","7.00000000","남대문교회","50","5.00000000","10.00000000","6.00000000","6","6","3.00000000","1.00000000","Zelkova serrata Makino","2.00000000","33.00000000","공원녹지과","198170.594","198170.594"
"20001475","중구","2-회현동-큰-0180","02","회현동","180.00000000","은행나무","21.00000000","7.00000000","6.00000000","연세빌딩","70","5.00000000","10.00000000","6.00000000","6","9","3.00000000","2.00000000","Ginkgo biloba L.","0E-8","0E-8","공원녹지과","197686.075","197686.0745"
"20001476","중구","2-신당3동-큰-0003","02","신당3동","3.00000000","은행나무","21.00000000","8.00000000","5.00000000","333-9","10","5.00000000","10.00000000","6.00000000","6","9","3.00000000","1.00000000","Ginkgo biloba L.","2.00000000","36.00000000","공원녹지과","201055.771","201055.7707"
"20001478","중구","2-회현동-큰-0059","02","회현동","59.00000000","양버즘나무","20.00000000","16.00000000","7.00000000","","50","5.00000000","10.00000000","6.00000000","2","6","4.00000000","1.00000000","Platanus occidentalis L.","2.00000000","29.00000000","공원녹지과","198170.57","198170.5696"
"20001296","중구","2-필동-큰-0081","02","필동","81.00000000","단풍나무","22.00000000","13.00000000","6.00000000","","60","5.00000000","10.00000000","6.00000000","6","9","3.00000000","1.00000000","Acer palmatum Thunb.","2.00000000","36.00000000","공원녹지과","199520.341","199520.3411"
"20001297","중구","2-필동-큰-0084","02","필동","84.00000000","측백나무","20.00000000","10.00000000","5.00000000","","60","5.00000000","10.00000000","6.00000000","6","9","3.00000000","1.00000000","Thuja orientalis L.","2.00000000","36.00000000","공원녹지과","199542.274","199542.2741"
"20001298","중구","2-장충동-큰-0116","02","장충동","116.00000000","느티나무","38.00000000","15.00000000","13.00000000","국립극장","60","5.00000000","10.00000000","6.00000000","6","9","3.00000000","1.00000000","Zelkova serrata Makino","2.00000000","36.00000000","공원녹지과","200081.643","200081.643"
"20001300","중구","2-회현동-큰-0082","02","회현동","82.00000000","느티나무","22.00000000","17.00000000","6.00000000","","50","5.00000000","10.00000000","6.00000000","6","6","3.00000000","1.00000000","Zelkova serrata Makino","2.00000000","33.00000000","공원녹지과","198144.313","198144.3134"
"20001521","중구","2-남대문로5가동-큰-0067","02","남대문로5가동","67.00000000","느티나무","30.00000000","16.00000000","9.00000000","남대문교회","50","5.00000000","10.00000000","6.00000000","6","6","3.00000000","1.00000000","Zelkova serrata Makino","2.00000000","33.00000000","공원녹지과","198148.574","198148.574"
"20001522","중구","2-명동-큰-0016","02","명동","16.00000000","상수리나무","30.00000000","15.00000000","9.00000000","계성여고","60","5.00000000","10.00000000","6.00000000","4","9","3.00000000","1.00000000","","2.00000000","34.00000000","공원녹지과","198874.592","198874.5922"
"20001523","중구","2-회현동-큰-0135","02","회현동","135.00000000","느티나무","40.00000000","14.00000000","9.00000000","남산공원","50","5.00000000","10.00000000","6.00000000","6","6","3.00000000","1.00000000","Zelkova serrata Makino","2.00000000","33.00000000","공원녹지과","198457.381","198457.3811"
"20001524","중구","2-장충동-큰-0197","02","장충동","197.00000000","양버즘나무","47.00000000","11.00000000","7.00000000","장충공원","50","10.00000000","10.00000000","6.00000000","2","6","3.00000000","1.00000000","Platanus occidentalis L.","2.00000000","34.00000000","공원녹지과","200460.746","200460.7461"
"20001525","중구","2-소공동-큰-0164","02","소공동","164.00000000","아카시아나무","27.00000000","20.00000000","10.00000000","시립미술관","60","5.00000000","10.00000000","6.00000000","4","9","3.00000000","1.00000000","Robinia pseudacacia L.","2.00000000","34.00000000","공원녹지과","197581.565","197581.565"
"20001526","중구","2-회현동-큰-0200","02","회현동","200.00000000","은행나무","21.00000000","6.00000000","5.00000000","연세빌딩","70","5.00000000","10.00000000","6.00000000","6","9","3.00000000","2.00000000","Ginkgo biloba L.","0E-8","0E-8","공원녹지과","197666.349","197666.3485"
"20001527","중구","2-태평로1가동-큰-0009","02","태평로1가동","9.00000000","소나무","22.00000000","17.00000000","1.00000000","롯데호텔","60","5.00000000","10.00000000","6.00000000","6","9","3.00000000","1.00000000","Pinus densiflora S et Z.","2.00000000","36.00000000","공원녹지과","198010.163","198010.1626"
"20001529","중구","2-회현동-큰-0196","02","회현동","196.00000000","은행나무","21.00000000","7.00000000","5.00000000","연세빌딩","70","5.00000000","10.00000000","6.00000000","6","9","3.00000000","2.00000000","Ginkgo biloba L.","0E-8","0E-8","공원녹지과","197673.462","197673.462"
"20001530","중구","2-황학동-큰-0011","02","황학동","11.00000000","회화나무","32.00000000","9.00000000","8.00000000","황학동1377번지","30","5.00000000","10.00000000","6.00000000","6","9","3.00000000","1.00000000","Sophora japonica L.","2.00000000","36.00000000","공원녹지과","201871.626","201871.6259"
"20001531","중구","2-중림동-큰-0097","02","중림동","97.00000000","양버즘나무","29.00000000","30.00000000","12.00000000","봉래초등학교","60","5.00000000","10.00000000","6.00000000","2","9","3.00000000","1.00000000","Platanus occidentalis L.","2.00000000","32.00000000","공원녹지과","196811.937","196811.9371"
"20001532","중구","2-충무로4,5동-큰-0002","02","충무로4,5동","2.00000000","메타세콰이어","40.00000000","13.00000000","6.00000000","중구청","60","5.00000000","10.00000000","6.00000000","2","9","3.00000000","1.00000000","Metasequoia glyptostroboides Hu et cheng","2.00000000","32.00000000","공원녹지과","199777.8","199777.7995"
"20001533","중구","2-필동-큰-0006","02","필동","6.00000000","아카시아나무","26.00000000","18.00000000","8.00000000","숭의여대별관","60","5.00000000","10.00000000","6.00000000","4","9","3.00000000","1.00000000","Robinia pseudacacia L.","2.00000000","34.00000000","공원녹지과","199214.665","199214.6654"
"20001534","중구","2-명동-큰-0116","02","명동","116.00000000","아카시아나무","35.00000000","28.00000000","9.00000000","남산한옥마을","50","5.00000000","10.00000000","6.00000000","4","6","3.00000000","1.00000000","Robinia pseudacacia L.","2.00000000","31.00000000","공원녹지과","199348.796","199348.7957"
"20000084","중구","2-광희동-큰-0102","02","광희동","102.00000000","은행나무","41.00000000","8.00000000","3.00000000","33-13","10","10.00000000","10.00000000","6.00000000","6","9","2.00000000","1.00000000","Ginkgo biloba L.","2.00000000","41.00000000","공원녹지과","200691.032","200691.0322"
"20000085","중구","2-소공동-큰-0269","02","소공동","269.00000000","참나무","30.00000000","17.00000000","10.00000000","중앙일보","30","5.00000000","10.00000000","6.00000000","4","9","3.00000000","1.00000000","Quercus variabilis BL.","2.00000000","34.00000000","공원녹지과","197377.566","197377.5663"
"20000086","중구","2-소공동-큰-0274","02","소공동","274.00000000","참나무","25.00000000","22.00000000","7.00000000","중앙일보","30","5.00000000","10.00000000","6.00000000","4","9","3.00000000","1.00000000","Quercus variabilis BL.","2.00000000","34.00000000","공원녹지과","197397.038","197397.0384"
"20000088","중구","2-을지로3,4,5동-큰-0032","02","을지로3,4,5동","32.00000000","양버즘나무","25.00000000","10.00000000","6.00000000","정동2가 12통3반","30","5.00000000","10.00000000","6.00000000","6","9","3.00000000","1.00000000","Platanus occidentalis L.","2.00000000","36.00000000","공원녹지과","199151.981","199151.9809"
"20000089","중구","2-명동-큰-0003","02","명동","3.00000000","가중나무","25.00000000","10.00000000","4.00000000","명동2가","30","5.00000000","10.00000000","6.00000000","4","9","3.00000000","1.00000000","Ailanthus altissima Swingle.","2.00000000","34.00000000","공원녹지과","198984.118","198984.118"
"20000091","중구","2-중림동-큰-0096","02","중림동","96.00000000","은행나무","48.00000000","28.00000000","10.00000000","봉래초등학교","60","10.00000000","10.00000000","6.00000000","6","9","2.00000000","1.00000000","Ginkgo biloba L.","2.00000000","41.00000000","공원녹지과","196820.998","196820.9978"
"20000092","중구","2-중림동-큰-0101","02","중림동","101.00000000","은행나무","38.00000000","33.00000000","16.00000000","봉래초등학교","60","5.00000000","10.00000000","6.00000000","6","9","3.00000000","1.00000000","Ginkgo biloba L.","2.00000000","36.00000000","공원녹지과","196788.225","196788.2255"
"20000093","중구","2-중림동-큰-0105","02","중림동","105.00000000","느티나무","25.00000000","17.00000000","10.00000000","봉래초등학교","60","5.00000000","10.00000000","6.00000000","6","9","3.00000000","1.00000000","Zelkova serrata Makino","2.00000000","36.00000000","공원녹지과","196649.801","196649.8014"
"20000094","중구","2-충무로4,5동-큰-0020","02","충무로4,5동","20.00000000","은행나무","25.00000000","9.00000000","4.00000000","중구청","60","5.00000000","10.00000000","6.00000000","6","9","3.00000000","1.00000000","Ginkgo biloba L.","2.00000000","36.00000000","공원녹지과","199844.569","199844.5688"
"20000095","중구","2-명동-큰-0008","02","명동","8.00000000","느티나무","20.00000000","7.00000000","4.00000000","계성여고","60","5.00000000","10.00000000","6.00000000","6","9","3.00000000","1.00000000","Zelkova serrata Makino","2.00000000","36.00000000","공원녹지과","198813.604","198813.6041"
"20000096","중구","2-명동-큰-0009","02","명동","9.00000000","느티나무","20.00000000","7.00000000","4.00000000","계성여고","60","5.00000000","10.00000000","6.00000000","6","9","3.00000000","1.00000000","Zelkova serrata Makino","2.00000000","36.00000000","공원녹지과","198819.881","198819.881"
"20000098","중구","2-명동-큰-0014","02","명동","14.00000000","소나무","22.00000000","6.00000000","3.00000000","계성여고","60","5.00000000","10.00000000","6.00000000","6","9","3.00000000","1.00000000","Pinus densiflora S et Z.","2.00000000","36.00000000","공원녹지과","198837.822","198837.8222"
"20000099","중구","2-명동-큰-0018","02","명동","18.00000000","은행나무","80.00000000","13.00000000","9.00000000","계성여고","60","15.00000000","10.00000000","6.00000000","6","9","2.00000000","1.00000000","Ginkgo biloba L.","2.00000000","46.00000000","공원녹지과","198884.906","198884.9059"
"20000100","중구","2-명동-큰-0021","02","명동","21.00000000","느티나무","40.00000000","9.00000000","5.00000000","계성여고","60","5.00000000","10.00000000","6.00000000","6","9","3.00000000","1.00000000","Zelkova serrata Makino","2.00000000","36.00000000","공원녹지과","198874.358","198874.3577"
"20000101","중구","2-명동-큰-0024","02","명동","24.00000000","상수리나무","35.00000000","13.00000000","8.00000000","계성여고","60","5.00000000","10.00000000","6.00000000","4","9","3.00000000","1.00000000","","2.00000000","34.00000000","공원녹지과","198874.129","198874.1295"
"20000102","중구","2-명동-큰-0026","02","명동","26.00000000","느티나무","35.00000000","7.00000000","6.00000000","명동성당","60","5.00000000","10.00000000","6.00000000","6","9","3.00000000","1.00000000","Zelkova serrata Makino","2.00000000","36.00000000","공원녹지과","198873.676","198873.6756"
"20000103","중구","2-명동-큰-0029","02","명동","29.00000000","은행나무","20.00000000","5.00000000","2.00000000","명동성당","60","5.00000000","10.00000000","6.00000000","6","9","3.00000000","1.00000000","Ginkgo biloba L.","2.00000000","36.00000000","공원녹지과","198888.034","198888.0336"
"20000104","중구","2-명동-큰-0035","02","명동","35.00000000","은행나무","70.00000000","15.00000000","10.00000000","명동성당","60","15.00000000","10.00000000","6.00000000","6","9","2.00000000","1.00000000","Ginkgo biloba L.","2.00000000","46.00000000","공원녹지과","198903.747","198903.7474"
"20001764","중구","2-신당1동-큰-0051","02","신당1동","51.00000000","벚나무","26.00000000","7.00000000","5.00000000","장충빌딩","30","5.00000000","10.00000000","6.00000000","4","9","3.00000000","1.00000000","Prunus yedoensis Matsumira.","2.00000000","34.00000000","공원녹지과","200815.066","200815.0658"
"20001836","중구","2-을지로3,4,5동-큰-0043","02","을지로3,4,5동","43.00000000","단풍나무","20.00000000","5.00000000","3.00000000","동부화재","30","5.00000000","10.00000000","6.00000000","4","9","3.00000000","1.00000000","Acer palmatum Thunb.","2.00000000","34.00000000","공원녹지과","199313.863","199313.8627"
"20001961","중구","2-소공동-큰-0149","02","소공동","149.00000000","측백나무","21.00000000","13.00000000","6.00000000","이화여고","60","5.00000000","10.00000000","6.00000000","6","9","3.00000000","1.00000000","Thuja orientalis L.","2.00000000","36.00000000","공원녹지과","197427.554","197427.5536"
"20002113","중구","2-회현동-큰-0065","02","회현동","65.00000000","양버즘나무","26.00000000","15.00000000","7.00000000","","50","5.00000000","10.00000000","6.00000000","2","6","4.00000000","1.00000000","Platanus occidentalis L.","2.00000000","29.00000000","공원녹지과","198153.972","198153.9724"
"20002058","중구","2-회현동-큰-0217","02","회현동","217.00000000","백합나무","40.00000000","26.00000000","12.00000000","연세빌딩","70","10.00000000","10.00000000","6.00000000","2","9","3.00000000","2.00000000","Liriodendron tulipifera L.","0E-8","0E-8","공원녹지과","197630.614","197630.6141"
"20001536","중구","2-소공동-큰-0303","02","소공동","303.00000000","아카시아나무","36.00000000","25.00000000","10.00000000","","10","5.00000000","10.00000000","6.00000000","4","9","3.00000000","1.00000000","Robinia pseudacacia L.","2.00000000","34.00000000","공원녹지과","197558.026","197558.0262"
"20001537","중구","2-중림동-큰-0005","02","중림동","5.00000000","양버즘나무","35.00000000","28.00000000","9.00000000","","60","5.00000000","10.00000000","6.00000000","2","9","3.00000000","1.00000000","Platanus occidentalis L.","2.00000000","32.00000000","공원녹지과","196775.566","196775.5655"
"20001538","중구","2-소공동-큰-0162","02","소공동","162.00000000","회화나무","32.00000000","23.00000000","10.00000000","시립미술관","60","5.00000000","10.00000000","6.00000000","6","9","3.00000000","1.00000000","Sophora japonica L.","2.00000000","36.00000000","공원녹지과","197657.565","197657.5648"
"20001539","중구","2-태평로1가동-큰-0044","02","태평로1가동","44.00000000","양버즘나무","33.00000000","33.00000000","6.00000000","시청","60","5.00000000","10.00000000","6.00000000","2","9","3.00000000","1.00000000","Platanus occidentalis L.","2.00000000","32.00000000","공원녹지과","198124.725","198124.7251"
"20001540","중구","2-태평로1가동-큰-0065","02","태평로1가동","65.00000000","느티나무","32.00000000","18.00000000","8.00000000","롯데호텔","30","5.00000000","10.00000000","6.00000000","6","9","3.00000000","1.00000000","Zelkova serrata Makino","2.00000000","36.00000000","공원녹지과","198309.331","198309.3308"
"20001666","중구","2-을지로3,4,5동-큰-0045","02","을지로3,4,5동","45.00000000","등나무","45.00000000","10.00000000","7.00000000","을지로3가 225-11","10","10.00000000","10.00000000","6.00000000","4","9","3.00000000","1.00000000","Wisteria floribunda A. P.DC.","2.00000000","39.00000000","공원녹지과","199444.447","199444.4467"
"20001667","중구","2-장충동-큰-0092","02","장충동","92.00000000","양버즘나무","25.00000000","17.00000000","6.00000000","동국대학교","60","5.00000000","10.00000000","6.00000000","2","9","3.00000000","1.00000000","Platanus occidentalis L.","2.00000000","32.00000000","공원녹지과","199978.233","199978.2334"
"20001668","중구","2-광희동-큰-0090","02","광희동","90.00000000","은행나무","39.00000000","13.00000000","7.00000000","국립간호대학","60","5.00000000","10.00000000","6.00000000","6","9","3.00000000","1.00000000","Ginkgo biloba L.","2.00000000","36.00000000","공원녹지과","200601.919","200601.9187"
"20001670","중구","2-소공동-큰-0030","02","소공동","30.00000000","아카시아나무","34.00000000","28.00000000","20.00000000","덕수궁","60","5.00000000","10.00000000","6.00000000","4","9","3.00000000","1.00000000","Robinia pseudacacia L.","2.00000000","34.00000000","공원녹지과","197657.489","197657.4892"
"20001643","중구","2-소공동-큰-0080","02","소공동","80.00000000","아카시아나무","28.00000000","26.00000000","7.00000000","창덕여중","60","5.00000000","10.00000000","6.00000000","4","9","3.00000000","1.00000000","Robinia pseudacacia L.","2.00000000","34.00000000","공원녹지과","197384.906","197384.9059"
"20001644","중구","2-장충동-큰-0055","02","장충동","55.00000000","회화나무","26.00000000","22.00000000","8.00000000","동국대학교","60","5.00000000","10.00000000","6.00000000","6","9","3.00000000","1.00000000","Sophora japonica L.","2.00000000","36.00000000","공원녹지과","199996.743","199996.7429"
"20001646","중구","2-장충동-큰-0371","02","장충동","371.00000000","소나무","25.00000000","4.00000000","3.00000000","자유센터","60","5.00000000","10.00000000","6.00000000","6","9","3.00000000","1.00000000","Pinus densiflora S et Z.","2.00000000","36.00000000","공원녹지과","200184.775","200184.7749"
"20001647","중구","2-만리동1가-큰-0017","02","만리동1가","6.00000000","느티나무","26.00000000","5.00000000","6.00000000","서울역","50","5.00000000","10.00000000","6.00000000","6","9","3.00000000","1.00000000","Zelkova serrata Makino","2.00000000","36.00000000","공원녹지과","197295.811","197295.8115"
"20001648","중구","2-남대문로5가동-큰-0065","02","남대문로5가동","65.00000000","느티나무","27.00000000","19.00000000","8.00000000","남대문교회","50","5.00000000","10.00000000","6.00000000","6","6","3.00000000","1.00000000","Zelkova serrata Makino","2.00000000","33.00000000","공원녹지과","198164.214","198164.2136"
"20001649","중구","2-소공동-큰-0212","02","소공동","212.00000000","은행나무","50.00000000","27.00000000","10.00000000","덕수궁","50","10.00000000","10.00000000","6.00000000","6","6","3.00000000","1.00000000","Ginkgo biloba L.","2.00000000","38.00000000","공원녹지과","197737.096","197737.0959"
"20001652","중구","2-충무로4,5동-큰-0098","02","충무로4,5동","98.00000000","느티나무","25.00000000","7.00000000","6.00000000","덕수중학교","60","5.00000000","10.00000000","6.00000000","6","9","3.00000000","1.00000000","Zelkova serrata Makino","2.00000000","36.00000000","공원녹지과","199813.418","199813.4179"
"20001653","중구","2-태평로1가동-큰-0010","02","태평로1가동","10.00000000","소나무","20.00000000","18.00000000","1.00000000","롯데호텔","60","5.00000000","10.00000000","6.00000000","6","9","3.00000000","1.00000000","Pinus densiflora S et Z.","2.00000000","36.00000000","공원녹지과","198015.098","198015.0981"
"20001655","중구","2-신당6동-큰-0027","02","신당6동","27.00000000","은행나무","28.00000000","6.00000000","1.00000000","흥인초교","60","5.00000000","10.00000000","6.00000000","6","9","3.00000000","1.00000000","Ginkgo biloba L.","2.00000000","36.00000000","공원녹지과","201258.909","201258.9089"
"20001656","중구","2-신당6동-큰-0043","02","신당6동","43.00000000","소나무","20.00000000","6.00000000","2.00000000","삼성아파트","20","5.00000000","10.00000000","6.00000000","6","9","3.00000000","1.00000000","Pinus densiflora S et Z.","2.00000000","36.00000000","공원녹지과","201653.777","201653.777"
"20001657","중구","2-장충동-큰-0369","02","장충동","369.00000000","아카시아나무","33.00000000","7.00000000","3.00000000","자유센터","60","5.00000000","10.00000000","6.00000000","4","9","3.00000000","1.00000000","Robinia pseudacacia L.","2.00000000","34.00000000","공원녹지과","200129.683","200129.6826"
"20001658","중구","2-회현동-큰-0086","02","회현동","86.00000000","느티나무","22.00000000","16.00000000","7.00000000","","50","5.00000000","10.00000000","6.00000000","6","6","3.00000000","1.00000000","Zelkova serrata Makino","2.00000000","33.00000000","공원녹지과","198149.529","198149.5289"
"20001659","중구","2-명동-큰-0068","02","명동","68.00000000","아카시아나무","36.00000000","29.00000000","14.00000000","숭의여대별관","60","5.00000000","10.00000000","6.00000000","4","9","3.00000000","1.00000000","Robinia pseudacacia L.","2.00000000","34.00000000","공원녹지과","198747.66","198747.66"
"20001386","중구","2-소공동-큰-0292","02","소공동","292.00000000","은행나무","25.00000000","25.00000000","5.00000000","상공회의소","60","5.00000000","10.00000000","6.00000000","6","9","3.00000000","1.00000000","Ginkgo biloba L.","2.00000000","36.00000000","공원녹지과","197642.663","197642.6629"
"20001388","중구","2-신당2동-큰-0046","02","신당2동","46.00000000","회화나무","23.00000000","7.00000000","2.00000000","","20","5.00000000","10.00000000","6.00000000","6","9","3.00000000","1.00000000","Sophora japonica L.","2.00000000","36.00000000","공원녹지과","200507.664","200507.6637"
"20001389","중구","2-신당4동-큰-0020","02","신당4동","20.00000000","자작나무","43.00000000","7.00000000","4.00000000","동산초교","60","10.00000000","10.00000000","6.00000000","4","9","3.00000000","1.00000000","Betula platyphylla var.","2.00000000","39.00000000","공원녹지과","201535.896","201535.8965"
"20001390","중구","2-충무로4,5동-큰-0046","02","충무로4,5동","46.00000000","백합나무","20.00000000","10.00000000","7.00000000","목정주차장","60","5.00000000","10.00000000","6.00000000","2","9","3.00000000","1.00000000","Liriodendron tulipifera L.","2.00000000","32.00000000","공원녹지과","199928.992","199928.9922"
"20001391","중구","2-충무로4,5동-큰-0113","02","충무로4,5동","113.00000000","이태리포플러","65.00000000","14.00000000","10.00000000","덕수중학교","60","15.00000000","10.00000000","6.00000000","6","9","2.00000000","1.00000000","Populus euramericana Guiner","2.00000000","46.00000000","공원녹지과","199696.277","199696.2767"
"20001392","중구","2-광희동-큰-0105","02","광희동","105.00000000","느티나무","31.00000000","7.00000000","6.00000000","장충빌딩","30","5.00000000","10.00000000","6.00000000","6","9","3.00000000","1.00000000","Zelkova serrata Makino","2.00000000","36.00000000","공원녹지과","200827.824","200827.8242"
"20001393","중구","2-신당5동-큰-0027","02","신당5동","27.00000000","양버즘나무","38.00000000","9.00000000","7.00000000","성동고교","60","5.00000000","10.00000000","6.00000000","2","9","3.00000000","1.00000000","Platanus occidentalis L.","2.00000000","32.00000000","공원녹지과","202106.497","202106.4972"
"20001394","중구","2-소공동-큰-0201","02","소공동","201.00000000","목련","21.00000000","13.00000000","7.00000000","체스프라자","60","5.00000000","10.00000000","6.00000000","4","9","3.00000000","1.00000000","Magnolia kobus Dc.","2.00000000","34.00000000","공원녹지과","197619.385","197619.3853"
"20001396","중구","2-신당1동-큰-0086","02","신당1동","86.00000000","은행나무","35.00000000","11.00000000","5.00000000","동대문운동장체육공원부지","60","5.00000000","10.00000000","6.00000000","6","9","3.00000000","1.00000000","Ginkgo biloba L.","2.00000000","36.00000000","공원녹지과","201056.557","201056.5574"
"20001397","중구","2-만리동1가-큰-0013","02","만리동1가","2.00000000","느티나무","25.00000000","4.00000000","7.00000000","서울역","50","5.00000000","10.00000000","6.00000000","6","9","3.00000000","1.00000000","Zelkova serrata Makino","2.00000000","36.00000000","공원녹지과","197295.696","197295.6956"
"20001398","중구","2-태평로1가동-큰-0051","02","태평로1가동","51.00000000","양버즘나무","36.00000000","29.00000000","10.00000000","시청","60","5.00000000","10.00000000","6.00000000","2","9","3.00000000","1.00000000","Platanus occidentalis L.","2.00000000","32.00000000","공원녹지과","198140.233","198140.2327"
"20001400","중구","2-회현동-큰-0162","02","회현동","162.00000000","은행나무","20.00000000","7.00000000","5.00000000","연세빌딩","70","5.00000000","10.00000000","6.00000000","6","9","3.00000000","2.00000000","Ginkgo biloba L.","0E-8","0E-8","공원녹지과","197707.254","197707.2536"
"20001401","중구","2-을지로3,4,5동-큰-0015","02","을지로3,4,5동","15.00000000","은행나무","65.00000000","12.00000000","5.00000000","방산동공원","50","15.00000000","10.00000000","6.00000000","6","6","2.00000000","1.00000000","Ginkgo biloba L.","2.00000000","43.00000000","공원녹지과","200242.843","200242.8435"
"20001403","중구","2-태평로1가동-큰-0040","02","태평로1가동","40.00000000","양버즘나무","32.00000000","30.00000000","5.00000000","시청","60","5.00000000","10.00000000","6.00000000","2","9","3.00000000","1.00000000","Platanus occidentalis L.","2.00000000","32.00000000","공원녹지과","198102.98","198102.9797"
"20001404","중구","2-을지로3,4,5동-큰-0016","02","을지로3,4,5동","16.00000000","아카시아나무","25.00000000","14.00000000","10.00000000","방산동 황평음식점","30","5.00000000","10.00000000","6.00000000","4","9","3.00000000","1.00000000","Robinia pseudacacia L.","2.00000000","34.00000000","공원녹지과","200246.19","200246.1897"
"20001565","중구","2-중림동-큰-0025","02","중림동","25.00000000","회화나무","50.00000000","26.00000000","13.00000000","손기정공원","50","10.00000000","10.00000000","6.00000000","6","6","3.00000000","1.00000000","Sophora japonica L.","2.00000000","38.00000000","공원녹지과","197034.232","197034.2325"
"20001566","중구","2-신당1동-큰-0054","02","신당1동","54.00000000","은행나무","51.00000000","9.00000000","5.00000000","성동실업여고","60","15.00000000","10.00000000","6.00000000","6","9","2.00000000","1.00000000","Ginkgo biloba L.","2.00000000","46.00000000","공원녹지과","201154.733","201154.7329"
"20001567","중구","2-신당1동-큰-0094","02","신당1동","94.00000000","은행나무","21.00000000","6.00000000","3.00000000","한양공고","60","5.00000000","10.00000000","6.00000000","6","9","3.00000000","1.00000000","Ginkgo biloba L.","2.00000000","36.00000000","공원녹지과","200932.846","200932.8455"
"20001568","중구","2-필동-큰-0087","02","필동","87.00000000","아카시아나무","35.00000000","28.00000000","7.00000000","","60","5.00000000","10.00000000","6.00000000","4","9","3.00000000","1.00000000","Robinia pseudacacia L.","2.00000000","34.00000000","공원녹지과","199561.108","199561.1079"
"20001570","중구","2-신당4동-큰-0007","02","신당4동","7.00000000","느릅나무","70.00000000","18.00000000","12.00000000","청구초교","60","15.00000000","10.00000000","6.00000000","4","9","2.00000000","1.00000000","Ulmus davidiana var","2.00000000","44.00000000","공원녹지과","201299.42","201299.42"
"20001571","중구","2-소공동-큰-0194","02","소공동","194.00000000","느티나무","25.00000000","14.00000000","6.00000000","체스프라자","60","5.00000000","10.00000000","6.00000000","6","9","3.00000000","1.00000000","Zelkova serrata Makino","2.00000000","36.00000000","공원녹지과","197515.029","197515.0288"
"20001572","중구","2-회현동-큰-0132","02","회현동","132.00000000","소나무","24.00000000","17.00000000","4.00000000","남산공원","50","5.00000000","10.00000000","6.00000000","6","6","3.00000000","1.00000000","Pinus densiflora S et Z.","2.00000000","33.00000000","공원녹지과","198391.612","198391.6124"
"20001573","중구","2-회현동-큰-0081","02","회현동","81.00000000","느티나무","23.00000000","19.00000000","8.00000000","","50","5.00000000","10.00000000","6.00000000","6","6","3.00000000","1.00000000","Zelkova serrata Makino","2.00000000","33.00000000","공원녹지과","198134.468","198134.4681"
"20002038","중구","2-신당1동-큰-0122","02","신당1동","122.00000000","향나무","23.00000000","4.00000000","2.00000000","377-2","10","5.00000000","10.00000000","6.00000000","4","9","3.00000000","1.00000000","Juniperus chinensis L.","2.00000000","34.00000000","공원녹지과","200928.047","200928.0473"
"20002039","중구","2-필동-큰-0024","02","필동","24.00000000","느티나무","48.00000000","21.00000000","10.00000000","한국의집","30","10.00000000","10.00000000","6.00000000","6","9","2.00000000","1.00000000","Zelkova serrata Makino","2.00000000","41.00000000","공원녹지과","199501.189","199501.1893"
"20002041","중구","2-을지로3,4,5동-큰-0014","02","을지로3,4,5동","14.00000000","은행나무","95.00000000","10.00000000","7.00000000","방산동 쌍용훈련원","50","15.00000000","10.00000000","6.00000000","6","6","2.00000000","1.00000000","Ginkgo biloba L.","2.00000000","43.00000000","공원녹지과","200246.212","200246.2123"
"20002042","중구","2-광희동-큰-0047","02","광희동","47.00000000","느티나무","30.00000000","12.00000000","7.00000000","을지로주유소","30","5.00000000","10.00000000","6.00000000","6","9","3.00000000","1.00000000","Zelkova serrata Makino","2.00000000","36.00000000","공원녹지과","200468.716","200468.7159"
"20002043","중구","2-광희동-큰-0109","02","광희동","109.00000000","벚나무","32.00000000","6.00000000","7.00000000","서울석유","30","5.00000000","10.00000000","6.00000000","4","9","3.00000000","1.00000000","Prunus yedoensis Matsumira.","2.00000000","34.00000000","공원녹지과","200658.572","200658.5716"
"20002044","중구","2-장충동-큰-0285","02","장충동","285.00000000","향나무","36.00000000","4.00000000","2.00000000","189-14","10","5.00000000","10.00000000","6.00000000","4","9","3.00000000","1.00000000","Juniperus chinensis L.","2.00000000","34.00000000","공원녹지과","200425.028","200425.0284"
"20002045","중구","2-을지로3,4,5동-큰-0036","02","을지로3,4,5동","36.00000000","개잎갈나무","20.00000000","6.00000000","6.00000000","국민은행","30","5.00000000","10.00000000","6.00000000","4","9","3.00000000","1.00000000","Cedrus deodara (Rox.) Loudon","2.00000000","34.00000000","공원녹지과","199286.263","199286.2627"
"20002046","중구","2-남대문로5가동-큰-0047","02","남대문로5가동","47.00000000","은행나무","25.00000000","30.00000000","7.00000000","남대문교회","60","5.00000000","10.00000000","6.00000000","6","9","3.00000000","1.00000000","Ginkgo biloba L.","2.00000000","36.00000000","공원녹지과","197750.691","197750.6908"
"20002047","중구","2-신당2동-큰-0047","02","신당2동","47.00000000","회화나무","23.00000000","8.00000000","1.00000000","","20","5.00000000","10.00000000","6.00000000","6","9","3.00000000","1.00000000","Sophora japonica L.","2.00000000","36.00000000","공원녹지과","200507.442","200507.4416"
"20002049","중구","2-장충동-큰-0309","02","장충동","309.00000000","은행나무","25.00000000","7.00000000","6.00000000","서울클럽","60","5.00000000","10.00000000","6.00000000","6","9","3.00000000","1.00000000","Ginkgo biloba L.","2.00000000","36.00000000","공원녹지과","200244.507","200244.507"
"20001661","중구","2-장충동-큰-0282","02","장충동","282.00000000","회화나무","30.00000000","6.00000000","5.00000000","파라다이스㈜","30","5.00000000","10.00000000","6.00000000","6","9","3.00000000","1.00000000","Sophora japonica L.","2.00000000","36.00000000","공원녹지과","200414.34","200414.3398"
"20001664","중구","2-신당1동-큰-0046","02","신당1동","46.00000000","목련","50.00000000","10.00000000","7.00000000","성동기계공고","60","10.00000000","10.00000000","6.00000000","4","9","3.00000000","1.00000000","Magnolia kobus Dc.","2.00000000","39.00000000","공원녹지과","201526.898","201526.8978"
"20001660","중구","2-신당2동-큰-0030","02","신당2동","30.00000000","소나무","28.00000000","6.00000000","6.00000000","미래빌딩","30","5.00000000","10.00000000","6.00000000","6","9","3.00000000","1.00000000","Pinus densiflora S et Z.","2.00000000","36.00000000","공원녹지과","200771.149","200771.149"
"20001665","중구","2-명동-큰-0028","02","명동","28.00000000","느티나무","35.00000000","7.00000000","6.00000000","명동성당","60","5.00000000","10.00000000","6.00000000","6","9","3.00000000","1.00000000","Zelkova serrata Makino","2.00000000","36.00000000","공원녹지과","198880.408","198880.4079"
"20001849","중구","2-장충동-큰-0227","02","장충동","227.00000000","자작나무","38.00000000","8.00000000","5.00000000","충무초등학교","60","5.00000000","10.00000000","6.00000000","4","9","3.00000000","1.00000000","Betula platyphylla var.","2.00000000","34.00000000","공원녹지과","200112.103","200112.1029"
"20001850","중구","2-장충동-큰-0233","02","장충동","233.00000000","자작나무","36.00000000","8.00000000","5.00000000","충무초등학교","60","5.00000000","10.00000000","6.00000000","4","9","3.00000000","1.00000000","Betula platyphylla var.","2.00000000","34.00000000","공원녹지과","200167.584","200167.5845"
"20001851","중구","2-신당5동-큰-0035","02","신당5동","35.00000000","아카시아나무","28.00000000","6.00000000","3.00000000","성동고교","60","5.00000000","10.00000000","6.00000000","4","9","3.00000000","1.00000000","Robinia pseudacacia L.","2.00000000","34.00000000","공원녹지과","202078.293","202078.2932"
"20001852","중구","2-소공동-큰-0260","02","소공동","260.00000000","느티나무","28.00000000","20.00000000","11.00000000","중앙일보","30","5.00000000","10.00000000","6.00000000","6","9","3.00000000","1.00000000","Zelkova serrata Makino","2.00000000","36.00000000","공원녹지과","197400.897","197400.8966"
"20001853","중구","2-장충동-큰-0148","02","장충동","148.00000000","백합나무","30.00000000","8.00000000","5.00000000","동국대학교","60","5.00000000","10.00000000","6.00000000","2","9","3.00000000","1.00000000","Liriodendron tulipifera L.","2.00000000","32.00000000","공원녹지과","200130.922","200130.9222"
"20001114","중구","2-필동-큰-0065","02","필동","65.00000000","은행나무","20.00000000","17.00000000","6.00000000","","60","5.00000000","10.00000000","6.00000000","6","9","3.00000000","1.00000000","Ginkgo biloba L.","2.00000000","36.00000000","공원녹지과","199703.78","199703.7799"
"20001115","중구","2-장충동-큰-0053","02","장충동","53.00000000","느티나무","36.00000000","25.00000000","10.00000000","동국대학교","60","5.00000000","10.00000000","6.00000000","6","9","3.00000000","1.00000000","Zelkova serrata Makino","2.00000000","36.00000000","공원녹지과","200006.775","200006.7753"
"20001117","중구","2-신당4동-큰-0040","02","신당4동","40.00000000","은행나무","30.00000000","11.00000000","5.00000000","349-152","10","5.00000000","10.00000000","6.00000000","6","9","3.00000000","1.00000000","Ginkgo biloba L.","2.00000000","36.00000000","공원녹지과","201245.925","201245.925"
"20001119","중구","2-명동-큰-0005","02","명동","5.00000000","느티나무","25.00000000","7.00000000","4.00000000","계성여고","60","5.00000000","10.00000000","6.00000000","6","9","3.00000000","1.00000000","Zelkova serrata Makino","2.00000000","36.00000000","공원녹지과","198797.686","198797.6865"
"20001120","중구","2-소공동-큰-0218","02","소공동","218.00000000","느티나무","29.00000000","24.00000000","10.00000000","덕수궁","50","5.00000000","10.00000000","6.00000000","6","6","3.00000000","1.00000000","Zelkova serrata Makino","2.00000000","33.00000000","공원녹지과","197835.554","197835.5544"
"20001121","중구","2-회현동-큰-0138","02","회현동","138.00000000","회화나무","44.00000000","18.00000000","10.00000000","남산공원","50","10.00000000","10.00000000","6.00000000","6","6","3.00000000","1.00000000","Sophora japonica L.","2.00000000","38.00000000","공원녹지과","198451.111","198451.1109"
"20001122","중구","2-신당5동-큰-0004","02","신당5동","4.00000000","향나무","21.00000000","8.00000000","3.00000000","52-203","10","5.00000000","10.00000000","6.00000000","4","9","3.00000000","1.00000000","Juniperus chinensis L.","2.00000000","34.00000000","공원녹지과","201635.604","201635.6041"
"20001123","중구","2-남대문로5가동-큰-0023","02","남대문로5가동","23.00000000","메타세콰이어","32.00000000","36.00000000","5.00000000","서울열차사무소","60","5.00000000","10.00000000","6.00000000","2","9","3.00000000","1.00000000","Metasequoia glyptostroboides Hu et cheng","2.00000000","32.00000000","공원녹지과","197297.981","197297.9808"
"20001124","중구","2-광희동-큰-0067","02","광희동","67.00000000","느티나무","28.00000000","6.00000000","4.00000000","중구의회 구민회관","60","5.00000000","10.00000000","6.00000000","6","9","3.00000000","1.00000000","Zelkova serrata Makino","2.00000000","36.00000000","공원녹지과","200579.515","200579.515"
"20001126","중구","2-광희동-큰-0044","02","광희동","44.00000000","은행나무","20.00000000","7.00000000","3.00000000","쌍림어린이공원","50","5.00000000","10.00000000","6.00000000","6","6","3.00000000","1.00000000","Ginkgo biloba L.","2.00000000","33.00000000","공원녹지과","200474.698","200474.6982"
"20001127","중구","2-장충동-큰-0009","02","장충동","9.00000000","느티나무","30.00000000","7.00000000","5.00000000","덕악빌딩","30","5.00000000","10.00000000","6.00000000","6","9","3.00000000","1.00000000","Zelkova serrata Makino","2.00000000","36.00000000","공원녹지과","200610.88","200610.8805"
"20001128","중구","2-신당6동-큰-0008","02","신당6동","8.00000000","향나무","20.00000000","8.00000000","4.00000000","한일교회","60","5.00000000","10.00000000","6.00000000","4","9","3.00000000","1.00000000","Juniperus chinensis L.","2.00000000","34.00000000","공원녹지과","201778.681","201778.6812"
"20001129","중구","2-장충동-큰-0136","02","장충동","136.00000000","느티나무","33.00000000","7.00000000","8.00000000","동국대학교","60","5.00000000","10.00000000","6.00000000","6","9","3.00000000","1.00000000","Zelkova serrata Makino","2.00000000","36.00000000","공원녹지과","200173.547","200173.5472"
"20001130","중구","2-회현동-큰-0010","02","회현동","10.00000000","아카시아나무","35.00000000","27.00000000","13.00000000","","30","5.00000000","10.00000000","6.00000000","4","9","3.00000000","1.00000000","Robinia pseudacacia L.","2.00000000","34.00000000","공원녹지과","198317.203","198317.203"
"20001574","중구","2-신당2동-큰-0038","02","신당2동","38.00000000","향나무","35.00000000","6.00000000","6.00000000","","10","5.00000000","10.00000000","6.00000000","6","9","3.00000000","1.00000000","Juniperus chinensis L.","2.00000000","36.00000000","공원녹지과","200743.291","200743.2907"
"20001575","중구","2-신당1동-큰-0115","02","신당1동","115.00000000","향나무","20.00000000","3.00000000","2.00000000","장충초교","60","5.00000000","10.00000000","6.00000000","4","9","3.00000000","1.00000000","Juniperus chinensis L.","2.00000000","34.00000000","공원녹지과","200987.138","200987.1376"
"20001576","중구","2-명동-큰-0043","02","명동","43.00000000","향나무","25.00000000","5.00000000","3.00000000","성바오로교육장","60","5.00000000","10.00000000","6.00000000","4","9","3.00000000","1.00000000","Juniperus chinensis L.","2.00000000","34.00000000","공원녹지과","198890.755","198890.7545"
"20001577","중구","2-필동-큰-0020","02","필동","20.00000000","느티나무","30.00000000","24.00000000","7.00000000","한국의집","30","5.00000000","10.00000000","6.00000000","6","9","3.00000000","1.00000000","Zelkova serrata Makino","2.00000000","36.00000000","공원녹지과","199493.909","199493.9093"
"20001579","중구","2-광희동-큰-0001","02","광희동","1.00000000","은행나무","35.00000000","7.00000000","2.00000000","방산동공원","50","5.00000000","10.00000000","6.00000000","6","6","3.00000000","1.00000000","Ginkgo biloba L.","2.00000000","33.00000000","공원녹지과","200368.452","200368.4518"
"20001580","중구","2-신당1동-큰-0022","02","신당1동","22.00000000","느티나무","22.00000000","7.00000000","5.00000000","광희초등학교","60","5.00000000","10.00000000","6.00000000","6","9","3.00000000","1.00000000","Zelkova serrata Makino","2.00000000","36.00000000","공원녹지과","201311.605","201311.6051"
"20001582","중구","2-황학동-큰-0005","02","황학동","5.00000000","느티나무","22.00000000","7.00000000","6.00000000","황학어린이공원","60","5.00000000","10.00000000","6.00000000","6","9","3.00000000","1.00000000","Zelkova serrata Makino","2.00000000","36.00000000","공원녹지과","201613.908","201613.9081"
"20001583","중구","2-광희동-큰-0100","02","광희동","100.00000000","느티나무","26.00000000","6.00000000","6.00000000","경동교회","60","5.00000000","10.00000000","6.00000000","6","9","3.00000000","1.00000000","Zelkova serrata Makino","2.00000000","36.00000000","공원녹지과","200648.152","200648.1518"
"20001584","중구","2-소공동-큰-0271","02","소공동","271.00000000","참나무","38.00000000","22.00000000","9.00000000","중앙일보","30","5.00000000","10.00000000","6.00000000","4","9","3.00000000","1.00000000","Quercus variabilis BL.","2.00000000","34.00000000","공원녹지과","197384.316","197384.3156"
"20001585","중구","2-태평로1가동-큰-0139","02","태평로1가동","139.00000000","대추나무","30.00000000","10.00000000","6.00000000","홍익인쇄사","30","5.00000000","10.00000000","6.00000000","4","9","3.00000000","1.00000000","Zizyphus jujuba var.","2.00000000","34.00000000","공원녹지과","199023.751","199023.7507"
"20001587","중구","2-중림동-큰-0100","02","중림동","100.00000000","양버즘나무","40.00000000","35.00000000","15.00000000","봉래초등학교","60","5.00000000","10.00000000","6.00000000","2","9","3.00000000","1.00000000","Platanus occidentalis L.","2.00000000","32.00000000","공원녹지과","196799.793","196799.7932"
"20001588","중구","2-명동-큰-0010","02","명동","10.00000000","은행나무","30.00000000","15.00000000","8.00000000","계성여고","60","5.00000000","10.00000000","6.00000000","6","9","3.00000000","1.00000000","Ginkgo biloba L.","2.00000000","36.00000000","공원녹지과","198832.443","198832.4435"
"20001589","중구","2-명동-큰-0019","02","명동","19.00000000","느티나무","30.00000000","12.00000000","8.00000000","계성여고","60","5.00000000","10.00000000","6.00000000","6","9","3.00000000","1.00000000","Zelkova serrata Makino","2.00000000","36.00000000","공원녹지과","198879.072","198879.0718"
"20001590","중구","2-장충동-큰-0302","02","장충동","302.00000000","향나무","28.00000000","8.00000000","4.00000000","","60","5.00000000","10.00000000","6.00000000","4","9","3.00000000","1.00000000","Juniperus chinensis L.","2.00000000","34.00000000","공원녹지과","200277.075","200277.075"
"20001591","중구","2-장충동-큰-0314","02","장충동","314.00000000","향나무","20.00000000","3.00000000","2.00000000","서울클럽","60","5.00000000","10.00000000","6.00000000","4","9","3.00000000","1.00000000","Juniperus chinensis L.","2.00000000","34.00000000","공원녹지과","200215.024","200215.0243"
"20001907","중구","2-소공동-큰-0003","02","소공동","3.00000000","양버즘나무","41.00000000","15.00000000","4.00000000","정동","10","10.00000000","10.00000000","6.00000000","6","9","2.00000000","1.00000000","Platanus occidentalis L.","2.00000000","41.00000000","공원녹지과","197435.456","197435.4562"
"20001908","중구","2-소공동-큰-0011","02","소공동","11.00000000","측백나무","22.00000000","20.00000000","1.00000000","정동","10","5.00000000","10.00000000","6.00000000","6","9","3.00000000","1.00000000","Thuja orientalis L.","2.00000000","36.00000000","공원녹지과","197412.783","197412.7827"
"20001727","중구","2-태평로1가동-큰-0062","02","태평로1가동","62.00000000","느티나무","39.00000000","18.00000000","7.00000000","롯데호텔","30","5.00000000","10.00000000","6.00000000","6","9","3.00000000","1.00000000","Zelkova serrata Makino","2.00000000","36.00000000","공원녹지과","198275.028","198275.0284"
"20001728","중구","2-장충동-큰-0090","02","장충동","90.00000000","양버즘나무","26.00000000","17.00000000","6.00000000","동국대학교","60","5.00000000","10.00000000","6.00000000","2","9","3.00000000","1.00000000","Platanus occidentalis L.","2.00000000","32.00000000","공원녹지과","199981.056","199981.056"
"20001729","중구","2-신당2동-큰-0043","02","신당2동","43.00000000","단풍나무","23.00000000","8.00000000","5.00000000","","10","5.00000000","10.00000000","6.00000000","4","9","3.00000000","1.00000000","Acer palmatum Thunb.","2.00000000","34.00000000","공원녹지과","200705.272","200705.2722"
"20001730","중구","2-신당1동-큰-0035","02","신당1동","35.00000000","느티나무","21.00000000","4.00000000","4.00000000","무궁화회관","30","5.00000000","10.00000000","6.00000000","6","9","3.00000000","1.00000000","Zelkova serrata Makino","2.00000000","36.00000000","공원녹지과","201388.897","201388.8966"
"20001731","중구","2-을지로3,4,5동-큰-0034","02","을지로3,4,5동","34.00000000","등나무","40.00000000","2.00000000","8.00000000","대한예수교장로회","60","5.00000000","10.00000000","6.00000000","4","9","3.00000000","1.00000000","Wisteria floribunda A. P.DC.","2.00000000","34.00000000","공원녹지과","199545.546","199545.5463"
"20001732","중구","2-명동-큰-0128","02","명동","128.00000000","아카시아나무","30.00000000","26.00000000","9.00000000","남산한옥마을","50","5.00000000","10.00000000","6.00000000","4","6","3.00000000","1.00000000","Robinia pseudacacia L.","2.00000000","31.00000000","공원녹지과","199331.851","199331.8511"
"20002050","중구","2-회현동-큰-0073","02","회현동","73.00000000","느티나무","36.00000000","22.00000000","9.00000000","","50","5.00000000","10.00000000","6.00000000","6","6","3.00000000","1.00000000","Zelkova serrata Makino","2.00000000","33.00000000","공원녹지과","198106.301","198106.3008"
"20002051","중구","2-신당3동-큰-0019","02","신당3동","19.00000000","소나무","23.00000000","6.00000000","3.00000000","남산타원","20","5.00000000","10.00000000","6.00000000","6","9","3.00000000","1.00000000","Pinus densiflora S et Z.","2.00000000","36.00000000","공원녹지과","200992.795","200992.7945"
"20002052","중구","2-장충동-큰-0245","02","장충동","245.00000000","자작나무","34.00000000","8.00000000","5.00000000","충무초등학교","60","5.00000000","10.00000000","6.00000000","4","9","3.00000000","1.00000000","Betula platyphylla var.","2.00000000","34.00000000","공원녹지과","200187.983","200187.9828"
"20002053","중구","2-장충동-큰-0287","02","장충동","287.00000000","벚나무","23.00000000","8.00000000","5.00000000","라임카운티","20","5.00000000","10.00000000","6.00000000","6","9","3.00000000","1.00000000","Prunus yedoensis Matsumira.","2.00000000","36.00000000","공원녹지과","200588.334","200588.3335"
"20002054","중구","2-장충동-큰-0105","02","장충동","105.00000000","아카시아나무","23.00000000","23.00000000","7.00000000","동국대학교","60","5.00000000","10.00000000","6.00000000","4","9","3.00000000","1.00000000","Robinia pseudacacia L.","2.00000000","34.00000000","공원녹지과","200110.217","200110.217"
"20002056","중구","2-소공동-큰-0029","02","소공동","29.00000000","아카시아나무","40.00000000","26.00000000","20.00000000","덕수궁","60","5.00000000","10.00000000","6.00000000","4","9","3.00000000","1.00000000","Robinia pseudacacia L.","2.00000000","34.00000000","공원녹지과","197655.457","197655.457"
"20002057","중구","2-중림동-큰-0106","02","중림동","106.00000000","느티나무","29.00000000","20.00000000","15.00000000","봉래초등학교","60","5.00000000","10.00000000","6.00000000","6","9","3.00000000","1.00000000","Zelkova serrata Makino","2.00000000","36.00000000","공원녹지과","196659.053","196659.0534"
"20002059","중구","2-신당6동-큰-0045","02","신당6동","45.00000000","소나무","22.00000000","6.00000000","2.00000000","삼성아파트","20","5.00000000","10.00000000","6.00000000","6","9","3.00000000","1.00000000","Pinus densiflora S et Z.","2.00000000","36.00000000","공원녹지과","201642.25","201642.2502"
"20002060","중구","2-중림동-큰-0113","02","중림동","113.00000000","은행나무","25.00000000","23.00000000","7.00000000","봉래초등학교","60","5.00000000","10.00000000","6.00000000","6","9","3.00000000","1.00000000","Ginkgo biloba L.","2.00000000","36.00000000","공원녹지과","196855.082","196855.0821"
"20002061","중구","2-회현동-큰-0107","02","회현동","107.00000000","느티나무","23.00000000","19.00000000","7.00000000","","50","5.00000000","10.00000000","6.00000000","6","6","3.00000000","1.00000000","Zelkova serrata Makino","2.00000000","33.00000000","공원녹지과","198088.107","198088.1075"
"20002062","중구","2-신당1동-큰-0114","02","신당1동","114.00000000","향나무","20.00000000","3.00000000","2.00000000","50-3","10","5.00000000","10.00000000","6.00000000","4","9","3.00000000","1.00000000","Juniperus chinensis L.","2.00000000","34.00000000","공원녹지과","200853.104","200853.1038"
"20002063","중구","2-장충동-큰-0174","02","장충동","174.00000000","은행나무","36.00000000","8.00000000","4.00000000","동국대학교","60","5.00000000","10.00000000","6.00000000","6","9","3.00000000","1.00000000","Ginkgo biloba L.","2.00000000","36.00000000","공원녹지과","200239.042","200239.0421"
"20001131","중구","2-필동-큰-0017","02","필동","17.00000000","은행나무","22.00000000","26.00000000","8.00000000","한국의집","30","5.00000000","10.00000000","6.00000000","6","9","3.00000000","1.00000000","Ginkgo biloba L.","2.00000000","36.00000000","공원녹지과","199503.272","199503.2723"
"20001133","중구","2-충무로4,5동-큰-0043","02","충무로4,5동","43.00000000","아카시아나무","40.00000000","13.00000000","8.00000000","샘표양조간장","40","5.00000000","10.00000000","6.00000000","4","9","3.00000000","1.00000000","Robinia pseudacacia L.","2.00000000","34.00000000","공원녹지과","199803.214","199803.2138"
"20001134","중구","2-광희동-큰-0035","02","광희동","35.00000000","느티나무","35.00000000","12.00000000","8.00000000","쌍림어린이공원","50","5.00000000","10.00000000","6.00000000","6","6","3.00000000","1.00000000","Zelkova serrata Makino","2.00000000","33.00000000","공원녹지과","200441.502","200441.5018"
"20001135","중구","2-광희동-큰-0083","02","광희동","83.00000000","자작나무","21.00000000","7.00000000","4.00000000","국립간호대학","60","5.00000000","10.00000000","6.00000000","4","9","3.00000000","1.00000000","Betula platyphylla var.","2.00000000","34.00000000","공원녹지과","200589.289","200589.2893"
"20001136","중구","2-장충동-큰-0294","02","장충동","294.00000000","은행나무","35.00000000","10.00000000","4.00000000","48-3","10","5.00000000","10.00000000","6.00000000","6","9","3.00000000","1.00000000","Ginkgo biloba L.","2.00000000","36.00000000","공원녹지과","200636.941","200636.9411"
"20001137","중구","2-광희동-큰-0014","02","광희동","14.00000000","느티나무","20.00000000","6.00000000","5.00000000","방산동 구민회관","60","5.00000000","10.00000000","6.00000000","6","9","3.00000000","1.00000000","Zelkova serrata Makino","2.00000000","36.00000000","공원녹지과","200518.874","200518.8736"
"20001138","중구","2-중림동-큰-0111","02","중림동","111.00000000","아카시아나무","25.00000000","20.00000000","15.00000000","봉래초등학교","60","5.00000000","10.00000000","6.00000000","4","9","3.00000000","1.00000000","Robinia pseudacacia L.","2.00000000","34.00000000","공원녹지과","196757.742","196757.7424"
"20001139","중구","2-신당3동-큰-0027","02","신당3동","27.00000000","소나무","22.00000000","2.00000000","1.00000000","중구청소년수련관","60","5.00000000","10.00000000","6.00000000","6","9","3.00000000","1.00000000","Pinus densiflora S et Z.","2.00000000","36.00000000","공원녹지과","201107.487","201107.4874"
"20001299","중구","2-회현동-큰-0064","02","회현동","64.00000000","양버즘나무","22.00000000","17.00000000","7.00000000","","50","5.00000000","10.00000000","6.00000000","2","6","4.00000000","1.00000000","Platanus occidentalis L.","2.00000000","29.00000000","공원녹지과","198156.481","198156.4814"
"20001302","중구","2-필동-큰-0061","02","필동","61.00000000","느티나무","26.00000000","14.00000000","8.00000000","","10","5.00000000","10.00000000","6.00000000","6","9","3.00000000","1.00000000","Zelkova serrata Makino","2.00000000","36.00000000","공원녹지과","199734.715","199734.7152"
"20001303","중구","2-장충동-큰-0051","02","장충동","51.00000000","아카시아나무","26.00000000","20.00000000","8.00000000","동국대학교","60","5.00000000","10.00000000","6.00000000","4","9","3.00000000","1.00000000","Robinia pseudacacia L.","2.00000000","34.00000000","공원녹지과","199983.892","199983.8924"
"20001304","중구","2-장충동-큰-0042","02","장충동","42.00000000","양버즘나무","32.00000000","28.00000000","12.00000000","동국대학교","60","5.00000000","10.00000000","6.00000000","2","9","3.00000000","1.00000000","Platanus occidentalis L.","2.00000000","32.00000000","공원녹지과","199959.472","199959.4723"
"20001305","중구","2-명동-큰-0117","02","명동","117.00000000","아카시아나무","30.00000000","27.00000000","10.00000000","남산한옥마을","50","5.00000000","10.00000000","6.00000000","4","6","3.00000000","1.00000000","Robinia pseudacacia L.","2.00000000","31.00000000","공원녹지과","199358.508","199358.5076"
"20001306","중구","2-소공동-큰-0191","02","소공동","191.00000000","양버즘나무","49.00000000","45.00000000","20.00000000","체스프라자","60","10.00000000","10.00000000","6.00000000","2","9","3.00000000","1.00000000","Platanus occidentalis L.","2.00000000","37.00000000","공원녹지과","197554.324","197554.3243"
"20001307","중구","2-소공동-큰-0202","02","소공동","202.00000000","느티나무","29.00000000","19.00000000","13.00000000","덕수궁","50","5.00000000","10.00000000","6.00000000","6","6","3.00000000","1.00000000","Zelkova serrata Makino","2.00000000","33.00000000","공원녹지과","197908.525","197908.525"
"20001309","중구","2-소공동-큰-0168","02","소공동","168.00000000","아카시아나무","29.00000000","18.00000000","10.00000000","시립미술관","60","5.00000000","10.00000000","6.00000000","4","9","3.00000000","1.00000000","Robinia pseudacacia L.","2.00000000","34.00000000","공원녹지과","197593.677","197593.677"
"20001310","중구","2-광희동-큰-0006","02","광희동","6.00000000","느티나무","20.00000000","7.00000000","6.00000000","방산동 구민회관","60","5.00000000","10.00000000","6.00000000","6","9","3.00000000","1.00000000","Zelkova serrata Makino","2.00000000","36.00000000","공원녹지과","200521.402","200521.4021"
"20001311","중구","2-소공동-큰-0007","02","소공동","7.00000000","은행나무","27.00000000","18.00000000","2.00000000","정동","10","5.00000000","10.00000000","6.00000000","6","9","3.00000000","1.00000000","Ginkgo biloba L.","2.00000000","36.00000000","공원녹지과","197436.341","197436.3411"
"20001312","중구","2-충무로4,5동-큰-0044","02","충무로4,5동","44.00000000","아카시아나무","40.00000000","13.00000000","8.00000000","샘표양조간장","40","5.00000000","10.00000000","6.00000000","4","9","3.00000000","1.00000000","Robinia pseudacacia L.","2.00000000","34.00000000","공원녹지과","199809.254","199809.2535"
"20001313","중구","2-소공동-큰-0078","02","소공동","78.00000000","아카시아나무","25.00000000","25.00000000","8.00000000","창덕여중","60","5.00000000","10.00000000","6.00000000","4","9","3.00000000","1.00000000","Robinia pseudacacia L.","2.00000000","34.00000000","공원녹지과","197397.013","197397.0132"
"20001314","중구","2-태평로1가동-큰-0007","02","태평로1가동","7.00000000","소나무","25.00000000","20.00000000","2.00000000","롯데호텔","60","5.00000000","10.00000000","6.00000000","6","9","3.00000000","1.00000000","Pinus densiflora S et Z.","2.00000000","36.00000000","공원녹지과","198024.509","198024.5093"
"20001315","중구","2-태평로1가동-큰-0015","02","태평로1가동","15.00000000","소나무","27.00000000","19.00000000","1.00000000","롯데호텔","60","5.00000000","10.00000000","6.00000000","6","9","3.00000000","1.00000000","Pinus densiflora S et Z.","2.00000000","36.00000000","공원녹지과","198015.332","198015.3318"
"20001733","중구","2-소공동-큰-0049","02","소공동","49.00000000","은행나무","22.00000000","19.00000000","2.00000000","창덕여중","60","5.00000000","10.00000000","6.00000000","6","9","3.00000000","1.00000000","Ginkgo biloba L.","2.00000000","36.00000000","공원녹지과","197383.322","197383.3223"
"20001735","중구","2-장충동-큰-0165","02","장충동","165.00000000","은행나무","31.00000000","9.00000000","5.00000000","동국대학교","60","5.00000000","10.00000000","6.00000000","6","9","3.00000000","1.00000000","Ginkgo biloba L.","2.00000000","36.00000000","공원녹지과","200217.452","200217.452"
"20001736","중구","2-신당6동-큰-0026","02","신당6동","26.00000000","소나무","24.00000000","6.00000000","5.00000000","청구초교","60","5.00000000","10.00000000","6.00000000","6","9","3.00000000","1.00000000","Pinus densiflora S et Z.","2.00000000","36.00000000","공원녹지과","201283.329","201283.3287"
"20001737","중구","2-광희동-큰-0063","02","광희동","63.00000000","은행나무","42.00000000","13.00000000","6.00000000","중구의회 구민회관","60","10.00000000","10.00000000","6.00000000","6","9","2.00000000","1.00000000","Ginkgo biloba L.","2.00000000","41.00000000","공원녹지과","200569.212","200569.2124"
"20001738","중구","2-장충동-큰-0290","02","장충동","290.00000000","벚나무","30.00000000","8.00000000","5.00000000","라임카운티","20","5.00000000","10.00000000","6.00000000","6","9","3.00000000","1.00000000","Prunus yedoensis Matsumira.","2.00000000","36.00000000","공원녹지과","200611.883","200611.8835"
"20001739","중구","2-장충동-큰-0326","02","장충동","326.00000000","벚나무","22.00000000","3.00000000","4.00000000","국립극장","60","5.00000000","10.00000000","6.00000000","6","9","3.00000000","1.00000000","Prunus yedoensis Matsumira.","2.00000000","36.00000000","공원녹지과","199975.465","199975.465"
"20001740","중구","2-소공동-큰-0125","02","소공동","125.00000000","측백나무","30.00000000","20.00000000","7.00000000","이화여고","60","5.00000000","10.00000000","6.00000000","6","9","3.00000000","1.00000000","Thuja orientalis L.","2.00000000","36.00000000","공원녹지과","197242.132","197242.1322"
"20001741","중구","2-신당4동-큰-0036","02","신당4동","36.00000000","자작나무","32.00000000","7.00000000","5.00000000","대경중고교","60","5.00000000","10.00000000","6.00000000","4","9","3.00000000","1.00000000","Betula platyphylla var.","2.00000000","34.00000000","공원녹지과","201509.208","201509.2075"
"20001743","중구","2-장충동-큰-0330","02","장충동","330.00000000","소나무","21.00000000","3.00000000","2.00000000","타워호텔","30","5.00000000","10.00000000","6.00000000","6","9","3.00000000","1.00000000","Pinus densiflora S et Z.","2.00000000","36.00000000","공원녹지과","200117.148","200117.1479"
"20001744","중구","2-신당6동-큰-0010","02","신당6동","10.00000000","향나무","22.00000000","5.00000000","3.00000000","한일교회","60","5.00000000","10.00000000","6.00000000","4","9","3.00000000","1.00000000","Juniperus chinensis L.","2.00000000","34.00000000","공원녹지과","201805.744","201805.7443"
"20001745","중구","2-장충동-큰-0214","02","장충동","214.00000000","양버즘나무","36.00000000","9.00000000","4.00000000","장충공원","50","5.00000000","10.00000000","6.00000000","2","6","4.00000000","1.00000000","Platanus occidentalis L.","2.00000000","29.00000000","공원녹지과","200339.369","200339.3689"
"20001746","중구","2-필동-큰-0023","02","필동","23.00000000","느티나무","32.00000000","20.00000000","12.00000000","한국의집","30","5.00000000","10.00000000","6.00000000","6","9","3.00000000","1.00000000","Zelkova serrata Makino","2.00000000","36.00000000","공원녹지과","199490.093","199490.0928"
"20001747","중구","2-태평로1가동-큰-0099","02","태평로1가동","99.00000000","잣나무","27.00000000","7.00000000","4.00000000","장교동 쁘렝땅백화점","30","5.00000000","10.00000000","6.00000000","4","9","3.00000000","1.00000000","Pinus koraiensis S. et Z.","2.00000000","34.00000000","공원녹지과","198814.572","198814.5719"
"20001748","중구","2-소공동-큰-0119","02","소공동","119.00000000","측백나무","20.00000000","15.00000000","5.00000000","이화여고","60","5.00000000","10.00000000","6.00000000","6","9","3.00000000","1.00000000","Thuja orientalis L.","2.00000000","36.00000000","공원녹지과","197246.163","197246.1625"
"20001750","중구","2-필동-큰-0019","02","필동","19.00000000","느티나무","34.00000000","22.00000000","12.00000000","한국의집","30","5.00000000","10.00000000","6.00000000","6","9","3.00000000","1.00000000","Zelkova serrata Makino","2.00000000","36.00000000","공원녹지과","199496.337","199496.3372"
"20001751","중구","2-충무로4,5동-큰-0041","02","충무로4,5동","41.00000000","양버즘나무","60.00000000","12.00000000","7.00000000","샘표양조간장","40","15.00000000","10.00000000","6.00000000","6","9","2.00000000","1.00000000","Platanus occidentalis L.","2.00000000","46.00000000","공원녹지과","199810.598","199810.5985"
"20001752","중구","2-장충동-큰-0352","02","장충동","352.00000000","소나무","22.00000000","3.00000000","3.00000000","타워호텔","30","5.00000000","10.00000000","6.00000000","6","9","3.00000000","1.00000000","Pinus densiflora S et Z.","2.00000000","36.00000000","공원녹지과","200144.319","200144.3188"
"20001753","중구","2-광희동-큰-0020","02","광희동","20.00000000","느티나무","40.00000000","9.00000000","9.00000000","광희빌딩","30","5.00000000","10.00000000","6.00000000","6","9","3.00000000","1.00000000","Zelkova serrata Makino","2.00000000","36.00000000","공원녹지과","200482.507","200482.5072"
"20001754","중구","2-신당5동-큰-0031","02","신당5동","31.00000000","양버즘나무","60.00000000","10.00000000","6.00000000","성동고교","60","15.00000000","10.00000000","6.00000000","2","9","2.00000000","1.00000000","Platanus occidentalis L.","2.00000000","42.00000000","공원녹지과","202098.004","202098.0043"
"20001755","중구","2-황학동-큰-0009","02","황학동","9.00000000","목련","22.00000000","5.00000000","7.00000000","황학동2085번지","30","5.00000000","10.00000000","6.00000000","4","9","3.00000000","1.00000000","Magnolia kobus Dc.","2.00000000","34.00000000","공원녹지과","201872.078","201872.0778"
"20001756","중구","2-신당6동-큰-0023","02","신당6동","23.00000000","향나무","22.00000000","4.00000000","4.00000000","청구초교","60","5.00000000","10.00000000","6.00000000","4","9","3.00000000","1.00000000","Juniperus chinensis L.","2.00000000","34.00000000","공원녹지과","201262.349","201262.3494"
"20001757","중구","2-충무로4,5동-큰-0129","02","충무로4,5동","129.00000000","느티나무","30.00000000","9.00000000","7.00000000","인헌어린이공원","50","5.00000000","10.00000000","6.00000000","6","6","3.00000000","1.00000000","Zelkova serrata Makino","2.00000000","33.00000000","공원녹지과","199708.456","199708.4559"
"20001759","중구","2-광희동-큰-0034","02","광희동","34.00000000","은행나무","20.00000000","15.00000000","7.00000000","쌍림어린이공원","50","5.00000000","10.00000000","6.00000000","6","6","3.00000000","1.00000000","Ginkgo biloba L.","2.00000000","33.00000000","공원녹지과","200439.478","200439.4781"
"20001318","중구","2-충무로4,5동-큰-0067","02","충무로4,5동","67.00000000","소나무","20.00000000","5.00000000","3.00000000","목정주차장","60","5.00000000","10.00000000","6.00000000","6","9","3.00000000","1.00000000","Pinus densiflora S et Z.","2.00000000","36.00000000","공원녹지과","199998.521","199998.5207"
"20001319","중구","2-중림동-큰-0059","02","중림동","59.00000000","아카시아나무","25.00000000","27.00000000","16.00000000","손기정공원","50","5.00000000","10.00000000","6.00000000","4","6","3.00000000","1.00000000","Robinia pseudacacia L.","2.00000000","31.00000000","공원녹지과","196948.24","196948.2397"
"20001317","중구","2-중림동-큰-0011","02","중림동","11.00000000","느티나무","30.00000000","12.00000000","9.00000000","카톨릭중림동성당","60","5.00000000","10.00000000","6.00000000","6","9","3.00000000","1.00000000","Zelkova serrata Makino","2.00000000","36.00000000","공원녹지과","197147.958","197147.9578"
"20001320","중구","2-중림동-큰-0072","02","중림동","72.00000000","아카시아나무","25.00000000","23.00000000","10.00000000","손기정공원","50","5.00000000","10.00000000","6.00000000","4","6","3.00000000","1.00000000","Robinia pseudacacia L.","2.00000000","31.00000000","공원녹지과","196863.798","196863.7977"
"20001321","중구","2-광희동-큰-0031","02","광희동","31.00000000","은행나무","20.00000000","15.00000000","7.00000000","벽산빌딩","30","5.00000000","10.00000000","6.00000000","6","9","3.00000000","1.00000000","Ginkgo biloba L.","2.00000000","36.00000000","공원녹지과","200427.155","200427.1555"
"20001322","중구","2-광희동-큰-0104","02","광희동","104.00000000","향나무","23.00000000","3.00000000","2.00000000","33-13","10","5.00000000","10.00000000","6.00000000","6","9","3.00000000","1.00000000","Juniperus chinensis L.","2.00000000","36.00000000","공원녹지과","200688.323","200688.3226"
"20001323","중구","2-신당1동-큰-0089","02","신당1동","89.00000000","양버즘나무","48.00000000","10.00000000","8.00000000","한양공고","60","10.00000000","10.00000000","6.00000000","2","9","3.00000000","1.00000000","Platanus occidentalis L.","2.00000000","37.00000000","공원녹지과","200980.367","200980.3674"
"20001289","중구","2-장충동-큰-0304","02","장충동","304.00000000","이태리포플러","27.00000000","8.00000000","5.00000000","","60","5.00000000","10.00000000","6.00000000","6","9","3.00000000","1.00000000","Populus euramericana Guiner","2.00000000","36.00000000","공원녹지과","200278.627","200278.6272"
"20001671","중구","2-신당1동-큰-0019","02","신당1동","19.00000000","느티나무","35.00000000","6.00000000","6.00000000","광희초등학교","60","5.00000000","10.00000000","6.00000000","6","9","3.00000000","1.00000000","Zelkova serrata Makino","2.00000000","36.00000000","공원녹지과","201311.946","201311.9458"
"20001672","중구","2-명동-큰-0032","02","명동","32.00000000","소나무","20.00000000","5.00000000","3.00000000","명동성당","60","5.00000000","10.00000000","6.00000000","6","9","3.00000000","1.00000000","Pinus densiflora S et Z.","2.00000000","36.00000000","공원녹지과","198913.826","198913.8264"
"20001673","중구","2-회현동-큰-0139","02","회현동","139.00000000","참나무","32.00000000","16.00000000","11.00000000","남산공원","50","5.00000000","10.00000000","6.00000000","4","6","3.00000000","1.00000000","Quercus variabilis BL.","2.00000000","31.00000000","공원녹지과","198447.352","198447.3518"
"20001675","중구","2-신당2동-큰-0041","02","신당2동","41.00000000","측백나무","21.00000000","8.00000000","6.00000000","402-25","10","5.00000000","10.00000000","6.00000000","6","9","3.00000000","1.00000000","Thuja orientalis L.","2.00000000","36.00000000","공원녹지과","200687.613","200687.6131"
"20001676","중구","2-장충동-큰-0110","02","장충동","110.00000000","은행나무","24.00000000","18.00000000","6.00000000","","60","5.00000000","10.00000000","6.00000000","6","9","3.00000000","1.00000000","Ginkgo biloba L.","2.00000000","36.00000000","공원녹지과","199678.274","199678.2736"
"20001677","중구","2-명동-큰-0074","02","명동","74.00000000","은행나무","37.00000000","18.00000000","10.00000000","숭의여대별관","60","5.00000000","10.00000000","6.00000000","6","9","3.00000000","1.00000000","Ginkgo biloba L.","2.00000000","36.00000000","공원녹지과","198781.976","198781.9763"
"20001678","중구","2-필동-큰-0002","02","필동","2.00000000","은행나무","29.00000000","28.00000000","5.00000000","숭의여대별관","60","5.00000000","10.00000000","6.00000000","6","9","3.00000000","1.00000000","Ginkgo biloba L.","2.00000000","36.00000000","공원녹지과","199107.158","199107.1577"
"20001679","중구","2-태평로1가동-큰-0119","02","태평로1가동","119.00000000","단풍나무","20.00000000","3.00000000","3.00000000","장교동 쁘렝땅백화점","30","5.00000000","10.00000000","6.00000000","4","9","3.00000000","1.00000000","Acer palmatum Thunb.","2.00000000","34.00000000","공원녹지과","198869.988","198869.9878"
"20001680","중구","2-남대문로5가동-큰-0007","02","남대문로5가동","7.00000000","양버즘나무","35.00000000","35.00000000","12.00000000","서울열차사무소","60","5.00000000","10.00000000","6.00000000","6","9","3.00000000","1.00000000","Platanus occidentalis L.","2.00000000","36.00000000","공원녹지과","197318.655","197318.6549"
"20001651","중구","2-광희동-큰-0002","02","광희동","2.00000000","은행나무","35.00000000","7.00000000","2.00000000","방산동공원","50","5.00000000","10.00000000","6.00000000","6","6","3.00000000","1.00000000","Ginkgo biloba L.","2.00000000","33.00000000","공원녹지과","200380.801","200380.8014"
"20001681","중구","2-회현동-큰-0016","02","회현동","16.00000000","쪽동백","20.00000000","29.00000000","8.00000000","","30","5.00000000","10.00000000","6.00000000","4","9","3.00000000","1.00000000","Camellia japonica L.","2.00000000","34.00000000","공원녹지과","198070.494","198070.4944"
"20001682","중구","2-장충동-큰-0212","02","장충동","212.00000000","양버즘나무","36.00000000","9.00000000","5.00000000","장충공원","50","5.00000000","10.00000000","6.00000000","2","6","4.00000000","1.00000000","Platanus occidentalis L.","2.00000000","29.00000000","공원녹지과","200360.367","200360.3669"
"20001683","중구","2-신당4동-큰-0021","02","신당4동","21.00000000","양버즘나무","30.00000000","7.00000000","4.00000000","동산초교","60","5.00000000","10.00000000","6.00000000","2","9","3.00000000","1.00000000","Platanus occidentalis L.","2.00000000","32.00000000","공원녹지과","201552.185","201552.1852"
"20001684","중구","2-신당6동-큰-0072","02","신당6동","72.00000000","느티나무","32.00000000","7.00000000","7.00000000","금호여중","60","5.00000000","10.00000000","6.00000000","6","9","3.00000000","1.00000000","Zelkova serrata Makino","2.00000000","36.00000000","공원녹지과","201774.092","201774.0924"
"20001685","중구","2-태평로1가동-큰-0048","02","태평로1가동","48.00000000","은행나무","32.00000000","30.00000000","7.00000000","시청","60","5.00000000","10.00000000","6.00000000","6","9","3.00000000","1.00000000","Ginkgo biloba L.","2.00000000","36.00000000","공원녹지과","198129.934","198129.9337"
"20001760","중구","2-광희동-큰-0045","02","광희동","45.00000000","은행나무","20.00000000","10.00000000","6.00000000","쌍림어린이공원","50","5.00000000","10.00000000","6.00000000","6","6","3.00000000","1.00000000","Ginkgo biloba L.","2.00000000","33.00000000","공원녹지과","200476.719","200476.7188"
"20001762","중구","2-중림동-큰-0032","02","중림동","32.00000000","양버즘나무","25.00000000","32.00000000","7.00000000","손기정공원","50","5.00000000","10.00000000","6.00000000","2","6","4.00000000","1.00000000","Platanus occidentalis L.","2.00000000","29.00000000","공원녹지과","197008.397","197008.3966"
"20001763","중구","2-중림동-큰-0043","02","중림동","43.00000000","아카시아나무","29.00000000","27.00000000","12.00000000","손기정공원","50","5.00000000","10.00000000","6.00000000","4","6","3.00000000","1.00000000","Robinia pseudacacia L.","2.00000000","31.00000000","공원녹지과","196944.969","196944.9688"
"20001765","중구","2-광희동-큰-0107","02","광희동","107.00000000","벚나무","35.00000000","7.00000000","7.00000000","서울석유","30","5.00000000","10.00000000","6.00000000","4","9","3.00000000","1.00000000","Prunus yedoensis Matsumira.","2.00000000","34.00000000","공원녹지과","200649.679","200649.6792"
"20001766","중구","2-신당1동-큰-0062","02","신당1동","62.00000000","은행나무","23.00000000","8.00000000","4.00000000","성동실업여고","60","5.00000000","10.00000000","6.00000000","6","9","3.00000000","1.00000000","Ginkgo biloba L.","2.00000000","36.00000000","공원녹지과","201199.984","201199.9843"
"20001767","중구","2-신당1동-큰-0075","02","신당1동","75.00000000","은행나무","38.00000000","11.00000000","6.00000000","236-67","10","5.00000000","10.00000000","6.00000000","6","9","3.00000000","1.00000000","Ginkgo biloba L.","2.00000000","36.00000000","공원녹지과","201126.377","201126.3772"
"20001768","중구","2-신당1동-큰-0092","02","신당1동","92.00000000","느티나무","22.00000000","6.00000000","4.00000000","한양공고","60","5.00000000","10.00000000","6.00000000","6","9","3.00000000","1.00000000","Zelkova serrata Makino","2.00000000","36.00000000","공원녹지과","200951.004","200951.0044"
"20001770","중구","2-회현동-큰-0183","02","회현동","183.00000000","은행나무","22.00000000","7.00000000","8.00000000","연세빌딩","70","5.00000000","10.00000000","6.00000000","6","9","3.00000000","2.00000000","Ginkgo biloba L.","0E-8","0E-8","공원녹지과","197688.766","197688.7663"
"20001772","중구","2-신당1동-큰-0028","02","신당1동","28.00000000","은행나무","23.00000000","9.00000000","2.00000000","광희초등학교","60","5.00000000","10.00000000","6.00000000","6","9","3.00000000","1.00000000","Ginkgo biloba L.","2.00000000","36.00000000","공원녹지과","201395.675","201395.675"
"20001773","중구","2-신당4동-큰-0001","02","신당4동","1.00000000","느릅나무","62.00000000","13.00000000","9.00000000","청구초교","60","15.00000000","10.00000000","6.00000000","4","9","2.00000000","1.00000000","Ulmus davidiana var","2.00000000","44.00000000","공원녹지과","201330.307","201330.3065"
"20001774","중구","2-장충동-큰-0315","02","장충동","315.00000000","소나무","23.00000000","8.00000000","4.00000000","신라호텔영빈관","30","5.00000000","10.00000000","6.00000000","6","9","3.00000000","1.00000000","Pinus densiflora S et Z.","2.00000000","36.00000000","공원녹지과","200547.304","200547.3044"
"20001775","중구","2-신당4동-큰-0061","02","신당4동","61.00000000","향나무","31.00000000","4.00000000","5.00000000","340-35","10","5.00000000","10.00000000","6.00000000","4","9","3.00000000","1.00000000","Juniperus chinensis L.","2.00000000","34.00000000","공원녹지과","201130.379","201130.3787"
"20001776","중구","2-장충동-큰-0114","02","장충동","114.00000000","은행나무","24.00000000","17.00000000","7.00000000","국립극장","60","5.00000000","10.00000000","6.00000000","6","9","3.00000000","1.00000000","Ginkgo biloba L.","2.00000000","36.00000000","공원녹지과","200000.645","200000.6453"
"20001777","중구","2-명동-큰-0132","02","명동","132.00000000","아카시아나무","35.00000000","24.00000000","10.00000000","남산한옥마을","50","5.00000000","10.00000000","6.00000000","4","6","3.00000000","1.00000000","Robinia pseudacacia L.","2.00000000","31.00000000","공원녹지과","199329.055","199329.0547"
"20001778","중구","2-태평로1가동-큰-0081","02","태평로1가동","81.00000000","은행나무","26.00000000","20.00000000","7.00000000","한국외환은행","30","5.00000000","10.00000000","6.00000000","6","9","3.00000000","1.00000000","Ginkgo biloba L.","2.00000000","36.00000000","공원녹지과","198747.099","198747.0986"
"20001779","중구","2-신당1동-큰-0064","02","신당1동","64.00000000","은행나무","24.00000000","8.00000000","5.00000000","중구종합체육센터문화예술회관부지","60","5.00000000","10.00000000","6.00000000","6","9","3.00000000","1.00000000","Ginkgo biloba L.","2.00000000","36.00000000","공원녹지과","201327.16","201327.1596"
"20001780","중구","2-을지로3,4,5동-큰-0040","02","을지로3,4,5동","40.00000000","가중나무","20.00000000","11.00000000","7.00000000","국민은행","30","5.00000000","10.00000000","6.00000000","4","9","3.00000000","1.00000000","Ailanthus altissima Swingle.","2.00000000","34.00000000","공원녹지과","199280.909","199280.9085"
"20001781","중구","2-소공동-큰-0095","02","소공동","95.00000000","일본목련","27.00000000","15.00000000","6.00000000","이화여고","60","5.00000000","10.00000000","6.00000000","4","9","3.00000000","1.00000000","Magnolia hypoleuca S et Z.","2.00000000","34.00000000","공원녹지과","197276.387","197276.3872"
"20001784","중구","2-신당2동-큰-0012","02","신당2동","12.00000000","향나무","23.00000000","7.00000000","3.00000000","장안빌라","20","5.00000000","10.00000000","6.00000000","4","9","3.00000000","1.00000000","Juniperus chinensis L.","2.00000000","34.00000000","공원녹지과","200640.714","200640.7136"
"20001785","중구","2-신당2동-큰-0026","02","신당2동","26.00000000","소나무","22.00000000","5.00000000","4.00000000","","60","5.00000000","10.00000000","6.00000000","6","9","3.00000000","1.00000000","Pinus densiflora S et Z.","2.00000000","36.00000000","공원녹지과","200768.901","200768.9006"
"20001786","중구","2-명동-큰-0023","02","명동","23.00000000","느티나무","40.00000000","9.00000000","5.00000000","계성여고","60","5.00000000","10.00000000","6.00000000","6","9","3.00000000","1.00000000","Zelkova serrata Makino","2.00000000","36.00000000","공원녹지과","198869.422","198869.422"
"20001787","중구","2-광희동-큰-0091","02","광희동","91.00000000","은행나무","45.00000000","13.00000000","7.00000000","국립간호대학","60","10.00000000","10.00000000","6.00000000","6","9","2.00000000","1.00000000","Ginkgo biloba L.","2.00000000","41.00000000","공원녹지과","200606.857","200606.8574"
"20001788","중구","2-태평로1가동-큰-0076","02","태평로1가동","76.00000000","느티나무","29.00000000","19.00000000","8.00000000","한국외환은행","30","5.00000000","10.00000000","6.00000000","6","9","3.00000000","1.00000000","Zelkova serrata Makino","2.00000000","36.00000000","공원녹지과","198745.744","198745.7445"
"20002065","중구","2-충무로4,5동-큰-0031","02","충무로4,5동","31.00000000","은행나무","25.00000000","12.00000000","5.00000000","중구청","60","5.00000000","10.00000000","6.00000000","6","9","3.00000000","1.00000000","Ginkgo biloba L.","2.00000000","36.00000000","공원녹지과","199819.08","199819.0805"
"20002067","중구","2-신당1동-큰-0037","02","신당1동","37.00000000","느릅나무","34.00000000","7.00000000","4.00000000","성동기계공고","60","5.00000000","10.00000000","6.00000000","4","9","3.00000000","1.00000000","Ulmus davidiana var","2.00000000","34.00000000","공원녹지과","201471.95","201471.9495"
"20002068","중구","2-신당1동-큰-0018","02","신당1동","18.00000000","느티나무","20.00000000","7.00000000","4.00000000","광희초등학교","60","5.00000000","10.00000000","6.00000000","6","9","3.00000000","1.00000000","Zelkova serrata Makino","2.00000000","36.00000000","공원녹지과","201365.503","201365.5034"
"20002069","중구","2-신당2동-큰-0007","02","신당2동","7.00000000","은행나무","20.00000000","8.00000000","4.00000000","장충중고교","60","5.00000000","10.00000000","6.00000000","6","9","3.00000000","1.00000000","Ginkgo biloba L.","2.00000000","36.00000000","공원녹지과","200598.744","200598.7445"
"20002070","중구","2-신당6동-큰-0033","02","신당6동","33.00000000","소나무","20.00000000","11.00000000","4.00000000","","10","5.00000000","10.00000000","6.00000000","6","9","3.00000000","1.00000000","Pinus densiflora S et Z.","2.00000000","36.00000000","공원녹지과","201412.263","201412.2627"
"20002071","중구","2-명동-큰-0053","02","명동","53.00000000","소나무","25.00000000","16.00000000","6.00000000","한국은행부지","30","5.00000000","10.00000000","6.00000000","6","9","3.00000000","1.00000000","Pinus densiflora S et Z.","2.00000000","36.00000000","공원녹지과","198684.444","198684.4439"
"20002072","중구","2-남대문로5가동-큰-0056","02","남대문로5가동","56.00000000","느티나무","25.00000000","24.00000000","9.00000000","남대문교회","50","5.00000000","10.00000000","6.00000000","6","6","3.00000000","1.00000000","Zelkova serrata Makino","2.00000000","33.00000000","공원녹지과","198182.941","198182.9409"
"20002073","중구","2-명동-큰-0114","02","명동","114.00000000","아카시아나무","26.00000000","14.00000000","5.00000000","","60","5.00000000","10.00000000","6.00000000","4","9","3.00000000","1.00000000","Robinia pseudacacia L.","2.00000000","34.00000000","공원녹지과","198836.808","198836.8082"
"20002075","중구","2-을지로3,4,5동-큰-0025","02","을지로3,4,5동","25.00000000","가이즈까향나무","20.00000000","7.00000000","3.00000000","을지로2가 영락교회","30","5.00000000","10.00000000","6.00000000","4","9","3.00000000","1.00000000","Juniperus chinensis`Kaizuka'.","2.00000000","34.00000000","공원녹지과","199074.406","199074.4056"
"20002076","중구","2-남대문로5가동-큰-0024","02","남대문로5가동","24.00000000","메타세콰이어","33.00000000","34.00000000","5.00000000","서울열차사무소","60","5.00000000","10.00000000","6.00000000","2","9","3.00000000","1.00000000","Metasequoia glyptostroboides Hu et cheng","2.00000000","32.00000000","공원녹지과","197297.975","197297.9747"
"20002077","중구","2-광희동-큰-0113","02","광희동","113.00000000","은행나무","31.00000000","9.00000000","4.00000000","한양공고","60","5.00000000","10.00000000","6.00000000","6","9","3.00000000","1.00000000","Ginkgo biloba L.","2.00000000","36.00000000","공원녹지과","200929.377","200929.3774"
"20001686","중구","2-태평로1가동-큰-0077","02","태평로1가동","77.00000000","은행나무","28.00000000","19.00000000","6.00000000","한국외환은행","30","5.00000000","10.00000000","6.00000000","6","9","3.00000000","1.00000000","Ginkgo biloba L.","2.00000000","36.00000000","공원녹지과","198745.972","198745.9722"
"20001688","중구","2-소공동-큰-0113","02","소공동","113.00000000","측백나무","25.00000000","10.00000000","6.00000000","이화여고","60","5.00000000","10.00000000","6.00000000","6","9","3.00000000","1.00000000","Thuja orientalis L.","2.00000000","36.00000000","공원녹지과","197236.499","197236.4995"
"20001689","중구","2-남대문로5가동-큰-0003","02","남대문로5가동","3.00000000","양버즘나무","40.00000000","35.00000000","10.00000000","서울열차사무소","60","5.00000000","10.00000000","6.00000000","2","9","3.00000000","1.00000000","Platanus occidentalis L.","2.00000000","32.00000000","공원녹지과","197308.246","197308.2455"
"20001690","중구","2-소공동-큰-0309","02","소공동","309.00000000","은행나무","23.00000000","22.00000000","7.00000000","","30","5.00000000","10.00000000","6.00000000","6","9","3.00000000","1.00000000","Ginkgo biloba L.","2.00000000","36.00000000","공원녹지과","197549.35","197549.35"
"20001691","중구","2-장충동-큰-0022","02","장충동","22.00000000","회화나무","28.00000000","18.00000000","7.00000000","동국대학교","60","5.00000000","10.00000000","6.00000000","6","9","3.00000000","1.00000000","Sophora japonica L.","2.00000000","36.00000000","공원녹지과","199891.797","199891.7971"
"20001692","중구","2-충무로4,5동-큰-0114","02","충무로4,5동","114.00000000","느티나무","20.00000000","6.00000000","6.00000000","덕수중학교","60","5.00000000","10.00000000","6.00000000","6","9","3.00000000","1.00000000","Zelkova serrata Makino","2.00000000","36.00000000","공원녹지과","199692.46","199692.4597"
"20001693","중구","2-광희동-큰-0037","02","광희동","37.00000000","느티나무","20.00000000","12.00000000","6.00000000","쌍림어린이공원","50","5.00000000","10.00000000","6.00000000","6","6","3.00000000","1.00000000","Zelkova serrata Makino","2.00000000","33.00000000","공원녹지과","200447.11","200447.1097"
"20001694","중구","2-신당5동-큰-0026","02","신당5동","26.00000000","양버즘나무","35.00000000","9.00000000","6.00000000","성동고교","60","5.00000000","10.00000000","6.00000000","2","9","3.00000000","1.00000000","Platanus occidentalis L.","2.00000000","32.00000000","공원녹지과","202108.041","202108.0407"
"20001855","중구","2-장충동-큰-0167","02","장충동","167.00000000","느릅나무","34.00000000","8.00000000","7.00000000","동국대학교","60","5.00000000","10.00000000","6.00000000","4","9","3.00000000","1.00000000","Ulmus davidiana var","2.00000000","34.00000000","공원녹지과","200226.229","200226.229"
"20001856","중구","2-장충동-큰-0181","02","장충동","181.00000000","회화나무","27.00000000","8.00000000","5.00000000","동국대학교","60","5.00000000","10.00000000","6.00000000","6","9","3.00000000","1.00000000","Sophora japonica L.","2.00000000","36.00000000","공원녹지과","200344.899","200344.8995"
"20001858","중구","2-회현동-큰-0022","02","회현동","22.00000000","아카시아나무","45.00000000","30.00000000","19.00000000","일신교회","60","10.00000000","10.00000000","6.00000000","4","9","3.00000000","1.00000000","Robinia pseudacacia L.","2.00000000","39.00000000","공원녹지과","198146.941","198146.9408"
"20001859","중구","2-장충동-큰-0193","02","장충동","193.00000000","양버즘나무","34.00000000","10.00000000","6.00000000","장충공원","50","5.00000000","10.00000000","6.00000000","2","6","4.00000000","1.00000000","Platanus occidentalis L.","2.00000000","29.00000000","공원녹지과","200454.485","200454.485"
"20001860","중구","2-필동-큰-0071","02","필동","71.00000000","아카시아나무","24.00000000","22.00000000","7.00000000","동국대학교","60","5.00000000","10.00000000","6.00000000","4","9","3.00000000","1.00000000","Robinia pseudacacia L.","2.00000000","34.00000000","공원녹지과","199831.929","199831.9294"
"20001833","중구","2-신당6동-큰-0046","02","신당6동","46.00000000","소나무","22.00000000","6.00000000","2.00000000","삼성아파트","20","5.00000000","10.00000000","6.00000000","6","9","3.00000000","1.00000000","Pinus densiflora S et Z.","2.00000000","36.00000000","공원녹지과","201651.338","201651.3379"
"20001846","중구","2-충무로4,5동-큰-0010","02","충무로4,5동","10.00000000","단풍나무","20.00000000","6.00000000","5.00000000","중구청","60","5.00000000","10.00000000","6.00000000","4","9","3.00000000","1.00000000","Acer palmatum Thunb.","2.00000000","34.00000000","공원녹지과","199828.786","199828.7864"
"20001861","중구","2-장충동-큰-0026","02","장충동","26.00000000","아카시아나무","24.00000000","19.00000000","9.00000000","동국대학교","60","5.00000000","10.00000000","6.00000000","4","9","3.00000000","1.00000000","Robinia pseudacacia L.","2.00000000","34.00000000","공원녹지과","199894.582","199894.582"
"20001863","중구","2-명동-큰-0101","02","명동","101.00000000","은행나무","38.00000000","25.00000000","10.00000000","숭의여대별관","60","5.00000000","10.00000000","6.00000000","6","9","3.00000000","1.00000000","Ginkgo biloba L.","2.00000000","36.00000000","공원녹지과","199038.028","199038.0282"
"20001864","중구","2-필동-큰-0003","02","필동","3.00000000","은행나무","33.00000000","30.00000000","7.00000000","숭의여대별관","60","5.00000000","10.00000000","6.00000000","6","9","3.00000000","1.00000000","Ginkgo biloba L.","2.00000000","36.00000000","공원녹지과","199110.626","199110.6258"
"20001865","중구","2-필동-큰-0011","02","필동","11.00000000","아카시아나무","25.00000000","15.00000000","10.00000000","숭의여대별관","60","5.00000000","10.00000000","6.00000000","4","9","3.00000000","1.00000000","Robinia pseudacacia L.","2.00000000","34.00000000","공원녹지과","199035.337","199035.3372"
"20001866","중구","2-필동-큰-0021","02","필동","21.00000000","느티나무","28.00000000","20.00000000","8.00000000","한국의집","30","5.00000000","10.00000000","6.00000000","6","9","3.00000000","1.00000000","Zelkova serrata Makino","2.00000000","36.00000000","공원녹지과","199490.788","199490.7878"
"20001867","중구","2-필동-큰-0028","02","필동","28.00000000","느티나무","25.00000000","17.00000000","10.00000000","한국의집","30","5.00000000","10.00000000","6.00000000","6","9","3.00000000","1.00000000","Zelkova serrata Makino","2.00000000","36.00000000","공원녹지과","199543.843","199543.8429"
"20001869","중구","2-명동-큰-0118","02","명동","118.00000000","아카시아나무","29.00000000","28.00000000","11.00000000","남산한옥마을","50","5.00000000","10.00000000","6.00000000","4","6","3.00000000","1.00000000","Robinia pseudacacia L.","2.00000000","31.00000000","공원녹지과","199356.083","199356.0834"
"20001870","중구","2-장충동-큰-0095","02","장충동","95.00000000","양버즘나무","21.00000000","17.00000000","5.00000000","동국대학교","60","5.00000000","10.00000000","6.00000000","2","9","3.00000000","1.00000000","Platanus occidentalis L.","2.00000000","32.00000000","공원녹지과","199959.125","199959.1251"
"20001758","중구","2-광희동-큰-0022","02","광희동","22.00000000","느티나무","25.00000000","12.00000000","8.00000000","쌍림어린이공원","50","5.00000000","10.00000000","6.00000000","6","6","3.00000000","1.00000000","Zelkova serrata Makino","2.00000000","33.00000000","공원녹지과","200464.153","200464.1533"
"20001783","중구","2-남대문로5가동-큰-0059","02","남대문로5가동","59.00000000","느티나무","21.00000000","19.00000000","6.00000000","남대문교회","50","5.00000000","10.00000000","6.00000000","6","6","3.00000000","1.00000000","Zelkova serrata Makino","2.00000000","33.00000000","공원녹지과","198174.838","198174.8381"
"20001789","중구","2-장충동-큰-0067","02","장충동","67.00000000","양버즘나무","20.00000000","10.00000000","4.00000000","동국대학교","60","5.00000000","10.00000000","6.00000000","2","9","3.00000000","1.00000000","Platanus occidentalis L.","2.00000000","32.00000000","공원녹지과","200044.382","200044.3817"
"20001790","중구","2-신당4동-큰-0060","02","신당4동","60.00000000","은행나무","23.00000000","8.00000000","5.00000000","","10","5.00000000","10.00000000","6.00000000","6","9","3.00000000","1.00000000","Ginkgo biloba L.","2.00000000","36.00000000","공원녹지과","201184.585","201184.585"
"20001791","중구","2-회현동-큰-0108","02","회현동","108.00000000","은행나무","26.00000000","20.00000000","5.00000000","","50","5.00000000","10.00000000","6.00000000","6","6","3.00000000","1.00000000","Ginkgo biloba L.","2.00000000","33.00000000","공원녹지과","198079.371","198079.3707"
"20001792","중구","2-소공동-큰-0013","02","소공동","13.00000000","화백","49.00000000","28.00000000","6.00000000","정동","10","10.00000000","10.00000000","6.00000000","6","9","2.00000000","1.00000000","","2.00000000","41.00000000","공원녹지과","197398.435","197398.4348"
"20001793","중구","2-태평로1가동-큰-0013","02","태평로1가동","13.00000000","소나무","22.00000000","19.00000000","1.00000000","롯데호텔","60","5.00000000","10.00000000","6.00000000","6","9","3.00000000","1.00000000","Pinus densiflora S et Z.","2.00000000","36.00000000","공원녹지과","198003.893","198003.8926"
"20001794","중구","2-충무로4,5동-큰-0123","02","충무로4,5동","123.00000000","은행나무","30.00000000","11.00000000","6.00000000","인헌어린이공원","50","5.00000000","10.00000000","6.00000000","6","6","3.00000000","1.00000000","Ginkgo biloba L.","2.00000000","33.00000000","공원녹지과","199716.29","199716.2904"
"20001796","중구","2-신당2동-큰-0020","02","신당2동","20.00000000","은행나무","50.00000000","16.00000000","8.00000000","","60","10.00000000","10.00000000","6.00000000","6","9","2.00000000","1.00000000","Ginkgo biloba L.","2.00000000","41.00000000","공원녹지과","200761.979","200761.979"
"20001797","중구","2-신당6동-큰-0050","02","신당6동","50.00000000","은행나무","21.00000000","7.00000000","3.00000000","동화연립","20","5.00000000","10.00000000","6.00000000","6","9","3.00000000","1.00000000","Ginkgo biloba L.","2.00000000","36.00000000","공원녹지과","201733.073","201733.0732"
"20001798","중구","2-장충동-큰-0316","02","장충동","316.00000000","소나무","25.00000000","8.00000000","3.00000000","신라호텔영빈관","30","5.00000000","10.00000000","6.00000000","6","9","3.00000000","1.00000000","Pinus densiflora S et Z.","2.00000000","36.00000000","공원녹지과","200549.787","200549.7865"
"20001799","중구","2-신당2동-큰-0044","02","신당2동","44.00000000","양버즘나무","22.00000000","5.00000000","3.00000000","432-1637","10","5.00000000","10.00000000","6.00000000","6","9","3.00000000","1.00000000","Platanus occidentalis L.","2.00000000","36.00000000","공원녹지과","200493.215","200493.2154"
"20001800","중구","2-회현동-큰-0071","02","회현동","71.00000000","느티나무","32.00000000","18.00000000","9.00000000","","50","5.00000000","10.00000000","6.00000000","6","6","3.00000000","1.00000000","Zelkova serrata Makino","2.00000000","33.00000000","공원녹지과","198104.36","198104.36"
"20001801","중구","2-회현동-큰-0117","02","회현동","117.00000000","은행나무","30.00000000","25.00000000","8.00000000","한국은행부지","30","5.00000000","10.00000000","6.00000000","6","9","3.00000000","1.00000000","Ginkgo biloba L.","2.00000000","36.00000000","공원녹지과","198498.22","198498.2204"
"20001802","중구","2-신당3동-큰-0030","02","신당3동","30.00000000","소나무","21.00000000","4.00000000","2.00000000","중구청소년수련관","60","5.00000000","10.00000000","6.00000000","6","9","3.00000000","1.00000000","Pinus densiflora S et Z.","2.00000000","36.00000000","공원녹지과","201124.398","201124.398"
"20001803","중구","2-신당2동-큰-0040","02","신당2동","40.00000000","향나무","21.00000000","10.00000000","3.00000000","","10","5.00000000","10.00000000","6.00000000","4","9","3.00000000","1.00000000","Juniperus chinensis L.","2.00000000","34.00000000","공원녹지과","200741.085","200741.0853"
"20001804","중구","2-회현동-큰-0219","02","회현동","219.00000000","백합나무","35.00000000","26.00000000","12.00000000","연세빌딩","70","10.00000000","10.00000000","6.00000000","2","9","3.00000000","2.00000000","Liriodendron tulipifera L.","0E-8","0E-8","공원녹지과","197625.561","197625.5609"
"20001806","중구","2-신당6동-큰-0016","02","신당6동","16.00000000","은행나무","30.00000000","10.00000000","6.00000000","진빌딩","20","5.00000000","10.00000000","6.00000000","6","9","3.00000000","1.00000000","Ginkgo biloba L.","2.00000000","36.00000000","공원녹지과","201195.659","201195.659"
"20001807","중구","2-신당1동-큰-0015","02","신당1동","15.00000000","은행나무","41.00000000","8.00000000","4.00000000","동인빌딩","30","10.00000000","10.00000000","6.00000000","6","9","2.00000000","1.00000000","Ginkgo biloba L.","2.00000000","41.00000000","공원녹지과","201218.385","201218.3846"
"20001808","중구","2-중림동-큰-0103","02","중림동","103.00000000","은행나무","36.00000000","36.00000000","17.00000000","봉래초등학교","60","5.00000000","10.00000000","6.00000000","6","9","3.00000000","1.00000000","Ginkgo biloba L.","2.00000000","36.00000000","공원녹지과","196782.252","196782.2524"
"20001809","중구","2-을지로3,4,5동-큰-0037","02","을지로3,4,5동","37.00000000","느티나무","40.00000000","9.00000000","6.00000000","국민은행","30","5.00000000","10.00000000","6.00000000","6","9","3.00000000","1.00000000","Zelkova serrata Makino","2.00000000","36.00000000","공원녹지과","199305.077","199305.0773"
"20001810","중구","2-신당5동-큰-0034","02","신당5동","34.00000000","아카시아나무","30.00000000","6.00000000","3.00000000","성동고교","60","5.00000000","10.00000000","6.00000000","4","9","3.00000000","1.00000000","Robinia pseudacacia L.","2.00000000","34.00000000","공원녹지과","202082.546","202082.5459"
"20001811","중구","2-장충동-큰-0186","02","장충동","186.00000000","느티나무","80.00000000","6.00000000","7.00000000","동국대학교","60","15.00000000","10.00000000","6.00000000","6","9","2.00000000","1.00000000","Zelkova serrata Makino","2.00000000","46.00000000","공원녹지과","200305.438","200305.4375"
"20002078","중구","2-소공동-큰-0114","02","소공동","114.00000000","측백나무","27.00000000","13.00000000","6.00000000","이화여고","60","5.00000000","10.00000000","6.00000000","6","9","3.00000000","1.00000000","Thuja orientalis L.","2.00000000","36.00000000","공원녹지과","197238.297","197238.2974"
"20002079","중구","2-소공동-큰-0226","02","소공동","226.00000000","느티나무","29.00000000","18.00000000","9.00000000","덕수궁","50","5.00000000","10.00000000","6.00000000","6","6","3.00000000","1.00000000","Zelkova serrata Makino","2.00000000","33.00000000","공원녹지과","197893.283","197893.2828"
"20002080","중구","2-신당1동-큰-0095","02","신당1동","95.00000000","은행나무","27.00000000","5.00000000","2.00000000","한양공고","60","5.00000000","10.00000000","6.00000000","6","9","3.00000000","1.00000000","Ginkgo biloba L.","2.00000000","36.00000000","공원녹지과","200951.791","200951.7914"
"20002082","중구","2-명동-큰-0098","02","명동","98.00000000","느티나무","28.00000000","26.00000000","11.00000000","숭의여대별관","60","5.00000000","10.00000000","6.00000000","6","9","3.00000000","1.00000000","Zelkova serrata Makino","2.00000000","36.00000000","공원녹지과","199044.98","199044.9797"
"20002083","중구","2-소공동-큰-0061","02","소공동","61.00000000","아카시아나무","47.00000000","32.00000000","7.00000000","창덕여중","60","10.00000000","10.00000000","6.00000000","4","9","3.00000000","1.00000000","Robinia pseudacacia L.","2.00000000","39.00000000","공원녹지과","197422.981","197422.9811"
"20002084","중구","2-장충동-큰-0251","02","장충동","251.00000000","은행나무","26.00000000","8.00000000","4.00000000","태광산업","30","5.00000000","10.00000000","6.00000000","6","9","3.00000000","1.00000000","Ginkgo biloba L.","2.00000000","36.00000000","공원녹지과","200290.472","200290.472"
"20002086","중구","2-신당6동-큰-0053","02","신당6동","53.00000000","느티나무","20.00000000","4.00000000","4.00000000","현대아파트","20","5.00000000","10.00000000","6.00000000","6","9","3.00000000","1.00000000","Zelkova serrata Makino","2.00000000","36.00000000","공원녹지과","201829.426","201829.426"
"20002087","중구","2-태평로1가동-큰-0018","02","태평로1가동","18.00000000","소나무","22.00000000","20.00000000","1.00000000","롯데호텔","60","5.00000000","10.00000000","6.00000000","6","9","3.00000000","1.00000000","Pinus densiflora S et Z.","2.00000000","36.00000000","공원녹지과","198036.055","198036.0547"
"20002088","중구","2-명동-큰-0057","02","명동","57.00000000","가래나무","23.00000000","16.00000000","6.00000000","한국은행부지","30","5.00000000","10.00000000","6.00000000","4","9","3.00000000","1.00000000","Juglans mandshurica.","2.00000000","34.00000000","공원녹지과","198726.785","198726.7846"
"20002089","중구","2-회현동-큰-0218","02","회현동","218.00000000","백합나무","41.00000000","12.00000000","13.00000000","연세빌딩","70","10.00000000","10.00000000","6.00000000","2","9","3.00000000","1.00000000","Liriodendron tulipifera L.","0E-8","0E-8","공원녹지과","197627.71","197627.7105"
"20002091","중구","2-태평로1가동-큰-0035","02","태평로1가동","35.00000000","양버즘나무","25.00000000","17.00000000","7.00000000","시청","60","5.00000000","10.00000000","6.00000000","2","9","3.00000000","1.00000000","Platanus occidentalis L.","2.00000000","32.00000000","공원녹지과","198075.927","198075.9273"
"20001872","중구","2-태평로1가동-큰-0094","02","태평로1가동","94.00000000","느티나무","35.00000000","18.00000000","7.00000000","한국외환은행","30","5.00000000","10.00000000","6.00000000","6","9","3.00000000","1.00000000","Zelkova serrata Makino","2.00000000","36.00000000","공원녹지과","198404.417","198404.4169"
"20001873","중구","2-중림동-큰-0014","02","중림동","14.00000000","아카시아나무","43.00000000","30.00000000","10.00000000","카톨릭중림동성당","60","10.00000000","10.00000000","6.00000000","4","9","3.00000000","1.00000000","Robinia pseudacacia L.","2.00000000","39.00000000","공원녹지과","197164.928","197164.9285"
"20001874","중구","2-중림동-큰-0022","02","중림동","22.00000000","느티나무","50.00000000","33.00000000","18.00000000","삼성특수연마사","60","10.00000000","10.00000000","6.00000000","6","9","2.00000000","1.00000000","Zelkova serrata Makino","2.00000000","41.00000000","공원녹지과","197218.32","197218.3201"
"20001875","중구","2-소공동-큰-0285","02","소공동","285.00000000","측백나무","33.00000000","26.00000000","3.00000000","상공회의소","60","5.00000000","10.00000000","6.00000000","6","9","3.00000000","1.00000000","Thuja orientalis L.","2.00000000","36.00000000","공원녹지과","197739.634","197739.6337"
"20001876","중구","2-소공동-큰-0290","02","소공동","290.00000000","느티나무","23.00000000","20.00000000","6.00000000","상공회의소","60","5.00000000","10.00000000","6.00000000","6","9","3.00000000","1.00000000","Zelkova serrata Makino","2.00000000","36.00000000","공원녹지과","197616.829","197616.8285"
"20001877","중구","2-소공동-큰-0300","02","소공동","300.00000000","느티나무","22.00000000","22.00000000","10.00000000","","30","5.00000000","10.00000000","6.00000000","6","9","3.00000000","1.00000000","Zelkova serrata Makino","2.00000000","36.00000000","공원녹지과","197663.293","197663.2925"
"20001878","중구","2-충무로4,5동-큰-0062","02","충무로4,5동","62.00000000","느티나무","25.00000000","9.00000000","8.00000000","목정주차장","60","5.00000000","10.00000000","6.00000000","6","9","3.00000000","1.00000000","Zelkova serrata Makino","2.00000000","36.00000000","공원녹지과","199945.145","199945.1453"
"20001141","중구","2-신당5동-큰-0040","02","신당5동","40.00000000","벚나무","40.00000000","8.00000000","7.00000000","성동고교","60","5.00000000","10.00000000","6.00000000","4","9","3.00000000","1.00000000","Prunus yedoensis Matsumira.","2.00000000","34.00000000","공원녹지과","202065.929","202065.9292"
"20001142","중구","2-신당1동-큰-0045","02","신당1동","45.00000000","목련","21.00000000","6.00000000","5.00000000","성동기계공고","60","5.00000000","10.00000000","6.00000000","4","9","3.00000000","1.00000000","Magnolia kobus Dc.","2.00000000","34.00000000","공원녹지과","201515.704","201515.7036"
"20001143","중구","2-남대문로5가동-큰-0043","02","남대문로5가동","43.00000000","아카시아나무","59.00000000","37.00000000","8.00000000","남대문교회","60","15.00000000","10.00000000","6.00000000","4","9","2.00000000","1.00000000","Robinia pseudacacia L.","2.00000000","44.00000000","공원녹지과","197754.594","197754.5943"
"20001144","중구","2-장충동-큰-0365","02","장충동","365.00000000","아카시아나무","60.00000000","10.00000000","8.00000000","자유센터","60","15.00000000","10.00000000","6.00000000","4","9","2.00000000","1.00000000","Robinia pseudacacia L.","2.00000000","44.00000000","공원녹지과","200149.682","200149.6816"
"20001146","중구","2-태평로1가동-큰-0087","02","태평로1가동","87.00000000","느티나무","20.00000000","16.00000000","7.00000000","한국외환은행","30","5.00000000","10.00000000","6.00000000","6","9","3.00000000","1.00000000","Zelkova serrata Makino","2.00000000","36.00000000","공원녹지과","198738.57","198738.5696"
"20001147","중구","2-회현동-큰-0005","02","회현동","5.00000000","느티나무","53.00000000","20.00000000","10.00000000","","30","15.00000000","10.00000000","6.00000000","6","9","2.00000000","1.00000000","Zelkova serrata Makino","2.00000000","46.00000000","공원녹지과","198161.844","198161.8444"
"20001148","중구","2-회현동-큰-0136","02","회현동","136.00000000","아카시아나무","35.00000000","18.00000000","12.00000000","남산공원","50","5.00000000","10.00000000","6.00000000","4","6","3.00000000","1.00000000","Robinia pseudacacia L.","2.00000000","31.00000000","공원녹지과","198458.003","198458.003"
"20001150","중구","2-장충동-큰-0363","02","장충동","363.00000000","은행나무","31.00000000","9.00000000","4.00000000","자유센터","60","5.00000000","10.00000000","6.00000000","6","9","3.00000000","1.00000000","Ginkgo biloba L.","2.00000000","36.00000000","공원녹지과","200147.331","200147.3312"
"20001151","중구","2-명동-큰-0089","02","명동","89.00000000","은행나무","38.00000000","25.00000000","9.00000000","숭의여대별관","60","5.00000000","10.00000000","6.00000000","6","9","3.00000000","1.00000000","Ginkgo biloba L.","2.00000000","36.00000000","공원녹지과","198976.638","198976.6383"
"20001152","중구","2-회현동-큰-0104","02","회현동","104.00000000","느티나무","36.00000000","19.00000000","10.00000000","","50","5.00000000","10.00000000","6.00000000","6","6","3.00000000","1.00000000","Zelkova serrata Makino","2.00000000","33.00000000","공원녹지과","198015.599","198015.5991"
"20001153","중구","2-회현동-큰-0155","02","회현동","155.00000000","은행나무","23.00000000","7.00000000","6.00000000","연세빌딩","70","5.00000000","10.00000000","6.00000000","6","9","3.00000000","2.00000000","Ginkgo biloba L.","0E-8","0E-8","공원녹지과","197715.984","197715.984"
"20001155","중구","2-장충동-큰-0260","02","장충동","260.00000000","은행나무","31.00000000","8.00000000","5.00000000","188-4","30","5.00000000","10.00000000","6.00000000","6","9","3.00000000","1.00000000","Ginkgo biloba L.","2.00000000","36.00000000","공원녹지과","200437.2","200437.1997"
"20001156","중구","2-장충동-큰-0286","02","장충동","286.00000000","은행나무","32.00000000","8.00000000","4.00000000","장충교회","60","5.00000000","10.00000000","6.00000000","6","9","3.00000000","1.00000000","Ginkgo biloba L.","2.00000000","36.00000000","공원녹지과","200582.649","200582.6492"
"20001157","중구","2-장충동-큰-0001","02","장충동","1.00000000","소나무","33.00000000","7.00000000","2.00000000","393-8","10","5.00000000","10.00000000","6.00000000","6","9","3.00000000","1.00000000","Pinus densiflora S et Z.","2.00000000","36.00000000","공원녹지과","200783.773","200783.7731"
"20001158","중구","2-충무로4,5동-큰-0009","02","충무로4,5동","9.00000000","단풍나무","20.00000000","6.00000000","5.00000000","중구청","60","5.00000000","10.00000000","6.00000000","4","9","3.00000000","1.00000000","Acer palmatum Thunb.","2.00000000","34.00000000","공원녹지과","199828.337","199828.3374"
"20001159","중구","2-남대문로5가동-큰-0046","02","남대문로5가동","46.00000000","은행나무","27.00000000","27.00000000","6.00000000","남대문교회","60","5.00000000","10.00000000","6.00000000","6","9","3.00000000","1.00000000","Ginkgo biloba L.","2.00000000","36.00000000","공원녹지과","197757.249","197757.2487"
"20001812","중구","2-명동-큰-0105","02","명동","105.00000000","느티나무","20.00000000","15.00000000","9.00000000","숭의여대별관","60","5.00000000","10.00000000","6.00000000","6","9","3.00000000","1.00000000","Zelkova serrata Makino","2.00000000","36.00000000","공원녹지과","198985.286","198985.2857"
"20001814","중구","2-소공동-큰-0282","02","소공동","282.00000000","소나무","20.00000000","21.00000000","4.00000000","상공회의소","60","5.00000000","10.00000000","6.00000000","6","9","3.00000000","1.00000000","Pinus densiflora S et Z.","2.00000000","36.00000000","공원녹지과","197751.391","197751.3909"
"20001815","중구","2-광희동-큰-0095","02","광희동","95.00000000","향나무","23.00000000","7.00000000","3.00000000","국립간호대학","60","5.00000000","10.00000000","6.00000000","4","9","3.00000000","1.00000000","Juniperus chinensis L.","2.00000000","34.00000000","공원녹지과","200604.655","200604.6547"
"20001816","중구","2-소공동-큰-0143","02","소공동","143.00000000","측백나무","21.00000000","15.00000000","6.00000000","이화여고","60","5.00000000","10.00000000","6.00000000","6","9","3.00000000","1.00000000","Thuja orientalis L.","2.00000000","36.00000000","공원녹지과","197335.623","197335.6234"
"20001817","중구","2-소공동-큰-0219","02","소공동","219.00000000","느티나무","25.00000000","22.00000000","13.00000000","덕수궁","50","5.00000000","10.00000000","6.00000000","6","6","3.00000000","1.00000000","Zelkova serrata Makino","2.00000000","33.00000000","공원녹지과","197838.906","197838.9056"
"20001818","중구","2-태평로1가동-큰-0060","02","태평로1가동","60.00000000","느티나무","40.00000000","20.00000000","4.00000000","롯데호텔","30","5.00000000","10.00000000","6.00000000","6","9","3.00000000","1.00000000","Zelkova serrata Makino","2.00000000","36.00000000","공원녹지과","198239.833","198239.833"
"20001819","중구","2-광희동-큰-0009","02","광희동","9.00000000","은행나무","40.00000000","11.00000000","7.00000000","방산동 구민회관","60","5.00000000","10.00000000","6.00000000","6","9","3.00000000","1.00000000","Ginkgo biloba L.","2.00000000","36.00000000","공원녹지과","200552.166","200552.166"
"20001820","중구","2-소공동-큰-0053","02","소공동","53.00000000","회화나무","50.00000000","30.00000000","9.00000000","창덕여중","60","10.00000000","10.00000000","6.00000000","6","9","2.00000000","1.00000000","Sophora japonica L.","2.00000000","41.00000000","공원녹지과","197413.99","197413.9904"
"20001822","중구","2-소공동-큰-0134","02","소공동","134.00000000","느티나무","42.00000000","20.00000000","13.00000000","이화여고","60","10.00000000","10.00000000","6.00000000","6","9","2.00000000","1.00000000","Zelkova serrata Makino","2.00000000","41.00000000","공원녹지과","197322.384","197322.3836"
"20001823","중구","2-남대문로5가동-큰-0016","02","남대문로5가동","16.00000000","양버즘나무","63.00000000","30.00000000","8.00000000","서울열차사무소","60","15.00000000","10.00000000","6.00000000","6","9","2.00000000","1.00000000","Platanus occidentalis L.","2.00000000","46.00000000","공원녹지과","197347.951","197347.9514"
"20001824","중구","2-필동-큰-0095","02","필동","95.00000000","은행나무","20.00000000","17.00000000","6.00000000","","10","5.00000000","10.00000000","6.00000000","6","9","3.00000000","1.00000000","Ginkgo biloba L.","2.00000000","36.00000000","공원녹지과","199724.934","199724.9342"
"20001825","중구","2-장충동-큰-0057","02","장충동","57.00000000","은행나무","33.00000000","17.00000000","7.00000000","동국대학교","60","5.00000000","10.00000000","6.00000000","6","9","3.00000000","1.00000000","Ginkgo biloba L.","2.00000000","36.00000000","공원녹지과","199891.092","199891.0918"
"20001826","중구","2-장충동-큰-0089","02","장충동","89.00000000","양버즘나무","22.00000000","18.00000000","6.00000000","동국대학교","60","5.00000000","10.00000000","6.00000000","2","9","3.00000000","1.00000000","Platanus occidentalis L.","2.00000000","32.00000000","공원녹지과","199982.937","199982.9373"
"20001827","중구","2-충무로4,5동-큰-0111","02","충무로4,5동","111.00000000","호두나무","25.00000000","9.00000000","8.00000000","덕수중학교","60","5.00000000","10.00000000","6.00000000","4","9","3.00000000","1.00000000","Juglans sinensis Dode","2.00000000","34.00000000","공원녹지과","199703.919","199703.9191"
"20001829","중구","2-태평로1가동-큰-0021","02","태평로1가동","21.00000000","쪽동백","40.00000000","18.00000000","5.00000000","조흥은행","30","5.00000000","10.00000000","6.00000000","4","9","3.00000000","1.00000000","Camellia japonica L.","2.00000000","34.00000000","공원녹지과","198539.343","198539.3432"
"20001830","중구","2-충무로4,5동-큰-0112","02","충무로4,5동","112.00000000","메타세콰이어","50.00000000","12.00000000","8.00000000","덕수중학교","60","10.00000000","10.00000000","6.00000000","2","9","3.00000000","1.00000000","Metasequoia glyptostroboides Hu et cheng","2.00000000","37.00000000","공원녹지과","199701.658","199701.6582"
"20001831","중구","2-신당1동-큰-0030","02","신당1동","30.00000000","은행나무","24.00000000","9.00000000","3.00000000","광희초등학교","60","5.00000000","10.00000000","6.00000000","6","9","3.00000000","1.00000000","Ginkgo biloba L.","2.00000000","36.00000000","공원녹지과","201395.336","201395.3365"
"20001832","중구","2-필동-큰-0014","02","필동","14.00000000","느티나무","25.00000000","23.00000000","7.00000000","한국의집","30","5.00000000","10.00000000","6.00000000","6","9","3.00000000","1.00000000","Zelkova serrata Makino","2.00000000","36.00000000","공원녹지과","199492.177","199492.1774"
"20001834","중구","2-회현동-큰-0128","02","회현동","128.00000000","아카시아나무","32.00000000","25.00000000","7.00000000","한국은행부지","30","5.00000000","10.00000000","6.00000000","4","9","3.00000000","1.00000000","Robinia pseudacacia L.","2.00000000","34.00000000","공원녹지과","198543.885","198543.8845"
"20001835","중구","2-장충동-큰-0129","02","장충동","129.00000000","향나무","23.00000000","5.00000000","3.00000000","동국대학교","60","5.00000000","10.00000000","6.00000000","4","9","3.00000000","1.00000000","Juniperus chinensis L.","2.00000000","34.00000000","공원녹지과","200190.165","200190.1647"
"20001838","중구","2-충무로4,5동-큰-0055","02","충무로4,5동","55.00000000","느티나무","20.00000000","6.00000000","6.00000000","목정주차장","60","5.00000000","10.00000000","6.00000000","6","9","3.00000000","1.00000000","Zelkova serrata Makino","2.00000000","36.00000000","공원녹지과","199946.479","199946.4793"
"20001839","중구","2-황학동-큰-0001","02","황학동","1.00000000","느티나무","23.00000000","6.00000000","5.00000000","황학동 755번지","60","5.00000000","10.00000000","6.00000000","6","9","3.00000000","1.00000000","Zelkova serrata Makino","2.00000000","36.00000000","공원녹지과","201614.486","201614.4865"
"20001840","중구","2-명동-큰-0020","02","명동","20.00000000","은행나무","75.00000000","15.00000000","10.00000000","계성여고","60","15.00000000","10.00000000","6.00000000","6","9","2.00000000","1.00000000","Ginkgo biloba L.","2.00000000","46.00000000","공원녹지과","198880.862","198880.8617"
"20001222","중구","2-소공동-큰-0182","02","소공동","182.00000000","아카시아나무","29.00000000","28.00000000","8.00000000","체스프라자","60","5.00000000","10.00000000","6.00000000","4","9","3.00000000","1.00000000","Robinia pseudacacia L.","2.00000000","34.00000000","공원녹지과","197557.625","197557.6254"
"20001220","중구","2-신당1동-큰-0118","02","신당1동","118.00000000","은행나무","30.00000000","11.00000000","5.00000000","장충초교","60","5.00000000","10.00000000","6.00000000","6","9","3.00000000","1.00000000","Ginkgo biloba L.","2.00000000","36.00000000","공원녹지과","201017.218","201017.2179"
"20001223","중구","2-광희동-큰-0108","02","광희동","108.00000000","벚나무","33.00000000","7.00000000","4.00000000","서울석유","30","5.00000000","10.00000000","6.00000000","4","9","3.00000000","1.00000000","Prunus yedoensis Matsumira.","2.00000000","34.00000000","공원녹지과","200654.319","200654.3188"
"20001224","중구","2-소공동-큰-0280","02","소공동","280.00000000","소나무","22.00000000","28.00000000","6.00000000","상공회의소","60","5.00000000","10.00000000","6.00000000","6","9","3.00000000","1.00000000","Pinus densiflora S et Z.","2.00000000","36.00000000","공원녹지과","197749.849","197749.8492"
"20001225","중구","2-신당1동-큰-0052","02","신당1동","52.00000000","은행나무","27.00000000","8.00000000","6.00000000","성동실업여고","60","5.00000000","10.00000000","6.00000000","6","9","3.00000000","1.00000000","Ginkgo biloba L.","2.00000000","36.00000000","공원녹지과","201165.947","201165.9475"
"20001228","중구","2-장충동-큰-0177","02","장충동","177.00000000","느티나무","48.00000000","8.00000000","8.00000000","동국대학교","60","10.00000000","10.00000000","6.00000000","6","9","2.00000000","1.00000000","Zelkova serrata Makino","2.00000000","41.00000000","공원녹지과","200245.934","200245.9335"
"20001229","중구","2-장충동-큰-0321","02","장충동","321.00000000","소나무","21.00000000","6.00000000","3.00000000","신라호텔영빈관","30","5.00000000","10.00000000","6.00000000","6","9","3.00000000","1.00000000","Pinus densiflora S et Z.","2.00000000","36.00000000","공원녹지과","200555.824","200555.824"
"20001230","중구","2-장충동-큰-0247","02","장충동","247.00000000","자작나무","22.00000000","7.00000000","4.00000000","충무초등학교","60","5.00000000","10.00000000","6.00000000","4","9","3.00000000","1.00000000","Betula platyphylla var.","2.00000000","34.00000000","공원녹지과","200112.419","200112.4192"
"20001231","중구","2-소공동-큰-0115","02","소공동","115.00000000","측백나무","25.00000000","12.00000000","5.00000000","이화여고","60","5.00000000","10.00000000","6.00000000","6","9","3.00000000","1.00000000","Thuja orientalis L.","2.00000000","36.00000000","공원녹지과","197240.319","197240.3187"
"20001232","중구","2-신당1동-큰-0009","02","신당1동","9.00000000","은행나무","20.00000000","8.00000000","5.00000000","서울제1기동대","60","5.00000000","10.00000000","6.00000000","6","9","3.00000000","1.00000000","Ginkgo biloba L.","2.00000000","36.00000000","공원녹지과","201380.763","201380.7625"
"20001233","중구","2-장충동-큰-0297","02","장충동","297.00000000","은행나무","20.00000000","7.00000000","4.00000000","","60","5.00000000","10.00000000","6.00000000","6","9","3.00000000","1.00000000","Ginkgo biloba L.","2.00000000","36.00000000","공원녹지과","200320.001","200320.0011"
"20001049","중구","2-태평로1가동-큰-0086","02","태평로1가동","86.00000000","느티나무","23.00000000","15.00000000","7.00000000","한국외환은행","30","5.00000000","10.00000000","6.00000000","6","9","3.00000000","1.00000000","Zelkova serrata Makino","2.00000000","36.00000000","공원녹지과","198738.566","198738.5662"
"20001051","중구","2-을지로3,4,5동-큰-0020","02","을지로3,4,5동","20.00000000","아카시아나무","40.00000000","8.00000000","5.00000000","방산동공원","50","5.00000000","10.00000000","6.00000000","4","6","3.00000000","1.00000000","Robinia pseudacacia L.","2.00000000","31.00000000","공원녹지과","200352.337","200352.3371"
"20001160","중구","2-명동-큰-0126","02","명동","126.00000000","아카시아나무","25.00000000","24.00000000","12.00000000","남산한옥마을","50","5.00000000","10.00000000","6.00000000","4","6","3.00000000","1.00000000","Robinia pseudacacia L.","2.00000000","31.00000000","공원녹지과","199332.206","199332.2055"
"20001161","중구","2-충무로4,5동-큰-0064","02","충무로4,5동","64.00000000","소나무","20.00000000","6.00000000","4.00000000","목정주차장","60","5.00000000","10.00000000","6.00000000","6","9","3.00000000","1.00000000","Pinus densiflora S et Z.","2.00000000","36.00000000","공원녹지과","199957.927","199957.9271"
"20001164","중구","2-소공동-큰-0033","02","소공동","33.00000000","은행나무","32.00000000","26.00000000","10.00000000","덕수궁","60","5.00000000","10.00000000","6.00000000","6","9","3.00000000","1.00000000","Ginkgo biloba L.","2.00000000","36.00000000","공원녹지과","197683.471","197683.4709"
"20001165","중구","2-소공동-큰-0001","02","소공동","1.00000000","향나무","23.00000000","6.00000000","2.00000000","정동","10","5.00000000","10.00000000","6.00000000","4","9","3.00000000","1.00000000","Juniperus chinensis L.","2.00000000","34.00000000","공원녹지과","197422.51","197422.5104"
"20001166","중구","2-소공동-큰-0055","02","소공동","55.00000000","회화나무","40.00000000","36.00000000","9.00000000","창덕여중","60","5.00000000","10.00000000","6.00000000","6","9","3.00000000","1.00000000","Sophora japonica L.","2.00000000","36.00000000","공원녹지과","197413.766","197413.7665"
"20001167","중구","2-소공동-큰-0087","02","소공동","87.00000000","은행나무","24.00000000","27.00000000","4.00000000","창덕여중","60","5.00000000","10.00000000","6.00000000","6","9","3.00000000","1.00000000","Ginkgo biloba L.","2.00000000","36.00000000","공원녹지과","197315.411","197315.4109"
"20001168","중구","2-충무로4,5동-큰-0101","02","충무로4,5동","101.00000000","은행나무","50.00000000","6.00000000","4.00000000","덕수중학교","60","10.00000000","10.00000000","6.00000000","6","9","2.00000000","1.00000000","Ginkgo biloba L.","2.00000000","41.00000000","공원녹지과","199813.876","199813.8762"
"20001325","중구","2-장충동-큰-0209","02","장충동","209.00000000","양버즘나무","50.00000000","11.00000000","7.00000000","장충공원","50","10.00000000","10.00000000","6.00000000","2","6","3.00000000","1.00000000","Platanus occidentalis L.","2.00000000","34.00000000","공원녹지과","200387.309","200387.3086"
"20001326","중구","2-남대문로5가동-큰-0028","02","남대문로5가동","28.00000000","은행나무","32.00000000","27.00000000","5.00000000","철도청","60","5.00000000","10.00000000","6.00000000","6","9","3.00000000","1.00000000","Ginkgo biloba L.","2.00000000","36.00000000","공원녹지과","197294.918","197294.9182"
"20001329","중구","2-신당2동-큰-0009","02","신당2동","9.00000000","느티나무","26.00000000","5.00000000","5.00000000","장충중고교","60","5.00000000","10.00000000","6.00000000","6","9","3.00000000","1.00000000","Zelkova serrata Makino","2.00000000","36.00000000","공원녹지과","200613.459","200613.4595"
"20001330","중구","2-신당2동-큰-0018","02","신당2동","18.00000000","감나무","20.00000000","8.00000000","4.00000000","432-24","10","5.00000000","10.00000000","6.00000000","4","9","3.00000000","1.00000000","Diospyros kaki Thunb.","2.00000000","34.00000000","공원녹지과","200765.473","200765.473"
"20001331","중구","2-신당6동-큰-0030","02","신당6동","30.00000000","향나무","40.00000000","8.00000000","6.00000000","290-42","10","5.00000000","10.00000000","6.00000000","4","9","3.00000000","1.00000000","Juniperus chinensis L.","2.00000000","34.00000000","공원녹지과","201396.44","201396.4398"
"20001332","중구","2-신당4동-큰-0014","02","신당4동","14.00000000","은행나무","23.00000000","6.00000000","2.00000000","삼성아파트","20","5.00000000","10.00000000","6.00000000","6","9","3.00000000","1.00000000","Ginkgo biloba L.","2.00000000","36.00000000","공원녹지과","201531.567","201531.5672"
"20001333","중구","2-신당6동-큰-0042","02","신당6동","42.00000000","은행나무","25.00000000","5.00000000","2.00000000","삼성아파트","20","5.00000000","10.00000000","6.00000000","6","9","3.00000000","1.00000000","Ginkgo biloba L.","2.00000000","36.00000000","공원녹지과","201640.068","201640.0683"
"20001334","중구","2-신당4동-큰-0026","02","신당4동","26.00000000","양버즘나무","23.00000000","4.00000000","2.00000000","대경중고교","60","5.00000000","10.00000000","6.00000000","2","9","3.00000000","1.00000000","Platanus occidentalis L.","2.00000000","32.00000000","공원녹지과","201472.515","201472.5145"
"20001335","중구","2-신당4동-큰-0034","02","신당4동","34.00000000","양버즘나무","37.00000000","6.00000000","3.00000000","대경중고교","60","5.00000000","10.00000000","6.00000000","6","9","3.00000000","1.00000000","Platanus occidentalis L.","2.00000000","36.00000000","공원녹지과","201506.379","201506.3794"
"20001338","중구","2-중림동-큰-0063","02","중림동","63.00000000","아카시아나무","27.00000000","21.00000000","12.00000000","손기정공원","50","5.00000000","10.00000000","6.00000000","4","6","3.00000000","1.00000000","Robinia pseudacacia L.","2.00000000","31.00000000","공원녹지과","196910.071","196910.0714"
"20001339","중구","2-중림동-큰-0075","02","중림동","75.00000000","아카시아나무","31.00000000","21.00000000","10.00000000","손기정공원","50","5.00000000","10.00000000","6.00000000","4","6","3.00000000","1.00000000","Robinia pseudacacia L.","2.00000000","31.00000000","공원녹지과","196843.747","196843.7468"
"20001340","중구","2-중림동-큰-0089","02","중림동","89.00000000","양버즘나무","30.00000000","25.00000000","13.00000000","봉래초등학교","60","5.00000000","10.00000000","6.00000000","2","9","3.00000000","1.00000000","Platanus occidentalis L.","2.00000000","32.00000000","공원녹지과","196789.381","196789.3807"
"20001342","중구","2-광희동-큰-0029","02","광희동","29.00000000","호두나무","20.00000000","12.00000000","6.00000000","쌍림어린이공원","50","5.00000000","10.00000000","6.00000000","6","6","3.00000000","1.00000000","Juglans sinensis Dode","2.00000000","33.00000000","공원녹지과","200430.518","200430.5185"
"20001343","중구","2-중림동-큰-0026","02","중림동","26.00000000","은행나무","23.00000000","16.00000000","5.00000000","손기정공원","50","5.00000000","10.00000000","6.00000000","6","6","3.00000000","1.00000000","Ginkgo biloba L.","2.00000000","33.00000000","공원녹지과","197039.814","197039.8145"
"20001344","중구","2-신당1동-큰-0059","02","신당1동","59.00000000","은행나무","23.00000000","8.00000000","4.00000000","성동실업여고","60","5.00000000","10.00000000","6.00000000","6","9","3.00000000","1.00000000","Ginkgo biloba L.","2.00000000","36.00000000","공원녹지과","201132.507","201132.5065"
"20001346","중구","2-회현동-큰-0191","02","회현동","191.00000000","은행나무","20.00000000","7.00000000","5.00000000","연세빌딩","70","5.00000000","10.00000000","6.00000000","6","9","3.00000000","2.00000000","Ginkgo biloba L.","0E-8","0E-8","공원녹지과","197675.295","197675.2949"
"20001841","중구","2-장충동-큰-0164","02","장충동","164.00000000","느티나무","29.00000000","8.00000000","6.00000000","동국대학교","60","5.00000000","10.00000000","6.00000000","6","9","3.00000000","1.00000000","Zelkova serrata Makino","2.00000000","36.00000000","공원녹지과","200214.008","200214.0082"
"20001842","중구","2-명동-큰-0031","02","명동","31.00000000","소나무","20.00000000","5.00000000","3.00000000","명동성당","60","5.00000000","10.00000000","6.00000000","6","9","3.00000000","1.00000000","Pinus densiflora S et Z.","2.00000000","36.00000000","공원녹지과","198908.893","198908.8933"
"20001843","중구","2-장충동-큰-0106","02","장충동","106.00000000","아카시아나무","34.00000000","27.00000000","10.00000000","동국대학교","60","5.00000000","10.00000000","6.00000000","4","9","3.00000000","1.00000000","Robinia pseudacacia L.","2.00000000","34.00000000","공원녹지과","200113.98","200113.9796"
"20001844","중구","2-명동-큰-0045","02","명동","45.00000000","단풍나무","35.00000000","7.00000000","6.00000000","성바오로교육장","60","5.00000000","10.00000000","6.00000000","4","9","3.00000000","1.00000000","Acer palmatum Thunb.","2.00000000","34.00000000","공원녹지과","198900.411","198900.4111"
"20001847","중구","2-충무로4,5동-큰-0016","02","충무로4,5동","16.00000000","백합나무","20.00000000","6.00000000","5.00000000","중구청","60","5.00000000","10.00000000","6.00000000","2","9","3.00000000","1.00000000","Liriodendron tulipifera L.","2.00000000","32.00000000","공원녹지과","199842.944","199842.9441"
"20001848","중구","2-장충동-큰-0220","02","장충동","220.00000000","느티나무","33.00000000","6.00000000","6.00000000","장충공원","50","5.00000000","10.00000000","6.00000000","6","6","3.00000000","1.00000000","Zelkova serrata Makino","2.00000000","33.00000000","공원녹지과","200309.276","200309.2764"
"20001909","중구","2-소공동-큰-0019","02","소공동","19.00000000","느티나무","27.00000000","25.00000000","10.00000000","덕수궁","60","5.00000000","10.00000000","6.00000000","6","9","3.00000000","1.00000000","Zelkova serrata Makino","2.00000000","36.00000000","공원녹지과","197725.555","197725.5546"
"20001910","중구","2-태평로1가동-큰-0032","02","태평로1가동","32.00000000","느티나무","33.00000000","22.00000000","8.00000000","롯데호텔","30","5.00000000","10.00000000","6.00000000","6","9","3.00000000","1.00000000","Zelkova serrata Makino","2.00000000","36.00000000","공원녹지과","198367.816","198367.8159"
"20001911","중구","2-소공동-큰-0040","02","소공동","40.00000000","회화나무","40.00000000","28.00000000","5.00000000","국토관리청","60","5.00000000","10.00000000","6.00000000","6","9","3.00000000","1.00000000","Sophora japonica L.","2.00000000","36.00000000","공원녹지과","197388.726","197388.7264"
"20001912","중구","2-충무로4,5동-큰-0034","02","충무로4,5동","34.00000000","은행나무","20.00000000","14.00000000","5.00000000","중구청","60","5.00000000","10.00000000","6.00000000","6","9","3.00000000","1.00000000","Ginkgo biloba L.","2.00000000","36.00000000","공원녹지과","199800.945","199800.9455"
"20001913","중구","2-충무로4,5동-큰-0040","02","충무로4,5동","40.00000000","이태리포플러","35.00000000","7.00000000","3.00000000","샘표양조간장","40","5.00000000","10.00000000","6.00000000","2","9","3.00000000","1.00000000","Populus euramericana Guiner","2.00000000","32.00000000","공원녹지과","199797.841","199797.8409"
"20001915","중구","2-소공동-큰-0066","02","소공동","66.00000000","아카시아나무","35.00000000","29.00000000","7.00000000","창덕여중","60","5.00000000","10.00000000","6.00000000","4","9","3.00000000","1.00000000","Robinia pseudacacia L.","2.00000000","34.00000000","공원녹지과","197425.462","197425.4621"
"20001916","중구","2-소공동-큰-0075","02","소공동","75.00000000","아카시아나무","30.00000000","32.00000000","6.00000000","창덕여중","60","5.00000000","10.00000000","6.00000000","4","9","3.00000000","1.00000000","Robinia pseudacacia L.","2.00000000","34.00000000","공원녹지과","197408.219","197408.2187"
"20001917","중구","2-소공동-큰-0086","02","소공동","86.00000000","자작나무","58.00000000","25.00000000","4.00000000","창덕여중","60","15.00000000","10.00000000","6.00000000","4","9","2.00000000","1.00000000","Betula platyphylla var.","2.00000000","44.00000000","공원녹지과","197347.643","197347.6431"
"20001918","중구","2-소공동-큰-0098","02","소공동","98.00000000","은행나무","40.00000000","30.00000000","8.00000000","이화여고","60","5.00000000","10.00000000","6.00000000","6","9","3.00000000","1.00000000","Ginkgo biloba L.","2.00000000","36.00000000","공원녹지과","197219.21","197219.2103"
"20001919","중구","2-소공동-큰-0112","02","소공동","112.00000000","소나무","30.00000000","10.00000000","10.00000000","이화여고","60","5.00000000","10.00000000","6.00000000","6","9","3.00000000","1.00000000","Pinus densiflora S et Z.","2.00000000","36.00000000","공원녹지과","197252.185","197252.1847"
"20001920","중구","2-소공동-큰-0118","02","소공동","118.00000000","측백나무","22.00000000","17.00000000","7.00000000","이화여고","60","5.00000000","10.00000000","6.00000000","6","9","3.00000000","1.00000000","Thuja orientalis L.","2.00000000","36.00000000","공원녹지과","197244.59","197244.5902"
"20001922","중구","2-소공동-큰-0138","02","소공동","138.00000000","측백나무","21.00000000","19.00000000","7.00000000","이화여고","60","5.00000000","10.00000000","6.00000000","6","9","3.00000000","1.00000000","Thuja orientalis L.","2.00000000","36.00000000","공원녹지과","197324.834","197324.8341"
"20001923","중구","2-충무로4,5동-큰-0023","02","충무로4,5동","23.00000000","단풍나무","20.00000000","6.00000000","6.00000000","중구청","60","5.00000000","10.00000000","6.00000000","6","9","3.00000000","1.00000000","Acer palmatum Thunb.","2.00000000","36.00000000","공원녹지과","199832.254","199832.2538"
"20001924","중구","2-충무로4,5동-큰-0093","02","충무로4,5동","93.00000000","은행나무","25.00000000","8.00000000","6.00000000","덕수중학교","60","5.00000000","10.00000000","6.00000000","6","9","3.00000000","1.00000000","Ginkgo biloba L.","2.00000000","36.00000000","공원녹지과","199819.222","199819.222"
"20001925","중구","2-소공동-큰-0277","02","소공동","277.00000000","참나무","35.00000000","16.00000000","8.00000000","중앙일보","30","5.00000000","10.00000000","6.00000000","4","9","3.00000000","1.00000000","Quercus variabilis BL.","2.00000000","34.00000000","공원녹지과","197365.996","197365.9959"
"20001926","중구","2-남대문로5가동-큰-0004","02","남대문로5가동","4.00000000","양버즘나무","45.00000000","30.00000000","10.00000000","서울열차사무소","60","10.00000000","10.00000000","6.00000000","2","9","3.00000000","1.00000000","Platanus occidentalis L.","2.00000000","37.00000000","공원녹지과","197307.856","197307.8565"
"20002154","중구","2-신당1동-큰-0082","02","신당1동","82.00000000","회화나무","28.00000000","11.00000000","4.00000000","한양공고","60","5.00000000","10.00000000","6.00000000","6","9","3.00000000","1.00000000","Sophora japonica L.","2.00000000","36.00000000","공원녹지과","201064.26","201064.2598"
"20002156","중구","2-명동-큰-0025","02","명동","25.00000000","아카시아나무","55.00000000","15.00000000","11.00000000","계성여고","60","15.00000000","10.00000000","6.00000000","4","9","2.00000000","1.00000000","Robinia pseudacacia L.","2.00000000","44.00000000","공원녹지과","198869.192","198869.192"
"20002157","중구","2-장충동-큰-0215","02","장충동","215.00000000","양버즘나무","38.00000000","10.00000000","6.00000000","장충공원","50","5.00000000","10.00000000","6.00000000","2","6","4.00000000","1.00000000","Platanus occidentalis L.","2.00000000","29.00000000","공원녹지과","200331.534","200331.5337"
"20002158","중구","2-장충동-큰-0150","02","장충동","150.00000000","백합나무","29.00000000","8.00000000","5.00000000","동국대학교","60","5.00000000","10.00000000","6.00000000","2","9","3.00000000","1.00000000","Liriodendron tulipifera L.","2.00000000","32.00000000","공원녹지과","200121.515","200121.5146"
"20002159","중구","2-남대문로5가동-큰-0049","02","남대문로5가동","49.00000000","은행나무","24.00000000","30.00000000","5.00000000","남대문교회","60","5.00000000","10.00000000","6.00000000","6","9","3.00000000","1.00000000","Ginkgo biloba L.","2.00000000","36.00000000","공원녹지과","197755.329","197755.3291"
"20002160","중구","2-필동-큰-0004","02","필동","4.00000000","가래나무","25.00000000","26.00000000","9.00000000","숭의여대별관","60","5.00000000","10.00000000","6.00000000","6","9","3.00000000","1.00000000","Juglans mandshurica.","2.00000000","36.00000000","공원녹지과","199233.051","199233.0508"
"20002161","중구","2-광희동-큰-0096","02","광희동","96.00000000","꽃개오동","27.00000000","8.00000000","4.00000000","국립간호대학","60","5.00000000","10.00000000","6.00000000","4","9","3.00000000","1.00000000","Catapa bignonioides Water","2.00000000","34.00000000","공원녹지과","200601.915","200601.9151"
"20002162","중구","2-소공동-큰-0183","02","소공동","183.00000000","아카시아나무","29.00000000","25.00000000","10.00000000","체스프라자","60","5.00000000","10.00000000","6.00000000","4","9","3.00000000","1.00000000","Robinia pseudacacia L.","2.00000000","34.00000000","공원녹지과","197553.592","197553.5916"
"20002164","중구","2-충무로4,5동-큰-0025","02","충무로4,5동","25.00000000","느티나무","60.00000000","9.00000000","9.00000000","중구청","60","15.00000000","10.00000000","6.00000000","6","9","2.00000000","1.00000000","Zelkova serrata Makino","2.00000000","46.00000000","공원녹지과","199824.883","199824.8834"
"20002165","중구","2-장충동-큰-0083","02","장충동","83.00000000","양버즘나무","21.00000000","15.00000000","6.00000000","동국대학교","60","5.00000000","10.00000000","6.00000000","2","9","3.00000000","1.00000000","Platanus occidentalis L.","2.00000000","32.00000000","공원녹지과","200002.691","200002.6915"
"20002166","중구","2-태평로1가동-큰-0096","02","태평로1가동","96.00000000","느티나무","33.00000000","23.00000000","3.00000000","한국외환은행","30","5.00000000","10.00000000","6.00000000","6","9","3.00000000","1.00000000","Zelkova serrata Makino","2.00000000","36.00000000","공원녹지과","198416.097","198416.0974"
"20002167","중구","2-장충동-큰-0059","02","장충동","59.00000000","소나무","22.00000000","15.00000000","6.00000000","동국대학교","60","5.00000000","10.00000000","6.00000000","6","9","3.00000000","1.00000000","Pinus densiflora S et Z.","2.00000000","36.00000000","공원녹지과","200022.123","200022.1228"
"20001052","중구","2-태평로1가동-큰-0122","02","태평로1가동","122.00000000","잣나무","20.00000000","6.00000000","3.00000000","장교동 중소기업은행","30","5.00000000","10.00000000","6.00000000","4","9","3.00000000","1.00000000","Pinus koraiensis S. et Z.","2.00000000","34.00000000","공원녹지과","198821.531","198821.5306"
"20001053","중구","2-을지로3,4,5동-큰-0024","02","을지로3,4,5동","24.00000000","가이즈까향나무","25.00000000","3.00000000","3.00000000","을지로2가 영락교회","30","5.00000000","10.00000000","6.00000000","4","9","3.00000000","1.00000000","Juniperus chinensis`Kaizuka'.","2.00000000","34.00000000","공원녹지과","199068.13","199068.1303"
"20001055","중구","2-소공동-큰-0043","02","소공동","43.00000000","향나무","21.00000000","16.00000000","3.00000000","창덕여중","60","5.00000000","10.00000000","6.00000000","4","9","3.00000000","1.00000000","Juniperus chinensis L.","2.00000000","34.00000000","공원녹지과","197338.549","197338.5492"
"20001056","중구","2-충무로4,5동-큰-0052","02","충무로4,5동","52.00000000","느티나무","25.00000000","7.00000000","7.00000000","목정주차장","60","5.00000000","10.00000000","6.00000000","6","9","3.00000000","1.00000000","Zelkova serrata Makino","2.00000000","36.00000000","공원녹지과","199943.337","199943.3374"
"20001057","중구","2-소공동-큰-0077","02","소공동","77.00000000","아카시아나무","29.00000000","28.00000000","6.00000000","창덕여중","60","5.00000000","10.00000000","6.00000000","4","9","3.00000000","1.00000000","Robinia pseudacacia L.","2.00000000","34.00000000","공원녹지과","197401.496","197401.4961"
"20001059","중구","2-충무로4,5동-큰-0107","02","충무로4,5동","107.00000000","메타세콰이어","20.00000000","6.00000000","6.00000000","덕수중학교","60","5.00000000","10.00000000","6.00000000","2","9","3.00000000","1.00000000","Metasequoia glyptostroboides Hu et cheng","2.00000000","32.00000000","공원녹지과","199808.74","199808.7403"
"20001060","중구","2-남대문로5가동-큰-0012","02","남대문로5가동","12.00000000","자작나무","60.00000000","40.00000000","18.00000000","서울열차사무소","60","15.00000000","10.00000000","6.00000000","4","9","2.00000000","1.00000000","Betula platyphylla var.","2.00000000","44.00000000","공원녹지과","197325.408","197325.4077"
"20001061","중구","2-장충동-큰-0063","02","장충동","63.00000000","은행나무","33.00000000","26.00000000","7.00000000","동국대학교","60","5.00000000","10.00000000","6.00000000","6","9","3.00000000","1.00000000","Ginkgo biloba L.","2.00000000","36.00000000","공원녹지과","200009.901","200009.9008"
"20001063","중구","2-태평로1가동-큰-0002","02","태평로1가동","2.00000000","느티나무","20.00000000","20.00000000","5.00000000","롯데호텔","60","5.00000000","10.00000000","6.00000000","6","9","3.00000000","1.00000000","Zelkova serrata Makino","2.00000000","36.00000000","공원녹지과","198350.546","198350.5461"
"20001282","중구","2-장충동-큰-0151","02","장충동","151.00000000","백합나무","23.00000000","8.00000000","4.00000000","동국대학교","60","5.00000000","10.00000000","6.00000000","2","9","3.00000000","1.00000000","Liriodendron tulipifera L.","2.00000000","32.00000000","공원녹지과","200118.697","200118.6972"
"20001283","중구","2-장충동-큰-0182","02","장충동","182.00000000","회화나무","25.00000000","7.00000000","5.00000000","동국대학교","60","5.00000000","10.00000000","6.00000000","6","9","3.00000000","1.00000000","Sophora japonica L.","2.00000000","36.00000000","공원녹지과","200354.921","200354.9209"
"20001284","중구","2-회현동-큰-0134","02","회현동","134.00000000","느티나무","38.00000000","16.00000000","12.00000000","남산공원","50","5.00000000","10.00000000","6.00000000","6","6","3.00000000","1.00000000","Zelkova serrata Makino","2.00000000","33.00000000","공원녹지과","198466.471","198466.4713"
"20001286","중구","2-신당4동-큰-0002","02","신당4동","2.00000000","느릅나무","60.00000000","12.00000000","8.00000000","청구초교","60","15.00000000","10.00000000","6.00000000","4","9","2.00000000","1.00000000","Ulmus davidiana var","2.00000000","44.00000000","공원녹지과","201328.136","201328.1365"
"20001287","중구","2-신당2동-큰-0003","02","신당2동","3.00000000","향나무","20.00000000","4.00000000","3.00000000","장충여중","60","5.00000000","10.00000000","6.00000000","4","9","3.00000000","1.00000000","Juniperus chinensis L.","2.00000000","34.00000000","공원녹지과","200482.94","200482.9401"
"20001288","중구","2-신당4동-큰-0015","02","신당4동","15.00000000","소나무","20.00000000","5.00000000","1.00000000","삼성아파트","20","5.00000000","10.00000000","6.00000000","6","9","3.00000000","1.00000000","Pinus densiflora S et Z.","2.00000000","36.00000000","공원녹지과","201522.832","201522.832"
"20001290","중구","2-신당3동-큰-0009","02","신당3동","9.00000000","은행나무","23.00000000","8.00000000","1.00000000","남산타원","20","5.00000000","10.00000000","6.00000000","6","9","3.00000000","1.00000000","Ginkgo biloba L.","2.00000000","36.00000000","공원녹지과","200717.352","200717.3515"
"20001291","중구","2-회현동-큰-0147","02","회현동","147.00000000","백합나무","36.00000000","18.00000000","9.00000000","연세빌딩","70","10.00000000","10.00000000","6.00000000","2","9","3.00000000","2.00000000","Liriodendron tulipifera L.","0E-8","0E-8","공원녹지과","197728.384","197728.3838"
"20001292","중구","2-신당4동-큰-0043","02","신당4동","43.00000000","향나무","27.00000000","9.00000000","4.00000000","349-244","10","5.00000000","10.00000000","6.00000000","4","9","3.00000000","1.00000000","Juniperus chinensis L.","2.00000000","34.00000000","공원녹지과","201125.987","201125.9866"
"20001293","중구","2-장충동-큰-0341","02","장충동","341.00000000","벚나무","31.00000000","4.00000000","5.00000000","국립극장","60","5.00000000","10.00000000","6.00000000","6","9","3.00000000","1.00000000","Prunus yedoensis Matsumira.","2.00000000","36.00000000","공원녹지과","199930.152","199930.1519"
"20001295","중구","2-명동-큰-0139","02","명동","139.00000000","느티나무","21.00000000","17.00000000","8.00000000","","60","5.00000000","10.00000000","6.00000000","6","9","3.00000000","1.00000000","Zelkova serrata Makino","2.00000000","36.00000000","공원녹지과","199442.963","199442.9634"
"20001419","중구","2-을지로3,4,5동-큰-0022","02","을지로3,4,5동","22.00000000","은행나무","80.00000000","9.00000000","7.00000000","을지로3가 평화빌딩","30","15.00000000","10.00000000","6.00000000","6","9","2.00000000","1.00000000","Ginkgo biloba L.","2.00000000","46.00000000","공원녹지과","198987.248","198987.2477"
"20001420","중구","2-충무로4,5동-큰-0049","02","충무로4,5동","49.00000000","느티나무","20.00000000","7.00000000","6.00000000","목정주차장","60","5.00000000","10.00000000","6.00000000","6","9","3.00000000","1.00000000","Zelkova serrata Makino","2.00000000","36.00000000","공원녹지과","199933.026","199933.0259"
"20001347","중구","2-회현동-큰-0212","02","회현동","212.00000000","백합나무","40.00000000","6.00000000","10.00000000","연세빌딩","70","10.00000000","10.00000000","6.00000000","2","9","3.00000000","1.00000000","Liriodendron tulipifera L.","0E-8","0E-8","공원녹지과","197658.378","197658.3783"
"20001348","중구","2-소공동-큰-0031","02","소공동","31.00000000","아카시아나무","33.00000000","29.00000000","18.00000000","덕수궁","60","5.00000000","10.00000000","6.00000000","4","9","3.00000000","1.00000000","Robinia pseudacacia L.","2.00000000","34.00000000","공원녹지과","197666.675","197666.6745"
"20001349","중구","2-광희동-큰-0092","02","광희동","92.00000000","느릅나무","30.00000000","10.00000000","8.00000000","국립간호대학","60","5.00000000","10.00000000","6.00000000","6","9","3.00000000","1.00000000","Ulmus davidiana var","2.00000000","36.00000000","공원녹지과","200609.599","200609.5989"
"20001350","중구","2-장충동-큰-0146","02","장충동","146.00000000","회화나무","23.00000000","7.00000000","6.00000000","동국대학교","60","5.00000000","10.00000000","6.00000000","6","9","3.00000000","1.00000000","Sophora japonica L.","2.00000000","36.00000000","공원녹지과","200136.56","200136.56"
"20001351","중구","2-중림동-큰-0054","02","중림동","54.00000000","아카시아나무","37.00000000","25.00000000","20.00000000","손기정공원","50","5.00000000","10.00000000","6.00000000","4","6","3.00000000","1.00000000","Robinia pseudacacia L.","2.00000000","31.00000000","공원녹지과","196921.059","196921.0593"
"20001352","중구","2-소공동-큰-0215","02","소공동","215.00000000","느티나무","49.00000000","30.00000000","17.00000000","덕수궁","50","10.00000000","10.00000000","6.00000000","6","6","3.00000000","1.00000000","Zelkova serrata Makino","2.00000000","38.00000000","공원녹지과","197716.708","197716.7081"
"20001695","중구","2-신당2동-큰-0017","02","신당2동","17.00000000","주목","28.00000000","5.00000000","3.00000000","432-24","10","5.00000000","10.00000000","6.00000000","4","9","3.00000000","1.00000000","Taxus cuspidata S, et Z.","2.00000000","34.00000000","공원녹지과","200767.036","200767.0359"
"20001696","중구","2-필동-큰-0048","02","필동","48.00000000","은행나무","39.00000000","27.00000000","11.00000000","","30","5.00000000","10.00000000","6.00000000","6","9","3.00000000","1.00000000","Ginkgo biloba L.","2.00000000","36.00000000","공원녹지과","199617.475","199617.4755"
"20001697","중구","2-소공동-큰-0186","02","소공동","186.00000000","칠엽수","32.00000000","26.00000000","10.00000000","체스프라자","60","5.00000000","10.00000000","6.00000000","4","9","3.00000000","1.00000000","Aesculus turbinata BI","2.00000000","34.00000000","공원녹지과","197502.259","197502.2586"
"20001699","중구","2-장충동-큰-0370","02","장충동","370.00000000","은행나무","24.00000000","8.00000000","3.00000000","자유센터","60","5.00000000","10.00000000","6.00000000","6","9","3.00000000","1.00000000","Ginkgo biloba L.","2.00000000","36.00000000","공원녹지과","200134.821","200134.8208"
"20001700","중구","2-회현동-큰-0070","02","회현동","70.00000000","양버즘나무","22.00000000","20.00000000","6.00000000","","50","5.00000000","10.00000000","6.00000000","2","6","4.00000000","1.00000000","Platanus occidentalis L.","2.00000000","29.00000000","공원녹지과","198119.032","198119.0323"
"20001701","중구","2-장충동-큰-0339","02","장충동","339.00000000","양버즘나무","23.00000000","3.00000000","4.00000000","국립극장","60","5.00000000","10.00000000","6.00000000","6","9","3.00000000","1.00000000","Platanus occidentalis L.","2.00000000","36.00000000","공원녹지과","199982.095","199982.0947"
"20001702","중구","2-회현동-큰-0067","02","회현동","67.00000000","양버즘나무","20.00000000","16.00000000","6.00000000","","50","5.00000000","10.00000000","6.00000000","2","6","4.00000000","1.00000000","Platanus occidentalis L.","2.00000000","29.00000000","공원녹지과","198148.376","198148.3758"
"20001703","중구","2-신당1동-큰-0041","02","신당1동","41.00000000","느릅나무","31.00000000","8.00000000","6.00000000","성동기계공고","60","5.00000000","10.00000000","6.00000000","4","9","3.00000000","1.00000000","Ulmus davidiana var","2.00000000","34.00000000","공원녹지과","201514.659","201514.6593"
"20001704","중구","2-회현동-큰-0017","02","회현동","17.00000000","단풍나무","23.00000000","15.00000000","17.00000000","일신교회","60","5.00000000","10.00000000","6.00000000","4","9","3.00000000","1.00000000","Acer palmatum Thunb.","2.00000000","34.00000000","공원녹지과","198152.746","198152.7463"
"20001705","중구","2-필동-큰-0016","02","필동","16.00000000","느티나무","25.00000000","18.00000000","11.00000000","한국의집","30","5.00000000","10.00000000","6.00000000","6","9","3.00000000","1.00000000","Zelkova serrata Makino","2.00000000","36.00000000","공원녹지과","199517.145","199517.1448"
"20001707","중구","2-소공동-큰-0230","02","소공동","230.00000000","은행나무","35.00000000","25.00000000","8.00000000","조선호텔","30","5.00000000","10.00000000","6.00000000","6","9","3.00000000","1.00000000","Ginkgo biloba L.","2.00000000","36.00000000","공원녹지과","198160.805","198160.8053"
"20001708","중구","2-소공동-큰-0047","02","소공동","47.00000000","은행나무","25.00000000","18.00000000","3.00000000","창덕여중","60","5.00000000","10.00000000","6.00000000","6","9","3.00000000","1.00000000","Ginkgo biloba L.","2.00000000","36.00000000","공원녹지과","197373.918","197373.9179"
"20001709","중구","2-신당6동-큰-0066","02","신당6동","66.00000000","벚나무","27.00000000","4.00000000","3.00000000","금호여중","60","5.00000000","10.00000000","6.00000000","6","9","3.00000000","1.00000000","Prunus yedoensis Matsumira.","2.00000000","36.00000000","공원녹지과","201832.652","201832.6519"
"20001710","중구","2-광희동-큰-0018","02","광희동","18.00000000","느티나무","40.00000000","9.00000000","9.00000000","광희빌딩","30","5.00000000","10.00000000","6.00000000","6","9","3.00000000","1.00000000","Zelkova serrata Makino","2.00000000","36.00000000","공원녹지과","200493.766","200493.7661"
"20001711","중구","2-회현동-큰-0192","02","회현동","192.00000000","은행나무","20.00000000","7.00000000","5.00000000","연세빌딩","70","5.00000000","10.00000000","6.00000000","6","9","3.00000000","2.00000000","Ginkgo biloba L.","0E-8","0E-8","공원녹지과","197677.342","197677.3418"
"20001712","중구","2-중림동-큰-0066","02","중림동","66.00000000","아카시아나무","35.00000000","25.00000000","14.00000000","손기정공원","50","5.00000000","10.00000000","6.00000000","4","6","3.00000000","1.00000000","Robinia pseudacacia L.","2.00000000","31.00000000","공원녹지과","196897.539","196897.5393"
"20001713","중구","2-광희동-큰-0054","02","광희동","54.00000000","벽오동나무","25.00000000","8.00000000","6.00000000","국립의료원","10","5.00000000","10.00000000","6.00000000","4","9","3.00000000","1.00000000","Firmiana simplex W.F.Wight.","2.00000000","34.00000000","공원녹지과","200421.751","200421.7507"
"20001927","중구","2-남대문로5가동-큰-0014","02","남대문로5가동","14.00000000","은행나무","43.00000000","35.00000000","6.00000000","서울열차사무소","60","10.00000000","10.00000000","6.00000000","6","9","2.00000000","1.00000000","Ginkgo biloba L.","2.00000000","41.00000000","공원녹지과","197357.212","197357.212"
"20001930","중구","2-회현동-큰-0007","02","회현동","7.00000000","은행나무","32.00000000","25.00000000","6.00000000","","30","5.00000000","10.00000000","6.00000000","6","9","3.00000000","1.00000000","Ginkgo biloba L.","2.00000000","36.00000000","공원녹지과","198179.572","198179.5724"
"20001931","중구","2-중림동-큰-0008","02","중림동","8.00000000","느티나무","42.00000000","16.00000000","17.00000000","카톨릭중림동성당","60","10.00000000","10.00000000","6.00000000","6","9","2.00000000","1.00000000","Zelkova serrata Makino","2.00000000","41.00000000","공원녹지과","197115.362","197115.3624"
"20001928","중구","2-소공동-큰-0304","02","소공동","304.00000000","양버즘나무","45.00000000","36.00000000","17.00000000","","10","10.00000000","10.00000000","6.00000000","6","9","2.00000000","1.00000000","Platanus occidentalis L.","2.00000000","41.00000000","공원녹지과","197560.34","197560.3397"
"20001932","중구","2-회현동-큰-0060","02","회현동","60.00000000","양버즘나무","20.00000000","17.00000000","7.00000000","","50","5.00000000","10.00000000","6.00000000","2","6","4.00000000","1.00000000","Platanus occidentalis L.","2.00000000","29.00000000","공원녹지과","198168.061","198168.0608"
"20001900","중구","2-태평로1가동-큰-0067","02","태평로1가동","67.00000000","느티나무","25.00000000","17.00000000","9.00000000","롯데호텔","30","5.00000000","10.00000000","6.00000000","6","9","3.00000000","1.00000000","Zelkova serrata Makino","2.00000000","36.00000000","공원녹지과","198319.646","198319.6457"
"20001933","중구","2-필동-큰-0047","02","필동","47.00000000","아카시아나무","34.00000000","13.00000000","7.00000000","","30","5.00000000","10.00000000","6.00000000","4","9","3.00000000","1.00000000","Robinia pseudacacia L.","2.00000000","34.00000000","공원녹지과","199638.161","199638.1615"
"20001934","중구","2-필동-큰-0058","02","필동","58.00000000","은행나무","24.00000000","16.00000000","6.00000000","","10","5.00000000","10.00000000","6.00000000","6","9","3.00000000","1.00000000","Ginkgo biloba L.","2.00000000","36.00000000","공원녹지과","199773.204","199773.2041"
"20001936","중구","2-신당6동-큰-0065","02","신당6동","65.00000000","벚나무","33.00000000","5.00000000","4.00000000","금호여중","60","5.00000000","10.00000000","6.00000000","6","9","3.00000000","1.00000000","Prunus yedoensis Matsumira.","2.00000000","36.00000000","공원녹지과","201842.363","201842.3626"
"20001937","중구","2-신당2동-큰-0049","02","신당2동","49.00000000","단풍나무","24.00000000","4.00000000","5.00000000","432-1780","10","5.00000000","10.00000000","6.00000000","4","9","3.00000000","1.00000000","Acer palmatum Thunb.","2.00000000","34.00000000","공원녹지과","200564.841","200564.8409"
"20001938","중구","2-장충동-큰-0054","02","장충동","54.00000000","느티나무","32.00000000","20.00000000","8.00000000","동국대학교","60","5.00000000","10.00000000","6.00000000","6","9","3.00000000","1.00000000","Zelkova serrata Makino","2.00000000","36.00000000","공원녹지과","199998.938","199998.9383"
"20001939","중구","2-신당2동-큰-0053","02","신당2동","53.00000000","측백나무","21.00000000","6.00000000","4.00000000","432-1779","10","5.00000000","10.00000000","6.00000000","6","9","3.00000000","1.00000000","Thuja orientalis L.","2.00000000","36.00000000","공원녹지과","200551.06","200551.0599"
"20001940","중구","2-장충동-큰-0014","02","장충동","14.00000000","아카시아나무","35.00000000","25.00000000","8.00000000","동국대학교","60","5.00000000","10.00000000","6.00000000","4","9","3.00000000","1.00000000","Robinia pseudacacia L.","2.00000000","34.00000000","공원녹지과","199902.473","199902.4727"
"20001941","중구","2-장충동-큰-0021","02","장충동","21.00000000","회화나무","25.00000000","16.00000000","9.00000000","동국대학교","60","5.00000000","10.00000000","6.00000000","6","9","3.00000000","1.00000000","Sophora japonica L.","2.00000000","36.00000000","공원녹지과","199898.067","199898.0673"
"20001942","중구","2-장충동-큰-0324","02","장충동","324.00000000","피나무","27.00000000","7.00000000","7.00000000","신라호텔영빈관","30","5.00000000","10.00000000","6.00000000","4","9","3.00000000","1.00000000","Tilia amurensis Rupr","2.00000000","34.00000000","공원녹지과","200540.528","200540.5277"
"20001944","중구","2-명동-큰-0013","02","명동","13.00000000","느티나무","50.00000000","9.00000000","7.00000000","계성여고","60","10.00000000","10.00000000","6.00000000","6","9","2.00000000","1.00000000","Zelkova serrata Makino","2.00000000","41.00000000","공원녹지과","198816.739","198816.739"
"20001945","중구","2-명동-큰-0111","02","명동","111.00000000","백합나무","25.00000000","20.00000000","5.00000000","","60","5.00000000","10.00000000","6.00000000","2","9","3.00000000","1.00000000","Liriodendron tulipifera L.","2.00000000","32.00000000","공원녹지과","198857.965","198857.9645"
"20001946","중구","2-중림동-큰-0049","02","중림동","49.00000000","아카시아나무","40.00000000","30.00000000","16.00000000","손기정공원","50","5.00000000","10.00000000","6.00000000","4","6","3.00000000","1.00000000","Robinia pseudacacia L.","2.00000000","31.00000000","공원녹지과","196937.834","196937.8341"
"20001947","중구","2-소공동-큰-0246","02","소공동","246.00000000","느티나무","27.00000000","25.00000000","12.00000000","롯데호텔","30","5.00000000","10.00000000","6.00000000","6","9","3.00000000","1.00000000","Zelkova serrata Makino","2.00000000","36.00000000","공원녹지과","197926.856","197926.8558"
"20001948","중구","2-소공동-큰-0116","02","소공동","116.00000000","측백나무","21.00000000","13.00000000","4.00000000","이화여고","60","5.00000000","10.00000000","6.00000000","6","9","3.00000000","1.00000000","Thuja orientalis L.","2.00000000","36.00000000","공원녹지과","197241.667","197241.6675"
"20001949","중구","2-회현동-큰-0131","02","회현동","131.00000000","은행나무","24.00000000","17.00000000","5.00000000","한국은행부지","30","5.00000000","10.00000000","6.00000000","6","9","3.00000000","1.00000000","Ginkgo biloba L.","2.00000000","36.00000000","공원녹지과","198615.409","198615.409"
"20001950","중구","2-장충동-큰-0188","02","장충동","188.00000000","느티나무","32.00000000","5.00000000","6.00000000","장충공원","50","5.00000000","10.00000000","6.00000000","6","6","3.00000000","1.00000000","Zelkova serrata Makino","2.00000000","33.00000000","공원녹지과","200432.573","200432.5731"
"20001952","중구","2-중림동-큰-0036","02","중림동","36.00000000","아카시아나무","36.00000000","20.00000000","10.00000000","손기정공원","50","5.00000000","10.00000000","6.00000000","6","6","3.00000000","1.00000000","Robinia pseudacacia L.","2.00000000","33.00000000","공원녹지과","196986.421","196986.4213"
"20002168","중구","2-을지로3,4,5동-큰-0044","02","을지로3,4,5동","44.00000000","은행나무","20.00000000","6.00000000","6.00000000","주차장","30","5.00000000","10.00000000","6.00000000","6","9","3.00000000","1.00000000","Ginkgo biloba L.","2.00000000","36.00000000","공원녹지과","199322.35","199322.35"
"20002169","중구","2-충무로4,5동-큰-0115","02","충무로4,5동","115.00000000","가중나무","30.00000000","13.00000000","9.00000000","덕수중학교","60","5.00000000","10.00000000","6.00000000","4","9","3.00000000","1.00000000","Ailanthus altissima Swingle.","2.00000000","34.00000000","공원녹지과","199694.477","199694.4774"
"20002171","중구","2-신당1동-큰-0023","02","신당1동","23.00000000","은행나무","26.00000000","9.00000000","2.00000000","광희초등학교","60","5.00000000","10.00000000","6.00000000","6","9","3.00000000","1.00000000","Ginkgo biloba L.","2.00000000","36.00000000","공원녹지과","201396.013","201396.0126"
"20002172","중구","2-신당4동-큰-0031","02","신당4동","31.00000000","양버즘나무","31.00000000","7.00000000","4.00000000","대경중고교","60","5.00000000","10.00000000","6.00000000","2","9","3.00000000","1.00000000","Platanus occidentalis L.","2.00000000","32.00000000","공원녹지과","201503.864","201503.864"
"20002173","중구","2-신당2동-큰-0045","02","신당2동","45.00000000","양버즘나무","22.00000000","5.00000000","3.00000000","신당정맥","20","5.00000000","10.00000000","6.00000000","6","9","3.00000000","1.00000000","Platanus occidentalis L.","2.00000000","36.00000000","공원녹지과","200506.656","200506.6557"
"20002174","중구","2-중림동-큰-0092","02","중림동","92.00000000","양버즘나무","25.00000000","35.00000000","15.00000000","봉래초등학교","60","5.00000000","10.00000000","6.00000000","2","9","3.00000000","1.00000000","Platanus occidentalis L.","2.00000000","32.00000000","공원녹지과","196810.008","196810.008"
"20002175","중구","2-회현동-큰-0014","02","회현동","14.00000000","아카시아나무","25.00000000","32.00000000","10.00000000","","30","5.00000000","10.00000000","6.00000000","4","9","3.00000000","1.00000000","Robinia pseudacacia L.","2.00000000","34.00000000","공원녹지과","198288.644","198288.6439"
"20002176","중구","2-남대문로5가동-큰-0052","02","남대문로5가동","52.00000000","양버즘나무","24.00000000","17.00000000","5.00000000","남대문교회","50","5.00000000","10.00000000","6.00000000","2","6","4.00000000","1.00000000","Platanus occidentalis L.","2.00000000","29.00000000","공원녹지과","198140.849","198140.849"
"20002177","중구","2-장충동-큰-0103","02","장충동","103.00000000","아카시아나무","22.00000000","25.00000000","6.00000000","동국대학교","60","5.00000000","10.00000000","6.00000000","4","9","3.00000000","1.00000000","Robinia pseudacacia L.","2.00000000","34.00000000","공원녹지과","200099.871","200099.8711"
"20002179","중구","2-광희동-큰-0041","02","광희동","41.00000000","은행나무","30.00000000","12.00000000","6.00000000","쌍림어린이공원","50","5.00000000","10.00000000","6.00000000","6","6","3.00000000","1.00000000","Ginkgo biloba L.","2.00000000","33.00000000","공원녹지과","200461.928","200461.9279"
"20001421","중구","2-회현동-큰-0111","02","회현동","111.00000000","아카시아나무","35.00000000","20.00000000","11.00000000","회현주차장","30","5.00000000","10.00000000","6.00000000","4","9","3.00000000","1.00000000","Robinia pseudacacia L.","2.00000000","34.00000000","공원녹지과","198473.527","198473.5273"
"20001422","중구","2-회현동-큰-0120","02","회현동","120.00000000","은행나무","29.00000000","22.00000000","9.00000000","한국은행부지","30","5.00000000","10.00000000","6.00000000","6","9","3.00000000","1.00000000","Ginkgo biloba L.","2.00000000","36.00000000","공원녹지과","198492.84","198492.8395"
"20001423","중구","2-회현동-큰-0126","02","회현동","126.00000000","은행나무","43.00000000","29.00000000","10.00000000","한국은행부지","30","10.00000000","10.00000000","6.00000000","6","9","2.00000000","1.00000000","Ginkgo biloba L.","2.00000000","41.00000000","공원녹지과","198523.047","198523.047"
"20001425","중구","2-명동-큰-0072","02","명동","72.00000000","느티나무","27.00000000","17.00000000","10.00000000","숭의여대별관","60","5.00000000","10.00000000","6.00000000","6","9","3.00000000","1.00000000","Zelkova serrata Makino","2.00000000","36.00000000","공원녹지과","198777.55","198777.5499"
"20001426","중구","2-회현동-큰-0174","02","회현동","174.00000000","은행나무","26.00000000","7.00000000","6.00000000","연세빌딩","70","5.00000000","10.00000000","6.00000000","6","9","3.00000000","2.00000000","Ginkgo biloba L.","0E-8","0E-8","공원녹지과","197696.205","197696.2053"
"20001427","중구","2-신당3동-큰-0023","02","신당3동","23.00000000","은행나무","33.00000000","7.00000000","2.00000000","남산타원","20","5.00000000","10.00000000","6.00000000","6","9","3.00000000","1.00000000","Ginkgo biloba L.","2.00000000","36.00000000","공원녹지과","201025.4","201025.4004"
"20001428","중구","2-신당3동-큰-0026","02","신당3동","26.00000000","소나무","20.00000000","3.00000000","2.00000000","중구청소년수련관","60","5.00000000","10.00000000","6.00000000","6","9","3.00000000","1.00000000","Pinus densiflora S et Z.","2.00000000","36.00000000","공원녹지과","201106.693","201106.6933"
"20001429","중구","2-신당3동-큰-0035","02","신당3동","35.00000000","느티나무","25.00000000","7.00000000","6.00000000","금호터널상단","60","5.00000000","10.00000000","6.00000000","6","9","3.00000000","1.00000000","Zelkova serrata Makino","2.00000000","36.00000000","공원녹지과","201159.73","201159.7299"
"20001430","중구","2-신당3동-큰-0045","02","신당3동","45.00000000","소나무","26.00000000","4.00000000","2.00000000","남산타운","20","5.00000000","10.00000000","6.00000000","6","9","3.00000000","1.00000000","Pinus densiflora S et Z.","2.00000000","36.00000000","공원녹지과","200641.642","200641.6423"
"20001431","중구","2-회현동-큰-0143","02","회현동","143.00000000","백합나무","36.00000000","9.00000000","10.00000000","연세빌딩","70","10.00000000","10.00000000","6.00000000","2","9","3.00000000","1.00000000","Liriodendron tulipifera L.","0E-8","0E-8","공원녹지과","197738.626","197738.6264"
"20001406","중구","2-장충동-큰-0061","02","장충동","61.00000000","은행나무","35.00000000","20.00000000","9.00000000","동국대학교","60","5.00000000","10.00000000","6.00000000","6","9","3.00000000","1.00000000","Ginkgo biloba L.","2.00000000","36.00000000","공원녹지과","200031.843","200031.843"
"20001407","중구","2-소공동-큰-0232","02","소공동","232.00000000","측백나무","28.00000000","17.00000000","8.00000000","롯데호텔","30","5.00000000","10.00000000","6.00000000","6","9","3.00000000","1.00000000","Thuja orientalis L.","2.00000000","36.00000000","공원녹지과","197942.39","197942.3901"
"20001408","중구","2-신당4동-큰-0035","02","신당4동","35.00000000","양버즘나무","37.00000000","3.00000000","3.00000000","대경중고교","60","5.00000000","10.00000000","6.00000000","6","9","3.00000000","1.00000000","Platanus occidentalis L.","2.00000000","36.00000000","공원녹지과","201505.444","201505.4442"
"20001410","중구","2-회현동-큰-0170","02","회현동","170.00000000","은행나무","20.00000000","7.00000000","6.00000000","연세빌딩","70","5.00000000","10.00000000","6.00000000","6","9","3.00000000","2.00000000","Ginkgo biloba L.","0E-8","0E-8","공원녹지과","197706.228","197706.2283"
"20001411","중구","2-신당4동-큰-0051","02","신당4동","51.00000000","향나무","20.00000000","3.00000000","2.00000000","333-31","10","5.00000000","10.00000000","6.00000000","4","9","3.00000000","1.00000000","Juniperus chinensis L.","2.00000000","34.00000000","공원녹지과","201303.576","201303.5765"
"20001412","중구","2-장충동-큰-0279","02","장충동","279.00000000","아카시아나무","24.00000000","9.00000000","5.00000000","파라다이스㈜","30","5.00000000","10.00000000","6.00000000","6","9","3.00000000","1.00000000","Robinia pseudacacia L.","2.00000000","36.00000000","공원녹지과","200401.19","200401.1905"
"20001413","중구","2-황학동-큰-0006","02","황학동","6.00000000","느티나무","20.00000000","7.00000000","7.00000000","황학어린이공원","60","5.00000000","10.00000000","6.00000000","6","9","3.00000000","1.00000000","Zelkova serrata Makino","2.00000000","36.00000000","공원녹지과","201614.101","201614.1011"
"20001415","중구","2-충무로4,5동-큰-0018","02","충무로4,5동","18.00000000","백합나무","30.00000000","12.00000000","6.00000000","중구청","60","5.00000000","10.00000000","6.00000000","2","9","3.00000000","1.00000000","Liriodendron tulipifera L.","2.00000000","32.00000000","공원녹지과","199844.092","199844.0916"
"20001416","중구","2-명동-큰-0123","02","명동","123.00000000","아카시아나무","34.00000000","26.00000000","13.00000000","남산한옥마을","50","5.00000000","10.00000000","6.00000000","4","6","3.00000000","1.00000000","Robinia pseudacacia L.","2.00000000","31.00000000","공원녹지과","199346.04","199346.04"
"20001418","중구","2-태평로1가동-큰-0088","02","태평로1가동","88.00000000","느티나무","25.00000000","15.00000000","7.00000000","한국외환은행","30","5.00000000","10.00000000","6.00000000","6","9","3.00000000","1.00000000","Zelkova serrata Makino","2.00000000","36.00000000","공원녹지과","198739.244","198739.2437"
"20001479","중구","2-남대문로5가동-큰-0027","02","남대문로5가동","27.00000000","메타세콰이어","32.00000000","32.00000000","6.00000000","서울열차사무소","60","5.00000000","10.00000000","6.00000000","2","9","3.00000000","1.00000000","Metasequoia glyptostroboides Hu et cheng","2.00000000","32.00000000","공원녹지과","197331.694","197331.6944"
"20001481","중구","2-필동-큰-0091","02","필동","91.00000000","음나무","36.00000000","22.00000000","6.00000000","","60","5.00000000","10.00000000","6.00000000","4","9","3.00000000","1.00000000","Kalopanax pictus Nak.","2.00000000","34.00000000","공원녹지과","199587.111","199587.1111"
"20001482","중구","2-광희동-큰-0112","02","광희동","112.00000000","은행나무","33.00000000","8.00000000","4.00000000","한양공고","60","5.00000000","10.00000000","6.00000000","6","9","3.00000000","1.00000000","Ginkgo biloba L.","2.00000000","36.00000000","공원녹지과","200927.441","200927.441"
"20001715","중구","2-중림동-큰-0076","02","중림동","76.00000000","양버즘나무","40.00000000","35.00000000","12.00000000","손기정공원","50","5.00000000","10.00000000","6.00000000","6","6","3.00000000","1.00000000","Platanus occidentalis L.","2.00000000","33.00000000","공원녹지과","196874.194","196874.194"
"20001717","중구","2-을지로3,4,5동-큰-0046","02","을지로3,4,5동","46.00000000","단풍나무","25.00000000","7.00000000","6.00000000","덕수중학교","60","5.00000000","10.00000000","6.00000000","6","9","3.00000000","1.00000000","Acer palmatum Thunb.","2.00000000","36.00000000","공원녹지과","199779.579","199779.5788"
"20001718","중구","2-광희동-큰-0062","02","광희동","62.00000000","느티나무","30.00000000","6.00000000","7.00000000","국립의료원","60","5.00000000","10.00000000","6.00000000","6","9","3.00000000","1.00000000","Zelkova serrata Makino","2.00000000","36.00000000","공원녹지과","200499.731","200499.7314"
"20001719","중구","2-충무로4,5동-큰-0124","02","충무로4,5동","124.00000000","호두나무","25.00000000","12.00000000","7.00000000","인헌어린이공원","50","5.00000000","10.00000000","6.00000000","4","6","3.00000000","1.00000000","Juglans sinensis Dode","2.00000000","31.00000000","공원녹지과","199713.142","199713.1425"
"20001720","중구","2-회현동-큰-0002","02","회현동","2.00000000","은행나무","88.00000000","39.00000000","16.00000000","","30","15.00000000","10.00000000","6.00000000","6","9","2.00000000","1.00000000","Ginkgo biloba L.","2.00000000","46.00000000","공원녹지과","198332.232","198332.2324"
"20001721","중구","2-장충동-큰-0020","02","장충동","20.00000000","아카시아나무","31.00000000","27.00000000","8.00000000","동국대학교","60","5.00000000","10.00000000","6.00000000","4","9","3.00000000","1.00000000","Robinia pseudacacia L.","2.00000000","34.00000000","공원녹지과","199894.936","199894.9359"
"20001881","중구","2-신당1동-큰-0002","02","신당1동","2.00000000","단풍나무","22.00000000","7.00000000","5.00000000","서울제1기동대","60","5.00000000","10.00000000","6.00000000","6","9","3.00000000","1.00000000","Acer palmatum Thunb.","2.00000000","36.00000000","공원녹지과","201332.288","201332.2877"
"20001882","중구","2-신당5동-큰-0041","02","신당5동","41.00000000","벚나무","38.00000000","7.00000000","6.00000000","성동고교","60","5.00000000","10.00000000","6.00000000","4","9","3.00000000","1.00000000","Prunus yedoensis Matsumira.","2.00000000","34.00000000","공원녹지과","202058.582","202058.5822"
"20001883","중구","2-중림동-큰-0002","02","중림동","2.00000000","느티나무","29.00000000","18.00000000","20.00000000","","60","5.00000000","10.00000000","6.00000000","6","9","3.00000000","1.00000000","Zelkova serrata Makino","2.00000000","36.00000000","공원녹지과","196819.504","196819.5037"
"20001884","중구","2-충무로4,5동-큰-0086","02","충무로4,5동","86.00000000","이태리포플러","60.00000000","12.00000000","6.00000000","덕수중학교","60","15.00000000","10.00000000","6.00000000","2","9","2.00000000","1.00000000","Populus euramericana Guiner","2.00000000","42.00000000","공원녹지과","199792.733","199792.7333"
"20001885","중구","2-태평로1가동-큰-0101","02","태평로1가동","101.00000000","잣나무","25.00000000","7.00000000","4.00000000","장교동 쁘렝땅백화점","30","5.00000000","10.00000000","6.00000000","4","9","3.00000000","1.00000000","Pinus koraiensis S. et Z.","2.00000000","34.00000000","공원녹지과","198820.854","198820.8535"
"20001886","중구","2-태평로1가동-큰-0107","02","태평로1가동","107.00000000","소나무","20.00000000","3.00000000","4.00000000","장교동 쁘렝땅백화점","30","5.00000000","10.00000000","6.00000000","6","9","3.00000000","1.00000000","Pinus densiflora S et Z.","2.00000000","36.00000000","공원녹지과","198812.779","198812.7792"
"20001887","중구","2-소공동-큰-0144","02","소공동","144.00000000","측백나무","22.00000000","16.00000000","6.00000000","이화여고","60","5.00000000","10.00000000","6.00000000","6","9","3.00000000","1.00000000","Thuja orientalis L.","2.00000000","36.00000000","공원녹지과","197337.646","197337.6464"
"20001889","중구","2-소공동-큰-0165","02","소공동","165.00000000","아카시아나무","30.00000000","25.00000000","12.00000000","시립미술관","60","5.00000000","10.00000000","6.00000000","4","9","3.00000000","1.00000000","Robinia pseudacacia L.","2.00000000","34.00000000","공원녹지과","197573.954","197573.9537"
"20001890","중구","2-소공동-큰-0173","02","소공동","173.00000000","느티나무","29.00000000","22.00000000","12.00000000","체스프라자","60","5.00000000","10.00000000","6.00000000","6","9","3.00000000","1.00000000","Zelkova serrata Makino","2.00000000","36.00000000","공원녹지과","197592.824","197592.8244"
"20001891","중구","2-소공동-큰-0184","02","소공동","184.00000000","느티나무","48.00000000","17.00000000","10.00000000","체스프라자","60","10.00000000","10.00000000","6.00000000","6","9","2.00000000","1.00000000","Zelkova serrata Makino","2.00000000","41.00000000","공원녹지과","197525.805","197525.8048"
"20001892","중구","2-소공동-큰-0028","02","소공동","28.00000000","아카시아나무","36.00000000","30.00000000","17.00000000","덕수궁","60","5.00000000","10.00000000","6.00000000","4","9","3.00000000","1.00000000","Robinia pseudacacia L.","2.00000000","34.00000000","공원녹지과","197656.779","197656.7791"
"20001893","중구","2-소공동-큰-0220","02","소공동","220.00000000","느티나무","24.00000000","23.00000000","10.00000000","덕수궁","50","5.00000000","10.00000000","6.00000000","6","6","3.00000000","1.00000000","Zelkova serrata Makino","2.00000000","33.00000000","공원녹지과","197847.67","197847.6695"
"20001894","중구","2-태평로1가동-큰-0038","02","태평로1가동","38.00000000","느티나무","47.00000000","35.00000000","10.00000000","시청","60","10.00000000","10.00000000","6.00000000","6","9","2.00000000","1.00000000","Zelkova serrata Makino","2.00000000","41.00000000","공원녹지과","198059.319","198059.3186"
"20001896","중구","2-태평로1가동-큰-0084","02","태평로1가동","84.00000000","은행나무","23.00000000","18.00000000","6.00000000","한국외환은행","30","5.00000000","10.00000000","6.00000000","6","9","3.00000000","1.00000000","Ginkgo biloba L.","2.00000000","36.00000000","공원녹지과","198748.222","198748.2223"
"20001897","중구","2-소공동-큰-0034","02","소공동","34.00000000","은행나무","35.00000000","27.00000000","9.00000000","덕수궁","60","5.00000000","10.00000000","6.00000000","6","9","3.00000000","1.00000000","Ginkgo biloba L.","2.00000000","36.00000000","공원녹지과","197692.877","197692.8771"
"20001898","중구","2-태평로1가동-큰-0004","02","태평로1가동","4.00000000","소나무","21.00000000","18.00000000","2.00000000","롯데호텔","60","5.00000000","10.00000000","6.00000000","6","9","3.00000000","1.00000000","Pinus densiflora S et Z.","2.00000000","36.00000000","공원녹지과","198009.481","198009.4813"
"20001953","중구","2-신당6동-큰-0041","02","신당6동","41.00000000","은행나무","21.00000000","6.00000000","2.00000000","삼성아파트","20","5.00000000","10.00000000","6.00000000","6","9","3.00000000","1.00000000","Ginkgo biloba L.","2.00000000","36.00000000","공원녹지과","201646.067","201646.0666"
"20001954","중구","2-장충동-큰-0149","02","장충동","149.00000000","백합나무","28.00000000","8.00000000","4.00000000","동국대학교","60","5.00000000","10.00000000","6.00000000","2","9","3.00000000","1.00000000","Liriodendron tulipifera L.","2.00000000","32.00000000","공원녹지과","200124.645","200124.6448"
"20001955","중구","2-태평로1가동-큰-0001","02","태평로1가동","1.00000000","느티나무","25.00000000","20.00000000","6.00000000","롯데호텔","60","5.00000000","10.00000000","6.00000000","6","9","3.00000000","1.00000000","Zelkova serrata Makino","2.00000000","36.00000000","공원녹지과","198345.164","198345.1639"
"20001956","중구","2-태평로1가동-큰-0006","02","태평로1가동","6.00000000","소나무","20.00000000","17.00000000","1.00000000","롯데호텔","60","5.00000000","10.00000000","6.00000000","6","9","3.00000000","1.00000000","Pinus densiflora S et Z.","2.00000000","36.00000000","공원녹지과","198019.574","198019.5745"
"20001957","중구","2-소공동-큰-0002","02","소공동","2.00000000","주목","30.00000000","6.00000000","2.00000000","정동","10","5.00000000","10.00000000","6.00000000","4","9","3.00000000","1.00000000","Taxus cuspidata S, et Z.","2.00000000","34.00000000","공원녹지과","197423.791","197423.7911"
"20001958","중구","2-신당6동-큰-0055","02","신당6동","55.00000000","회화나무","20.00000000","6.00000000","3.00000000","현대아파트","20","5.00000000","10.00000000","6.00000000","6","9","3.00000000","1.00000000","Sophora japonica L.","2.00000000","36.00000000","공원녹지과","201998.791","201998.7911"
"20001960","중구","2-장충동-큰-0199","02","장충동","199.00000000","양버즘나무","30.00000000","8.00000000","7.00000000","장충공원","50","5.00000000","10.00000000","6.00000000","6","6","3.00000000","1.00000000","Platanus occidentalis L.","2.00000000","33.00000000","공원녹지과","200453.854","200453.8544"
"20001962","중구","2-을지로3,4,5동-큰-0027","02","을지로3,4,5동","27.00000000","가이즈까향나무","20.00000000","6.00000000","2.00000000","을지로2가 영락교회","30","5.00000000","10.00000000","6.00000000","4","9","3.00000000","1.00000000","Juniperus chinensis`Kaizuka'.","2.00000000","34.00000000","공원녹지과","199086.06","199086.06"
"20001963","중구","2-장충동-큰-0196","02","장충동","196.00000000","느티나무","30.00000000","6.00000000","8.00000000","장충공원","50","5.00000000","10.00000000","6.00000000","6","6","3.00000000","1.00000000","Zelkova serrata Makino","2.00000000","33.00000000","공원녹지과","200463.879","200463.8786"
"20001964","중구","2-명동-큰-0137","02","명동","137.00000000","아카시아나무","32.00000000","29.00000000","7.00000000","","60","5.00000000","10.00000000","6.00000000","4","9","3.00000000","1.00000000","Robinia pseudacacia L.","2.00000000","34.00000000","공원녹지과","199385.352","199385.3516"
"20001965","중구","2-장충동-큰-0100","02","장충동","100.00000000","느티나무","42.00000000","18.00000000","10.00000000","동국대학교","60","10.00000000","10.00000000","6.00000000","6","9","2.00000000","1.00000000","Zelkova serrata Makino","2.00000000","41.00000000","공원녹지과","200075.438","200075.438"
"20001966","중구","2-신당1동-큰-0060","02","신당1동","60.00000000","은행나무","22.00000000","8.00000000","3.00000000","성동실업여고","60","5.00000000","10.00000000","6.00000000","6","9","3.00000000","1.00000000","Ginkgo biloba L.","2.00000000","36.00000000","공원녹지과","201107.568","201107.568"
"20001967","중구","2-장충동-큰-0029","02","장충동","29.00000000","아카시아나무","25.00000000","17.00000000","9.00000000","동국대학교","60","5.00000000","10.00000000","6.00000000","4","9","3.00000000","1.00000000","Robinia pseudacacia L.","2.00000000","34.00000000","공원녹지과","199900.519","199900.519"
"20002092","중구","2-충무로4,5동-큰-0103","02","충무로4,5동","103.00000000","메타세콰이어","25.00000000","13.00000000","7.00000000","덕수중학교","60","5.00000000","10.00000000","6.00000000","2","9","3.00000000","1.00000000","Metasequoia glyptostroboides Hu et cheng","2.00000000","32.00000000","공원녹지과","199805.809","199805.8095"
"20002093","중구","2-소공동-큰-0207","02","소공동","207.00000000","상수리나무","37.00000000","38.00000000","10.00000000","덕수궁","50","5.00000000","10.00000000","6.00000000","4","6","3.00000000","1.00000000","","2.00000000","31.00000000","공원녹지과","197742.593","197742.5931"
"20002094","중구","2-남대문로5가동-큰-0042","02","남대문로5가동","42.00000000","은행나무","57.00000000","35.00000000","10.00000000","남대문교회","60","15.00000000","10.00000000","6.00000000","6","9","2.00000000","1.00000000","Ginkgo biloba L.","2.00000000","46.00000000","공원녹지과","197751.903","197751.9033"
"20002096","중구","2-장충동-큰-0130","02","장충동","130.00000000","향나무","31.00000000","6.00000000","2.00000000","동국대학교","60","5.00000000","10.00000000","6.00000000","4","9","3.00000000","1.00000000","Juniperus chinensis L.","2.00000000","34.00000000","공원녹지과","200185.774","200185.7738"
"20002097","중구","2-황학동-큰-0002","02","황학동","2.00000000","느티나무","20.00000000","6.00000000","5.00000000","황학동 755번지","60","5.00000000","10.00000000","6.00000000","6","9","3.00000000","1.00000000","Zelkova serrata Makino","2.00000000","36.00000000","공원녹지과","201594.391","201594.3914"
"20002098","중구","2-중림동-큰-0044","02","중림동","44.00000000","아카시아나무","32.00000000","20.00000000","15.00000000","손기정공원","50","5.00000000","10.00000000","6.00000000","4","6","3.00000000","1.00000000","Robinia pseudacacia L.","2.00000000","31.00000000","공원녹지과","196950.366","196950.3659"
"20002099","중구","2-회현동-큰-0038","02","회현동","38.00000000","","0E-8","0E-8","0E-8","","0","5.00000000","10.00000000","6.00000000","6","9","3.00000000","1.00000000","","2.00000000","36.00000000","공원녹지과","198258.404","198258.4044"
"20002100","중구","2-장충동-큰-0359","02","장충동","359.00000000","은행나무","32.00000000","8.00000000","5.00000000","타워호텔","30","5.00000000","10.00000000","6.00000000","6","9","3.00000000","1.00000000","Ginkgo biloba L.","2.00000000","36.00000000","공원녹지과","200254.715","200254.7147"
"20002101","중구","2-장충동-큰-0203","02","장충동","203.00000000","양버즘나무","32.00000000","8.00000000","6.00000000","장충공원","50","5.00000000","10.00000000","6.00000000","6","6","3.00000000","1.00000000","Platanus occidentalis L.","2.00000000","33.00000000","공원녹지과","200423.162","200423.1622"
"20002102","중구","2-충무로4,5동-큰-0122","02","충무로4,5동","122.00000000","은행나무","30.00000000","11.00000000","7.00000000","인헌어린이공원","50","5.00000000","10.00000000","6.00000000","6","6","3.00000000","1.00000000","Ginkgo biloba L.","2.00000000","33.00000000","공원녹지과","199723.237","199723.237"
"20001483","중구","2-회현동-큰-0112","02","회현동","112.00000000","측백나무","29.00000000","23.00000000","5.00000000","회현주차장","30","5.00000000","10.00000000","6.00000000","6","9","3.00000000","1.00000000","Thuja orientalis L.","2.00000000","36.00000000","공원녹지과","198460.991","198460.9909"
"20001484","중구","2-태평로1가동-큰-0027","02","태평로1가동","27.00000000","느티나무","31.00000000","16.00000000","6.00000000","한국제강","30","5.00000000","10.00000000","6.00000000","6","9","3.00000000","1.00000000","Zelkova serrata Makino","2.00000000","36.00000000","공원녹지과","198613.781","198613.781"
"20001485","중구","2-장충동-큰-0333","02","장충동","333.00000000","아카시아나무","36.00000000","8.00000000","6.00000000","타워호텔","30","5.00000000","10.00000000","6.00000000","4","9","3.00000000","1.00000000","Robinia pseudacacia L.","2.00000000","34.00000000","공원녹지과","200100.005","200100.0053"
"20001487","중구","2-회현동-큰-0152","02","회현동","152.00000000","백합나무","36.00000000","9.00000000","2.00000000","연세빌딩","70","10.00000000","10.00000000","6.00000000","2","9","3.00000000","1.00000000","Liriodendron tulipifera L.","0E-8","0E-8","공원녹지과","197723.207","197723.2066"
"20001488","중구","2-장충동-큰-0242","02","장충동","242.00000000","자작나무","33.00000000","8.00000000","5.00000000","충무초등학교","60","5.00000000","10.00000000","6.00000000","4","9","3.00000000","1.00000000","Betula platyphylla var.","2.00000000","34.00000000","공원녹지과","200210.238","200210.2377"
"20001489","중구","2-광희동-큰-0084","02","광희동","84.00000000","이태리포플러","27.00000000","11.00000000","8.00000000","국립간호대학","60","5.00000000","10.00000000","6.00000000","2","9","3.00000000","1.00000000","Populus euramericana Guiner","2.00000000","32.00000000","공원녹지과","200586.822","200586.8221"
"20001490","중구","2-명동-큰-0039","02","명동","39.00000000","느티나무","30.00000000","7.00000000","6.00000000","계성초등학교","60","5.00000000","10.00000000","6.00000000","6","9","3.00000000","1.00000000","Zelkova serrata Makino","2.00000000","36.00000000","공원녹지과","198935.56","198935.5604"
"20001491","중구","2-소공동-큰-0254","02","소공동","254.00000000","느티나무","38.00000000","20.00000000","14.00000000","중앙일보","30","5.00000000","10.00000000","6.00000000","6","9","3.00000000","1.00000000","Zelkova serrata Makino","2.00000000","36.00000000","공원녹지과","197407.453","197407.4525"
"20001492","중구","2-회현동-큰-0032","02","회현동","32.00000000","","0E-8","0E-8","0E-8","","0","5.00000000","10.00000000","6.00000000","6","9","3.00000000","1.00000000","","2.00000000","36.00000000","공원녹지과","198302.241","198302.2415"
"20001493","중구","2-소공동-큰-0288","02","소공동","288.00000000","느티나무","32.00000000","23.00000000","7.00000000","상공회의소","60","5.00000000","10.00000000","6.00000000","6","9","3.00000000","1.00000000","Zelkova serrata Makino","2.00000000","36.00000000","공원녹지과","197638.614","197638.6145"
"20001592","중구","2-장충동-큰-0319","02","장충동","319.00000000","소나무","23.00000000","6.00000000","3.00000000","신라호텔영빈관","30","5.00000000","10.00000000","6.00000000","6","9","3.00000000","1.00000000","Pinus densiflora S et Z.","2.00000000","36.00000000","공원녹지과","200544.471","200544.4711"
"20001593","중구","2-신당6동-큰-0074","02","신당6동","74.00000000","느티나무","38.00000000","7.00000000","6.00000000","금호여중","60","5.00000000","10.00000000","6.00000000","6","9","3.00000000","1.00000000","Zelkova serrata Makino","2.00000000","36.00000000","공원녹지과","201767.532","201767.5319"
"20001595","중구","2-장충동-큰-0085","02","장충동","85.00000000","양버즘나무","30.00000000","17.00000000","7.00000000","동국대학교","60","5.00000000","10.00000000","6.00000000","2","9","3.00000000","1.00000000","Platanus occidentalis L.","2.00000000","32.00000000","공원녹지과","199990.777","199990.777"
"20001596","중구","2-장충동-큰-0347","02","장충동","347.00000000","아카시아나무","30.00000000","7.00000000","5.00000000","타워호텔","30","5.00000000","10.00000000","6.00000000","4","9","3.00000000","1.00000000","Robinia pseudacacia L.","2.00000000","34.00000000","공원녹지과","200196.749","200196.7488"
"20001598","중구","2-장충동-큰-0367","02","장충동","367.00000000","은행나무","33.00000000","9.00000000","5.00000000","자유센터","60","5.00000000","10.00000000","6.00000000","6","9","3.00000000","1.00000000","Ginkgo biloba L.","2.00000000","36.00000000","공원녹지과","200135.984","200135.984"
"20001599","중구","2-신당3동-큰-0006","02","신당3동","6.00000000","느릅나무","22.00000000","5.00000000","4.00000000","366-258","60","5.00000000","10.00000000","6.00000000","4","9","3.00000000","1.00000000","Ulmus davidiana var","2.00000000","34.00000000","공원녹지과","200700.426","200700.4256"
"20001600","중구","2-신당3동-큰-0017","02","신당3동","17.00000000","은행나무","35.00000000","8.00000000","4.00000000","남산타원","20","5.00000000","10.00000000","6.00000000","6","9","3.00000000","1.00000000","Ginkgo biloba L.","2.00000000","36.00000000","공원녹지과","200994.353","200994.3534"
"20001601","중구","2-회현동-큰-0165","02","회현동","165.00000000","은행나무","21.00000000","7.00000000","6.00000000","연세빌딩","70","5.00000000","10.00000000","6.00000000","6","9","3.00000000","2.00000000","Ginkgo biloba L.","0E-8","0E-8","공원녹지과","197701.275","197701.275"
"20001602","중구","2-남대문로5가동-큰-0060","02","남대문로5가동","60.00000000","느티나무","20.00000000","18.00000000","8.00000000","남대문교회","50","5.00000000","10.00000000","6.00000000","6","6","3.00000000","1.00000000","Zelkova serrata Makino","2.00000000","33.00000000","공원녹지과","198167.695","198167.6952"
"20001603","중구","2-명동-큰-0080","02","명동","80.00000000","느티나무","28.00000000","25.00000000","10.00000000","숭의여대별관","60","5.00000000","10.00000000","6.00000000","6","9","3.00000000","1.00000000","Zelkova serrata Makino","2.00000000","36.00000000","공원녹지과","198809.111","198809.1106"
"20001604","중구","2-명동-큰-0095","02","명동","95.00000000","은행나무","45.00000000","24.00000000","10.00000000","숭의여대별관","60","10.00000000","10.00000000","6.00000000","6","9","2.00000000","1.00000000","Ginkgo biloba L.","2.00000000","41.00000000","공원녹지과","199021.737","199021.7374"
"20001606","중구","2-회현동-큰-0075","02","회현동","75.00000000","양버즘나무","34.00000000","21.00000000","10.00000000","","50","5.00000000","10.00000000","6.00000000","2","6","4.00000000","1.00000000","Platanus occidentalis L.","2.00000000","29.00000000","공원녹지과","198110.168","198110.1685"
"20001607","중구","2-회현동-큰-0079","02","회현동","79.00000000","느티나무","22.00000000","16.00000000","8.00000000","","50","5.00000000","10.00000000","6.00000000","6","6","3.00000000","1.00000000","Zelkova serrata Makino","2.00000000","33.00000000","공원녹지과","198128.683","198128.6826"
"20001899","중구","2-태평로1가동-큰-0059","02","태평로1가동","59.00000000","느티나무","42.00000000","18.00000000","6.00000000","롯데호텔","30","10.00000000","10.00000000","6.00000000","6","9","2.00000000","1.00000000","Zelkova serrata Makino","2.00000000","41.00000000","공원녹지과","198224.59","198224.5899"
"20001901","중구","2-소공동-큰-0239","02","소공동","239.00000000","양버즘나무","43.00000000","18.00000000","0E-8","롯데호텔","30","10.00000000","10.00000000","6.00000000","6","9","2.00000000","1.00000000","Platanus occidentalis L.","2.00000000","41.00000000","공원녹지과","197949.945","197949.9454"
"20001902","중구","2-소공동-큰-0245","02","소공동","245.00000000","느티나무","32.00000000","23.00000000","10.00000000","롯데호텔","30","5.00000000","10.00000000","6.00000000","6","9","3.00000000","1.00000000","Zelkova serrata Makino","2.00000000","36.00000000","공원녹지과","197941.432","197941.432"
"20001903","중구","2-태평로1가동-큰-0074","02","태평로1가동","74.00000000","느티나무","45.00000000","23.00000000","15.00000000","한국외환은행","30","10.00000000","10.00000000","6.00000000","6","9","2.00000000","1.00000000","Zelkova serrata Makino","2.00000000","41.00000000","공원녹지과","198631.306","198631.3062"
"20001905","중구","2-광희동-큰-0015","02","광희동","15.00000000","느티나무","20.00000000","7.00000000","6.00000000","방산동 구민회관","60","5.00000000","10.00000000","6.00000000","6","9","3.00000000","1.00000000","Zelkova serrata Makino","2.00000000","36.00000000","공원녹지과","200516.414","200516.4144"
"20001906","중구","2-태평로1가동-큰-0134","02","태평로1가동","134.00000000","느티나무","60.00000000","5.00000000","6.00000000","장교동 중소기업은행","30","15.00000000","10.00000000","6.00000000","6","9","2.00000000","1.00000000","Zelkova serrata Makino","2.00000000","46.00000000","공원녹지과","198823.988","198823.9883"
"20001169","중구","2-남대문로5가동-큰-0026","02","남대문로5가동","26.00000000","메타세콰이어","35.00000000","35.00000000","5.00000000","서울열차사무소","60","5.00000000","10.00000000","6.00000000","2","9","3.00000000","1.00000000","Metasequoia glyptostroboides Hu et cheng","2.00000000","32.00000000","공원녹지과","197324.755","197324.7546"
"20001170","중구","2-필동-큰-0059","02","필동","59.00000000","느티나무","22.00000000","12.00000000","10.00000000","","10","5.00000000","10.00000000","6.00000000","6","9","3.00000000","1.00000000","Zelkova serrata Makino","2.00000000","36.00000000","공원녹지과","199758.468","199758.4681"
"20001171","중구","2-장충동-큰-0065","02","장충동","65.00000000","측백나무","23.00000000","23.00000000","5.00000000","동국대학교","60","5.00000000","10.00000000","6.00000000","6","9","3.00000000","1.00000000","Thuja orientalis L.","2.00000000","36.00000000","공원녹지과","199998.928","199998.928"
"20001172","중구","2-장충동-큰-0016","02","장충동","16.00000000","은행나무","20.00000000","17.00000000","8.00000000","동국대학교","60","5.00000000","10.00000000","6.00000000","6","9","3.00000000","1.00000000","Ginkgo biloba L.","2.00000000","36.00000000","공원녹지과","199902.779","199902.7792"
"20001235","중구","2-회현동-큰-0102","02","회현동","102.00000000","아카시아나무","40.00000000","25.00000000","12.00000000","","50","5.00000000","10.00000000","6.00000000","4","6","3.00000000","1.00000000","Robinia pseudacacia L.","2.00000000","31.00000000","공원녹지과","198050.461","198050.4611"
"20001236","중구","2-광희동-큰-0078","02","광희동","78.00000000","양버즘나무","23.00000000","6.00000000","4.00000000","국립의료원","60","5.00000000","10.00000000","6.00000000","6","9","3.00000000","1.00000000","Platanus occidentalis L.","2.00000000","36.00000000","공원녹지과","200564.866","200564.8664"
"20001237","중구","2-장충동-큰-0144","02","장충동","144.00000000","느릅나무","25.00000000","7.00000000","6.00000000","동국대학교","60","5.00000000","10.00000000","6.00000000","4","9","3.00000000","1.00000000","Ulmus davidiana var","2.00000000","34.00000000","공원녹지과","200163.523","200163.5235"
"20001238","중구","2-필동-큰-0005","02","필동","5.00000000","아카시아나무","23.00000000","20.00000000","10.00000000","숭의여대별관","60","5.00000000","10.00000000","6.00000000","4","9","3.00000000","1.00000000","Robinia pseudacacia L.","2.00000000","34.00000000","공원녹지과","199224.032","199224.0316"
"20001239","중구","2-을지로3,4,5동-큰-0011","02","을지로3,4,5동","11.00000000","향나무","20.00000000","8.00000000","3.00000000","주교동 우래옥","30","5.00000000","10.00000000","6.00000000","4","9","3.00000000","1.00000000","Juniperus chinensis L.","2.00000000","34.00000000","공원녹지과","199901.611","199901.6115"
"20001240","중구","2-소공동-큰-0147","02","소공동","147.00000000","측백나무","22.00000000","15.00000000","5.00000000","이화여고","60","5.00000000","10.00000000","6.00000000","6","9","3.00000000","1.00000000","Thuja orientalis L.","2.00000000","36.00000000","공원녹지과","197418.811","197418.8112"
"20001242","중구","2-소공동-큰-0050","02","소공동","50.00000000","느티나무","40.00000000","30.00000000","7.00000000","창덕여중","60","5.00000000","10.00000000","6.00000000","6","9","3.00000000","1.00000000","Zelkova serrata Makino","2.00000000","36.00000000","공원녹지과","197402.11","197402.1098"
"20001243","중구","2-소공동-큰-0102","02","소공동","102.00000000","은행나무","30.00000000","25.00000000","4.00000000","이화여고","60","5.00000000","10.00000000","6.00000000","6","9","3.00000000","1.00000000","Ginkgo biloba L.","2.00000000","36.00000000","공원녹지과","197216.078","197216.0785"
"20001244","중구","2-소공동-큰-0307","02","소공동","307.00000000","은행나무","22.00000000","20.00000000","6.00000000","","30","5.00000000","10.00000000","6.00000000","6","9","3.00000000","1.00000000","Ginkgo biloba L.","2.00000000","36.00000000","공원녹지과","197552.435","197552.4348"
"20001245","중구","2-회현동-큰-0058","02","회현동","58.00000000","양버즘나무","21.00000000","15.00000000","8.00000000","","50","5.00000000","10.00000000","6.00000000","2","6","4.00000000","1.00000000","Platanus occidentalis L.","2.00000000","29.00000000","공원녹지과","198173.464","198173.4645"
"20001246","중구","2-필동-큰-0093","02","필동","93.00000000","단풍나무","27.00000000","13.00000000","9.00000000","","60","5.00000000","10.00000000","6.00000000","4","9","3.00000000","1.00000000","Acer palmatum Thunb.","2.00000000","34.00000000","공원녹지과","199659.783","199659.7826"
"20001247","중구","2-광희동-큰-0021","02","광희동","21.00000000","호두나무","30.00000000","10.00000000","6.00000000","쌍림어린이공원","50","5.00000000","10.00000000","6.00000000","4","6","3.00000000","1.00000000","Juglans sinensis Dode","2.00000000","31.00000000","공원녹지과","200468.408","200468.4085"
"20001248","중구","2-장충동-큰-0195","02","장충동","195.00000000","느티나무","49.00000000","7.00000000","7.00000000","장충공원","50","10.00000000","10.00000000","6.00000000","6","6","3.00000000","1.00000000","Zelkova serrata Makino","2.00000000","38.00000000","공원녹지과","200467.012","200467.0117"
"20002104","중구","2-광희동-큰-0012","02","광희동","12.00000000","가중나무","50.00000000","16.00000000","10.00000000","방산동 구민회관","60","10.00000000","10.00000000","6.00000000","4","9","3.00000000","1.00000000","Ailanthus altissima Swingle.","2.00000000","39.00000000","공원녹지과","200567.4","200567.4004"
"20002105","중구","2-충무로4,5동-큰-0088","02","충무로4,5동","88.00000000","이태리포플러","75.00000000","12.00000000","6.00000000","덕수중학교","60","15.00000000","10.00000000","6.00000000","2","9","2.00000000","1.00000000","Populus euramericana Guiner","2.00000000","42.00000000","공원녹지과","199807.073","199807.0734"
"20002106","중구","2-광희동-큰-0076","02","광희동","76.00000000","소나무","21.00000000","5.00000000","3.00000000","두산타워","30","5.00000000","10.00000000","6.00000000","6","9","3.00000000","1.00000000","Pinus densiflora S et Z.","2.00000000","36.00000000","공원녹지과","200817.393","200817.3931"
"20002107","중구","2-장충동-큰-0062","02","장충동","62.00000000","은행나무","38.00000000","18.00000000","10.00000000","동국대학교","60","5.00000000","10.00000000","6.00000000","6","9","3.00000000","1.00000000","Ginkgo biloba L.","2.00000000","36.00000000","공원녹지과","200036.548","200036.5481"
"20002108","중구","2-태평로1가동-큰-0080","02","태평로1가동","80.00000000","은행나무","22.00000000","20.00000000","7.00000000","한국외환은행","30","5.00000000","10.00000000","6.00000000","6","9","3.00000000","1.00000000","Ginkgo biloba L.","2.00000000","36.00000000","공원녹지과","198746.649","198746.6492"
"20002085","중구","2-신당4동-큰-0055","02","신당4동","55.00000000","향나무","27.00000000","7.00000000","4.00000000","로얄빌라","20","5.00000000","10.00000000","6.00000000","4","9","3.00000000","1.00000000","Juniperus chinensis L.","2.00000000","34.00000000","공원녹지과","201193.015","201193.015"
"20002109","중구","2-소공동-큰-0210","02","소공동","210.00000000","느티나무","40.00000000","18.00000000","10.00000000","덕수궁","50","5.00000000","10.00000000","6.00000000","6","6","3.00000000","1.00000000","Zelkova serrata Makino","2.00000000","33.00000000","공원녹지과","197712.563","197712.5634"
"20002111","중구","2-신당4동-큰-0041","02","신당4동","41.00000000","꽃개오동","26.00000000","8.00000000","6.00000000","373-21","10","5.00000000","10.00000000","6.00000000","4","9","3.00000000","1.00000000","Catapa bignonioides Water","2.00000000","34.00000000","공원녹지과","201094.96","201094.9603"
"20002112","중구","2-장충동-큰-0033","02","장충동","33.00000000","느티나무","36.00000000","24.00000000","11.00000000","동국대학교","60","5.00000000","10.00000000","6.00000000","6","9","3.00000000","1.00000000","Zelkova serrata Makino","2.00000000","36.00000000","공원녹지과","199920.873","199920.8727"
"20002114","중구","2-장충동-큰-0299","02","장충동","299.00000000","호두나무","21.00000000","7.00000000","5.00000000","","60","5.00000000","10.00000000","6.00000000","4","9","3.00000000","1.00000000","Juglans sinensis Dode","2.00000000","34.00000000","공원녹지과","200289.292","200289.2924"
"20002115","중구","2-필동-큰-0038","02","필동","38.00000000","느티나무","20.00000000","14.00000000","6.00000000","한국의집","30","5.00000000","10.00000000","6.00000000","6","9","3.00000000","1.00000000","Zelkova serrata Makino","2.00000000","36.00000000","공원녹지과","199420.588","199420.5884"
"20002116","중구","2-소공동-큰-0073","02","소공동","73.00000000","아카시아나무","30.00000000","29.00000000","6.00000000","창덕여중","60","5.00000000","10.00000000","6.00000000","4","9","3.00000000","1.00000000","Robinia pseudacacia L.","2.00000000","34.00000000","공원녹지과","197414.94","197414.94"
"20002117","중구","2-신당6동-큰-0075","02","신당6동","75.00000000","느티나무","32.00000000","7.00000000","6.00000000","금호여중","60","5.00000000","10.00000000","6.00000000","6","9","3.00000000","1.00000000","Zelkova serrata Makino","2.00000000","36.00000000","공원녹지과","201786.352","201786.3516"
"20002118","중구","2-남대문로5가동-큰-0066","02","남대문로5가동","66.00000000","느티나무","28.00000000","17.00000000","8.00000000","남대문교회","50","5.00000000","10.00000000","6.00000000","6","6","3.00000000","1.00000000","Zelkova serrata Makino","2.00000000","33.00000000","공원녹지과","198152.629","198152.6292"
"20002119","중구","2-장충동-큰-0235","02","장충동","235.00000000","자작나무","42.00000000","8.00000000","5.00000000","충무초등학교","60","10.00000000","10.00000000","6.00000000","4","9","3.00000000","1.00000000","Betula platyphylla var.","2.00000000","39.00000000","공원녹지과","200191.41","200191.41"
"20002120","중구","2-장충동-큰-0219","02","장충동","219.00000000","백합나무","32.00000000","10.00000000","6.00000000","장충공원","50","5.00000000","10.00000000","6.00000000","2","6","4.00000000","1.00000000","Liriodendron tulipifera L.","2.00000000","29.00000000","공원녹지과","200307.087","200307.0866"
"20002121","중구","2-필동-큰-0009","02","필동","9.00000000","아카시아나무","27.00000000","18.00000000","12.00000000","숭의여대별관","60","5.00000000","10.00000000","6.00000000","4","9","3.00000000","1.00000000","Robinia pseudacacia L.","2.00000000","34.00000000","공원녹지과","199032.914","199032.914"
"20002122","중구","2-소공동-큰-0148","02","소공동","148.00000000","측백나무","23.00000000","15.00000000","5.00000000","이화여고","60","5.00000000","10.00000000","6.00000000","6","9","3.00000000","1.00000000","Thuja orientalis L.","2.00000000","36.00000000","공원녹지과","197422.846","197422.8463"
"20002123","중구","2-소공동-큰-0035","02","소공동","35.00000000","느티나무","36.00000000","30.00000000","11.00000000","덕수궁","60","5.00000000","10.00000000","6.00000000","6","9","3.00000000","1.00000000","Zelkova serrata Makino","2.00000000","36.00000000","공원녹지과","197701.61","197701.6096"
"20002125","중구","2-소공동-큰-0122","02","소공동","122.00000000","은행나무","30.00000000","27.00000000","3.00000000","이화여고","60","5.00000000","10.00000000","6.00000000","6","9","3.00000000","1.00000000","Ginkgo biloba L.","2.00000000","36.00000000","공원녹지과","197233.593","197233.5927"
"20002126","중구","2-회현동-큰-0039","02","회현동","39.00000000","","0E-8","0E-8","0E-8","","0","5.00000000","10.00000000","6.00000000","6","9","3.00000000","1.00000000","","2.00000000","36.00000000","공원녹지과","198250.682","198250.6822"
"20002127","중구","2-장충동-큰-0019","02","장충동","19.00000000","아카시아나무","38.00000000","26.00000000","10.00000000","동국대학교","60","5.00000000","10.00000000","6.00000000","4","9","3.00000000","1.00000000","Robinia pseudacacia L.","2.00000000","34.00000000","공원녹지과","199900.578","199900.5784"
"20002128","중구","2-명동-큰-0015","02","명동","15.00000000","느티나무","26.00000000","6.00000000","4.00000000","계성여고","60","5.00000000","10.00000000","6.00000000","6","9","3.00000000","1.00000000","Zelkova serrata Makino","2.00000000","36.00000000","공원녹지과","198836.718","198836.7178"
"20002180","중구","2-장충동-큰-0307","02","장충동","307.00000000","소나무","27.00000000","8.00000000","4.00000000","서울중부수도사업부","60","5.00000000","10.00000000","6.00000000","6","9","3.00000000","1.00000000","Pinus densiflora S et Z.","2.00000000","36.00000000","공원녹지과","200244.605","200244.6046"
"20002145","중구","2-장충동-큰-0087","02","장충동","87.00000000","양버즘나무","20.00000000","17.00000000","7.00000000","동국대학교","60","5.00000000","10.00000000","6.00000000","2","9","3.00000000","1.00000000","Platanus occidentalis L.","2.00000000","32.00000000","공원녹지과","199986.073","199986.0734"
"20002181","중구","2-명동-큰-0071","02","명동","71.00000000","아카시아나무","28.00000000","19.00000000","10.00000000","숭의여대별관","60","5.00000000","10.00000000","6.00000000","4","9","3.00000000","1.00000000","Robinia pseudacacia L.","2.00000000","34.00000000","공원녹지과","198784.311","198784.311"
"20002183","중구","2-소공동-큰-0051","02","소공동","51.00000000","회화나무","35.00000000","27.00000000","7.00000000","창덕여중","60","5.00000000","10.00000000","6.00000000","6","9","3.00000000","1.00000000","Sophora japonica L.","2.00000000","36.00000000","공원녹지과","197395.61","197395.6096"
"20002184","중구","2-신당3동-큰-0013","02","신당3동","13.00000000","소나무","22.00000000","5.00000000","1.00000000","남산타원","20","5.00000000","10.00000000","6.00000000","6","9","3.00000000","1.00000000","Pinus densiflora S et Z.","2.00000000","36.00000000","공원녹지과","200664.135","200664.1353"
"20002185","중구","2-장충동-큰-0134","02","장충동","134.00000000","느티나무","22.00000000","6.00000000","3.00000000","동국대학교","60","5.00000000","10.00000000","6.00000000","6","9","3.00000000","1.00000000","Zelkova serrata Makino","2.00000000","36.00000000","공원녹지과","200182.32","200182.3198"
"20002186","중구","2-회현동-큰-0028","02","회현동","28.00000000","","0E-8","0E-8","0E-8","","0","5.00000000","10.00000000","6.00000000","6","9","3.00000000","1.00000000","","2.00000000","36.00000000","공원녹지과","198312.082","198312.0821"
"20002187","중구","2-충무로4,5동-큰-0015","02","충무로4,5동","15.00000000","가이즈까향나무","25.00000000","5.00000000","4.00000000","중구청","60","5.00000000","10.00000000","6.00000000","4","9","3.00000000","1.00000000","Juniperus chinensis`Kaizuka'.","2.00000000","34.00000000","공원녹지과","199834.425","199834.4252"
"20002188","중구","2-소공동-큰-0209","02","소공동","209.00000000","회화나무","62.00000000","23.00000000","12.00000000","덕수궁","50","15.00000000","10.00000000","6.00000000","6","6","2.00000000","1.00000000","Sophora japonica L.","2.00000000","43.00000000","공원녹지과","197713.677","197713.6769"
"20002189","중구","2-장충동-큰-0070","02","장충동","70.00000000","양버즘나무","23.00000000","10.00000000","5.00000000","동국대학교","60","5.00000000","10.00000000","6.00000000","2","9","3.00000000","1.00000000","Platanus occidentalis L.","2.00000000","32.00000000","공원녹지과","200053.162","200053.1623"
"20002191","중구","2-신당1동-큰-0091","02","신당1동","91.00000000","은행나무","25.00000000","10.00000000","4.00000000","한양공고","60","5.00000000","10.00000000","6.00000000","6","9","3.00000000","1.00000000","Ginkgo biloba L.","2.00000000","36.00000000","공원녹지과","200960.277","200960.2768"
"20002192","중구","2-장충동-큰-0275","02","장충동","275.00000000","회화나무","30.00000000","8.00000000","6.00000000","파라다이스㈜","30","5.00000000","10.00000000","6.00000000","6","9","3.00000000","1.00000000","Sophora japonica L.","2.00000000","36.00000000","공원녹지과","200358.027","200358.0272"
"20002193","중구","2-소공동-큰-0110","02","소공동","110.00000000","은행나무","37.00000000","35.00000000","5.00000000","이화여고","60","5.00000000","10.00000000","6.00000000","6","9","3.00000000","1.00000000","Ginkgo biloba L.","2.00000000","36.00000000","공원녹지과","197238.735","197238.7351"
"20001608","중구","2-회현동-큰-0089","02","회현동","89.00000000","느티나무","22.00000000","17.00000000","7.00000000","","50","5.00000000","10.00000000","6.00000000","6","6","3.00000000","1.00000000","Zelkova serrata Makino","2.00000000","33.00000000","공원녹지과","198162.842","198162.8418"
"20001581","중구","2-신당1동-큰-0033","02","신당1동","33.00000000","느티나무","23.00000000","4.00000000","5.00000000","무궁화회관","30","5.00000000","10.00000000","6.00000000","6","9","3.00000000","1.00000000","Zelkova serrata Makino","2.00000000","36.00000000","공원녹지과","201387.879","201387.8793"
"20001594","중구","2-장충동-큰-0077","02","장충동","77.00000000","양버즘나무","24.00000000","17.00000000","6.00000000","동국대학교","60","5.00000000","10.00000000","6.00000000","2","9","3.00000000","1.00000000","Platanus occidentalis L.","2.00000000","32.00000000","공원녹지과","200037.49","200037.49"
"20001609","중구","2-회현동-큰-0099","02","회현동","99.00000000","느티나무","22.00000000","18.00000000","10.00000000","","50","5.00000000","10.00000000","6.00000000","6","6","3.00000000","1.00000000","Zelkova serrata Makino","2.00000000","33.00000000","공원녹지과","198135.057","198135.0571"
"20001611","중구","2-장충동-큰-0273","02","장충동","273.00000000","아카시아나무","23.00000000","6.00000000","4.00000000","파라다이스㈜","30","5.00000000","10.00000000","6.00000000","4","9","3.00000000","1.00000000","Robinia pseudacacia L.","2.00000000","34.00000000","공원녹지과","200348.97","200348.9703"
"20001612","중구","2-소공동-큰-0250","02","소공동","250.00000000","느티나무","24.00000000","10.00000000","6.00000000","한국은행","30","5.00000000","10.00000000","6.00000000","6","9","3.00000000","1.00000000","Zelkova serrata Makino","2.00000000","36.00000000","공원녹지과","198165.951","198165.9513"
"20001613","중구","2-신당1동-큰-0099","02","신당1동","99.00000000","은행나무","31.00000000","7.00000000","4.00000000","한양공고","60","5.00000000","10.00000000","6.00000000","6","9","3.00000000","1.00000000","Ginkgo biloba L.","2.00000000","36.00000000","공원녹지과","201000.098","201000.0983"
"20001614","중구","2-광희동-큰-0085","02","광희동","85.00000000","이태리포플러","22.00000000","9.00000000","6.00000000","국립간호대학","60","5.00000000","10.00000000","6.00000000","2","9","3.00000000","1.00000000","Populus euramericana Guiner","2.00000000","32.00000000","공원녹지과","200585.178","200585.1779"
"20001615","중구","2-광희동-큰-0019","02","광희동","19.00000000","느티나무","25.00000000","9.00000000","8.00000000","광희빌딩","30","5.00000000","10.00000000","6.00000000","6","9","3.00000000","1.00000000","Zelkova serrata Makino","2.00000000","36.00000000","공원녹지과","200486.984","200486.984"
"20001616","중구","2-신당1동-큰-0070","02","신당1동","70.00000000","감나무","22.00000000","8.00000000","6.00000000","247-5","30","5.00000000","10.00000000","6.00000000","4","9","3.00000000","1.00000000","Diospyros kaki Thunb.","2.00000000","34.00000000","공원녹지과","201257.771","201257.7711"
"20001062","중구","2-장충동-큰-0011","02","장충동","11.00000000","은행나무","22.00000000","26.00000000","4.00000000","동국대학교","60","5.00000000","10.00000000","6.00000000","6","9","3.00000000","1.00000000","Ginkgo biloba L.","2.00000000","36.00000000","공원녹지과","199896.835","199896.8352"
"20001064","중구","2-태평로1가동-큰-0029","02","태평로1가동","29.00000000","소나무","22.00000000","19.00000000","3.00000000","롯데호텔","30","5.00000000","10.00000000","6.00000000","6","9","3.00000000","1.00000000","Pinus densiflora S et Z.","2.00000000","36.00000000","공원녹지과","198446.892","198446.892"
"20001065","중구","2-충무로4,5동-큰-0110","02","충무로4,5동","110.00000000","은행나무","25.00000000","9.00000000","6.00000000","덕수중학교","60","5.00000000","10.00000000","6.00000000","6","9","3.00000000","1.00000000","Ginkgo biloba L.","2.00000000","36.00000000","공원녹지과","199705.494","199705.4937"
"20001067","중구","2-신당3동-큰-0004","02","신당3동","4.00000000","모과나무","32.00000000","7.00000000","4.00000000","333-37","10","5.00000000","10.00000000","6.00000000","4","9","3.00000000","1.00000000","Cydonia sinensis Thouin.","2.00000000","34.00000000","공원녹지과","201062.652","201062.6524"
"20001068","중구","2-명동-큰-0042","02","명동","42.00000000","단풍나무","20.00000000","5.00000000","4.00000000","성바오로교육장","60","5.00000000","10.00000000","6.00000000","4","9","3.00000000","1.00000000","Acer palmatum Thunb.","2.00000000","34.00000000","공원녹지과","198898.605","198898.6053"
"20001069","중구","2-장충동-큰-0155","02","장충동","155.00000000","아카시아나무","35.00000000","10.00000000","6.00000000","동국대학교","60","5.00000000","10.00000000","6.00000000","4","9","3.00000000","1.00000000","Robinia pseudacacia L.","2.00000000","34.00000000","공원녹지과","200136.894","200136.8942"
"20001070","중구","2-중림동-큰-0056","02","중림동","56.00000000","아카시아나무","30.00000000","25.00000000","10.00000000","손기정공원","50","5.00000000","10.00000000","6.00000000","4","6","3.00000000","1.00000000","Robinia pseudacacia L.","2.00000000","31.00000000","공원녹지과","196932.431","196932.4307"
"20001071","중구","2-신당2동-큰-0001","02","신당2동","1.00000000","피나무","30.00000000","11.00000000","8.00000000","장충여중","60","5.00000000","10.00000000","6.00000000","4","9","3.00000000","1.00000000","","2.00000000","34.00000000","공원녹지과","200473.587","200473.5873"
"20001072","중구","2-장충동-큰-0121","02","장충동","121.00000000","은행나무","26.00000000","15.00000000","7.00000000","국립극장","60","5.00000000","10.00000000","6.00000000","6","9","3.00000000","1.00000000","Ginkgo biloba L.","2.00000000","36.00000000","공원녹지과","200073.762","200073.7616"
"20001046","중구","2-중림동-큰-0055","02","중림동","55.00000000","아카시아나무","32.00000000","27.00000000","16.00000000","손기정공원","50","5.00000000","10.00000000","6.00000000","4","6","3.00000000","1.00000000","Robinia pseudacacia L.","2.00000000","31.00000000","공원녹지과","196926.07","196926.0697"
"20001074","중구","2-중림동-큰-0093","02","중림동","93.00000000","양버즘나무","27.00000000","30.00000000","12.00000000","봉래초등학교","60","5.00000000","10.00000000","6.00000000","2","9","3.00000000","1.00000000","Platanus occidentalis L.","2.00000000","32.00000000","공원녹지과","196815.984","196815.9842"
"20001075","중구","2-광희동-큰-0004","02","광희동","4.00000000","은행나무","35.00000000","7.00000000","2.00000000","방산동공원","50","5.00000000","10.00000000","6.00000000","6","6","3.00000000","1.00000000","Ginkgo biloba L.","2.00000000","33.00000000","공원녹지과","200391.131","200391.1306"
"20001076","중구","2-을지로3,4,5동-큰-0028","02","을지로3,4,5동","28.00000000","가이즈까향나무","20.00000000","6.00000000","3.00000000","을지로2가 영락교회","30","5.00000000","10.00000000","6.00000000","4","9","3.00000000","1.00000000","Juniperus chinensis`Kaizuka'.","2.00000000","34.00000000","공원녹지과","199091.439","199091.4389"
"20001250","중구","2-소공동-큰-0161","02","소공동","161.00000000","단풍나무","36.00000000","11.00000000","12.00000000","시립미술관","60","5.00000000","10.00000000","6.00000000","4","9","3.00000000","1.00000000","Acer palmatum Thunb.","2.00000000","34.00000000","공원녹지과","197677.504","197677.5043"
"20001251","중구","2-신당1동-큰-0068","02","신당1동","68.00000000","아카시아나무","27.00000000","8.00000000","6.00000000","현대빌딩","30","5.00000000","10.00000000","6.00000000","4","9","3.00000000","1.00000000","Robinia pseudacacia L.","2.00000000","34.00000000","공원녹지과","201296.05","201296.0503"
"20001252","중구","2-필동-큰-0074","02","필동","74.00000000","느티나무","42.00000000","20.00000000","11.00000000","","60","10.00000000","10.00000000","6.00000000","6","9","2.00000000","1.00000000","Zelkova serrata Makino","2.00000000","41.00000000","공원녹지과","199437.95","199437.9498"
"20001226","중구","2-회현동-큰-0199","02","회현동","199.00000000","은행나무","21.00000000","6.00000000","6.00000000","연세빌딩","70","5.00000000","10.00000000","6.00000000","6","9","3.00000000","2.00000000","Ginkgo biloba L.","0E-8","0E-8","공원녹지과","197667.965","197667.9649"
"20001253","중구","2-신당6동-큰-0011","02","신당6동","11.00000000","모과나무","32.00000000","3.00000000","5.00000000","52-17","10","5.00000000","10.00000000","6.00000000","4","9","3.00000000","1.00000000","Cydonia sinensis Thouin.","2.00000000","34.00000000","공원녹지과","201719.138","201719.1376"
"20001254","중구","2-장충동-큰-0050","02","장충동","50.00000000","아카시아나무","21.00000000","21.00000000","7.00000000","동국대학교","60","5.00000000","10.00000000","6.00000000","4","9","3.00000000","1.00000000","Robinia pseudacacia L.","2.00000000","34.00000000","공원녹지과","199987.653","199987.653"
"20001355","중구","2-태평로1가동-큰-0124","02","태평로1가동","124.00000000","잣나무","20.00000000","6.00000000","3.00000000","장교동 중소기업은행","30","5.00000000","10.00000000","6.00000000","4","9","3.00000000","1.00000000","Pinus koraiensis S. et Z.","2.00000000","34.00000000","공원녹지과","198806.719","198806.7186"
"20001356","중구","2-신당2동-큰-0002","02","신당2동","2.00000000","은행나무","28.00000000","10.00000000","7.00000000","장충여중","60","5.00000000","10.00000000","6.00000000","6","9","3.00000000","1.00000000","Ginkgo biloba L.","2.00000000","36.00000000","공원녹지과","200480.449","200480.4494"
"20001357","중구","2-장충동-큰-0202","02","장충동","202.00000000","은행나무","50.00000000","10.00000000","6.00000000","장충공원","50","10.00000000","10.00000000","6.00000000","6","6","3.00000000","1.00000000","Ginkgo biloba L.","2.00000000","38.00000000","공원녹지과","200444.16","200444.1602"
"20001358","중구","2-회현동-큰-0182","02","회현동","182.00000000","은행나무","23.00000000","7.00000000","8.00000000","연세빌딩","70","5.00000000","10.00000000","6.00000000","6","9","3.00000000","2.00000000","Ginkgo biloba L.","0E-8","0E-8","공원녹지과","197691.03","197691.0304"
"20001360","중구","2-신당6동-큰-0007","02","신당6동","7.00000000","은행나무","27.00000000","10.00000000","6.00000000","한일교회","60","5.00000000","10.00000000","6.00000000","6","9","3.00000000","1.00000000","Ginkgo biloba L.","2.00000000","36.00000000","공원녹지과","201774.424","201774.4244"
"20001328","중구","2-남대문로5가동-큰-0044","02","남대문로5가동","44.00000000","은행나무","63.00000000","38.00000000","9.00000000","남대문교회","60","15.00000000","10.00000000","6.00000000","6","9","2.00000000","1.00000000","Ginkgo biloba L.","2.00000000","46.00000000","공원녹지과","197759.594","197759.5938"
"20001341","중구","2-충무로4,5동-큰-0133","02","충무로4,5동","133.00000000","호두나무","30.00000000","11.00000000","8.00000000","인헌어린이공원","50","5.00000000","10.00000000","6.00000000","4","6","3.00000000","1.00000000","Juglans sinensis Dode","2.00000000","31.00000000","공원녹지과","199725.891","199725.8913"
"20001354","중구","2-신당1동-큰-0076","02","신당1동","76.00000000","느티나무","35.00000000","7.00000000","6.00000000","한양공고","60","5.00000000","10.00000000","6.00000000","6","9","3.00000000","1.00000000","Zelkova serrata Makino","2.00000000","36.00000000","공원녹지과","201010.505","201010.5049"
"20001361","중구","2-명동-큰-0002","02","명동","2.00000000","가중나무","25.00000000","10.00000000","4.00000000","명동2가","30","5.00000000","10.00000000","6.00000000","4","9","3.00000000","1.00000000","Ailanthus altissima Swingle.","2.00000000","34.00000000","공원녹지과","198978.289","198978.2887"
"20001362","중구","2-회현동-큰-0027","02","회현동","27.00000000","느티나무","38.00000000","28.00000000","16.00000000","일신교회","60","5.00000000","10.00000000","6.00000000","6","9","3.00000000","1.00000000","Zelkova serrata Makino","2.00000000","36.00000000","공원녹지과","198064.892","198064.892"
"20001363","중구","2-신당5동-큰-0028","02","신당5동","28.00000000","양버즘나무","53.00000000","10.00000000","6.00000000","성동고교","60","15.00000000","10.00000000","6.00000000","2","9","2.00000000","1.00000000","Platanus occidentalis L.","2.00000000","42.00000000","공원녹지과","202104.568","202104.5676"
"20001365","중구","2-신당2동-큰-0008","02","신당2동","8.00000000","은행나무","22.00000000","8.00000000","5.00000000","장충중고교","60","5.00000000","10.00000000","6.00000000","6","9","3.00000000","1.00000000","Ginkgo biloba L.","2.00000000","36.00000000","공원녹지과","200615.654","200615.6545"
"20001366","중구","2-회현동-큰-0179","02","회현동","179.00000000","은행나무","20.00000000","7.00000000","6.00000000","연세빌딩","70","5.00000000","10.00000000","6.00000000","6","9","3.00000000","2.00000000","Ginkgo biloba L.","0E-8","0E-8","공원녹지과","197689.093","197689.0928"
"20001367","중구","2-회현동-큰-0072","02","회현동","72.00000000","느티나무","34.00000000","19.00000000","7.00000000","","50","5.00000000","10.00000000","6.00000000","6","6","3.00000000","1.00000000","Zelkova serrata Makino","2.00000000","33.00000000","공원녹지과","198108.991","198108.9914"
"20001368","중구","2-소공동-큰-0120","02","소공동","120.00000000","측백나무","27.00000000","16.00000000","8.00000000","이화여고","60","5.00000000","10.00000000","6.00000000","6","9","3.00000000","1.00000000","Thuja orientalis L.","2.00000000","36.00000000","공원녹지과","197247.512","197247.5121"
"20001369","중구","2-태평로1가동-큰-0022","02","태평로1가동","22.00000000","쪽동백","36.00000000","26.00000000","8.00000000","조흥은행","30","5.00000000","10.00000000","6.00000000","4","9","3.00000000","1.00000000","Camellia japonica L.","2.00000000","34.00000000","공원녹지과","198549.671","198549.671"
"20001370","중구","2-명동-큰-0135","02","명동","135.00000000","측백나무","27.00000000","16.00000000","8.00000000","남산공원","50","5.00000000","10.00000000","6.00000000","6","6","3.00000000","1.00000000","Thuja orientalis L.","2.00000000","33.00000000","공원녹지과","198643.854","198643.8544"
"20002129","중구","2-소공동-큰-0083","02","소공동","83.00000000","은행나무","23.00000000","18.00000000","5.00000000","창덕여중","60","5.00000000","10.00000000","6.00000000","6","9","3.00000000","1.00000000","Ginkgo biloba L.","2.00000000","36.00000000","공원녹지과","197366.957","197366.9568"
"20002130","중구","2-명동-큰-0131","02","명동","131.00000000","아카시아나무","29.00000000","25.00000000","8.00000000","남산한옥마을","50","5.00000000","10.00000000","6.00000000","4","6","3.00000000","1.00000000","Robinia pseudacacia L.","2.00000000","31.00000000","공원녹지과","199333.569","199333.5695"
"20002131","중구","2-중림동-큰-0110","02","중림동","110.00000000","은행나무","23.00000000","25.00000000","7.00000000","봉래초등학교","60","5.00000000","10.00000000","6.00000000","6","9","3.00000000","1.00000000","Ginkgo biloba L.","2.00000000","36.00000000","공원녹지과","196729.008","196729.008"
"20002133","중구","2-소공동-큰-0263","02","소공동","263.00000000","느티나무","23.00000000","15.00000000","7.00000000","중앙일보","30","5.00000000","10.00000000","6.00000000","6","9","3.00000000","1.00000000","Zelkova serrata Makino","2.00000000","36.00000000","공원녹지과","197391.641","197391.6407"
"20002134","중구","2-신당5동-큰-0001","02","신당5동","1.00000000","은행나무","33.00000000","7.00000000","3.00000000","국일빌딩","10","5.00000000","10.00000000","6.00000000","6","9","3.00000000","1.00000000","Ginkgo biloba L.","2.00000000","36.00000000","공원녹지과","201664.576","201664.5763"
"20002135","중구","2-중림동-큰-0021","02","중림동","21.00000000","은행나무","45.00000000","27.00000000","18.00000000","동경무도학원","60","10.00000000","10.00000000","6.00000000","6","9","2.00000000","1.00000000","Ginkgo biloba L.","2.00000000","41.00000000","공원녹지과","197265.035","197265.0355"
"20002136","중구","2-소공동-큰-0261","02","소공동","261.00000000","느티나무","28.00000000","23.00000000","8.00000000","중앙일보","30","5.00000000","10.00000000","6.00000000","6","9","3.00000000","1.00000000","Zelkova serrata Makino","2.00000000","36.00000000","공원녹지과","197398.004","197398.0041"
"20002137","중구","2-명동-큰-0127","02","명동","127.00000000","아카시아나무","28.00000000","24.00000000","11.00000000","남산한옥마을","50","5.00000000","10.00000000","6.00000000","4","6","3.00000000","1.00000000","Robinia pseudacacia L.","2.00000000","31.00000000","공원녹지과","199341.221","199341.2206"
"20002138","중구","2-명동-큰-0115","02","명동","115.00000000","아카시아나무","40.00000000","27.00000000","12.00000000","한국의집","30","5.00000000","10.00000000","6.00000000","4","9","3.00000000","1.00000000","Robinia pseudacacia L.","2.00000000","34.00000000","공원녹지과","199351.219","199351.2186"
"20002140","중구","2-중림동-큰-0003","02","중림동","3.00000000","느티나무","27.00000000","15.00000000","14.00000000","","60","5.00000000","10.00000000","6.00000000","6","9","3.00000000","1.00000000","Zelkova serrata Makino","2.00000000","36.00000000","공원녹지과","196786.74","196786.7401"
"20002141","중구","2-회현동-큰-0164","02","회현동","164.00000000","은행나무","20.00000000","7.00000000","5.00000000","연세빌딩","70","5.00000000","10.00000000","6.00000000","6","9","3.00000000","2.00000000","Ginkgo biloba L.","0E-8","0E-8","공원녹지과","197703.052","197703.0521"
"20002142","중구","2-신당5동-큰-0017","02","신당5동","17.00000000","양버즘나무","25.00000000","6.00000000","3.00000000","성동고교","60","5.00000000","10.00000000","6.00000000","2","9","3.00000000","1.00000000","Platanus occidentalis L.","2.00000000","32.00000000","공원녹지과","201998.627","201998.6272"
"20002144","중구","2-장충동-큰-0334","02","장충동","334.00000000","은행나무","37.00000000","8.00000000","6.00000000","타워호텔","30","5.00000000","10.00000000","6.00000000","6","9","3.00000000","1.00000000","Ginkgo biloba L.","2.00000000","36.00000000","공원녹지과","200114.363","200114.3627"
"20002146","중구","2-장충동-큰-0373","02","장충동","373.00000000","벚나무","28.00000000","7.00000000","5.00000000","자유센터","60","5.00000000","10.00000000","6.00000000","6","9","3.00000000","1.00000000","Prunus yedoensis Matsumira.","2.00000000","36.00000000","공원녹지과","200158.887","200158.8874"
"20002143","중구","2-장충동-큰-0218","02","장충동","218.00000000","양버즘나무","34.00000000","7.00000000","7.00000000","장충공원","50","5.00000000","10.00000000","6.00000000","2","6","4.00000000","1.00000000","Platanus occidentalis L.","2.00000000","29.00000000","공원녹지과","200317.116","200317.116"
"20002147","중구","2-회현동-큰-0080","02","회현동","80.00000000","느티나무","27.00000000","16.00000000","7.00000000","","50","5.00000000","10.00000000","6.00000000","6","6","3.00000000","1.00000000","Zelkova serrata Makino","2.00000000","33.00000000","공원녹지과","198142.195","198142.1954"
"20002148","중구","2-회현동-큰-0110","02","회현동","110.00000000","아카시아나무","40.00000000","20.00000000","10.00000000","회현주차장","30","5.00000000","10.00000000","6.00000000","4","9","3.00000000","1.00000000","Robinia pseudacacia L.","2.00000000","34.00000000","공원녹지과","198476.973","198476.9726"
"20002150","중구","2-신당2동-큰-0031","02","신당2동","31.00000000","은행나무","23.00000000","10.00000000","3.00000000","미래빌딩","30","5.00000000","10.00000000","6.00000000","6","9","3.00000000","1.00000000","Ginkgo biloba L.","2.00000000","36.00000000","공원녹지과","200771.787","200771.7868"
"20002151","중구","2-회현동-큰-0210","02","회현동","210.00000000","은행나무","22.00000000","6.00000000","6.00000000","연세빌딩","70","5.00000000","10.00000000","6.00000000","6","9","3.00000000","2.00000000","Ginkgo biloba L.","0E-8","0E-8","공원녹지과","197663.336","197663.3365"
"20002152","중구","2-장충동-큰-0264","02","장충동","264.00000000","회화나무","23.00000000","9.00000000","2.00000000","파라다이스㈜","30","5.00000000","10.00000000","6.00000000","6","9","3.00000000","1.00000000","Sophora japonica L.","2.00000000","36.00000000","공원녹지과","200315.796","200315.7964"
"20002153","중구","2-신당1동-큰-0106","02","신당1동","106.00000000","모과나무","20.00000000","5.00000000","3.00000000","103","10","5.00000000","10.00000000","6.00000000","4","9","3.00000000","1.00000000","Cydonia sinensis Thouin.","2.00000000","34.00000000","공원녹지과","200852.157","200852.1574"
"20001969","중구","2-회현동-큰-0129","02","회현동","129.00000000","아카시아나무","27.00000000","22.00000000","5.00000000","한국은행부지","30","5.00000000","10.00000000","6.00000000","4","9","3.00000000","1.00000000","Robinia pseudacacia L.","2.00000000","34.00000000","공원녹지과","198551.695","198551.6953"
"20001970","중구","2-소공동-큰-0196","02","소공동","196.00000000","느티나무","32.00000000","19.00000000","8.00000000","체스프라자","60","5.00000000","10.00000000","6.00000000","6","9","3.00000000","1.00000000","Zelkova serrata Makino","2.00000000","36.00000000","공원녹지과","197504.482","197504.4823"
"20002194","중구","2-광희동-큰-0050","02","광희동","50.00000000","감나무","20.00000000","6.00000000","5.00000000","을지로6가 52번지","10","5.00000000","10.00000000","6.00000000","4","9","3.00000000","1.00000000","Diospyros kaki Thunb.","2.00000000","34.00000000","공원녹지과","200427.87","200427.8697"
"20002195","중구","2-충무로4,5동-큰-0125","02","충무로4,5동","125.00000000","호두나무","30.00000000","12.00000000","7.00000000","인헌어린이공원","50","5.00000000","10.00000000","6.00000000","4","6","3.00000000","1.00000000","Juglans sinensis Dode","2.00000000","31.00000000","공원녹지과","199710.22","199710.2199"
"20002196","중구","2-광희동-큰-0048","02","광희동","48.00000000","단풍나무","20.00000000","7.00000000","6.00000000","을지로6가 52번지","10","5.00000000","10.00000000","6.00000000","4","9","3.00000000","1.00000000","Acer palmatum Thunb.","2.00000000","34.00000000","공원녹지과","200429.659","200429.6595"
"20002197","중구","2-신당1동-큰-0063","02","신당1동","63.00000000","양버즘나무","60.00000000","13.00000000","8.00000000","성동실업여고","60","15.00000000","10.00000000","6.00000000","2","9","2.00000000","1.00000000","Platanus occidentalis L.","2.00000000","42.00000000","공원녹지과","201191.859","201191.8593"
"20002199","중구","2-장충동-큰-0213","02","장충동","213.00000000","양버즘나무","32.00000000","8.00000000","5.00000000","장충공원","50","5.00000000","10.00000000","6.00000000","2","6","4.00000000","1.00000000","Platanus occidentalis L.","2.00000000","29.00000000","공원녹지과","200347.204","200347.2042"
"20002200","중구","2-태평로1가동-큰-0111","02","태평로1가동","111.00000000","소나무","20.00000000","3.00000000","4.00000000","장교동 쁘렝땅백화점","30","5.00000000","10.00000000","6.00000000","6","9","3.00000000","1.00000000","Pinus densiflora S et Z.","2.00000000","36.00000000","공원녹지과","198827.137","198827.1371"
"20002201","중구","2-필동-큰-0026","02","필동","26.00000000","느티나무","27.00000000","18.00000000","9.00000000","한국의집","30","5.00000000","10.00000000","6.00000000","6","9","3.00000000","1.00000000","Zelkova serrata Makino","2.00000000","36.00000000","공원녹지과","199510.898","199510.8981"
"20002202","중구","2-태평로1가동-큰-0091","02","태평로1가동","91.00000000","느티나무","40.00000000","20.00000000","10.00000000","한국외환은행","30","5.00000000","10.00000000","6.00000000","6","9","3.00000000","1.00000000","Zelkova serrata Makino","2.00000000","36.00000000","공원녹지과","198620.984","198620.9842"
"20002203","중구","2-필동-큰-0063","02","필동","63.00000000","은행나무","25.00000000","23.00000000","5.00000000","","30","5.00000000","10.00000000","6.00000000","6","9","3.00000000","1.00000000","Ginkgo biloba L.","2.00000000","36.00000000","공원녹지과","199683.732","199683.7322"
"20000259","중구","2-장충동-큰-0295","02","장충동","295.00000000","단풍나무","21.00000000","5.00000000","4.00000000","","60","5.00000000","10.00000000","6.00000000","6","9","3.00000000","1.00000000","Acer palmatum Thunb.","2.00000000","36.00000000","공원녹지과","200335.353","200335.353"
"20001077","중구","2-충무로4,5동-큰-0131","02","충무로4,5동","131.00000000","느티나무","30.00000000","9.00000000","7.00000000","인헌어린이공원","50","5.00000000","10.00000000","6.00000000","6","6","3.00000000","1.00000000","Zelkova serrata Makino","2.00000000","33.00000000","공원녹지과","199724.988","199724.9884"
"20001078","중구","2-중림동-큰-0108","02","중림동","108.00000000","은행나무","20.00000000","25.00000000","6.00000000","봉래초등학교","60","5.00000000","10.00000000","6.00000000","6","9","3.00000000","1.00000000","Ginkgo biloba L.","2.00000000","36.00000000","공원녹지과","196721.68","196721.68"
"20001079","중구","2-회현동-큰-0119","02","회현동","119.00000000","은행나무","30.00000000","20.00000000","8.00000000","한국은행부지","30","5.00000000","10.00000000","6.00000000","6","9","3.00000000","1.00000000","Ginkgo biloba L.","2.00000000","36.00000000","공원녹지과","198493.014","198493.0141"
"20001081","중구","2-태평로1가동-큰-0093","02","태평로1가동","93.00000000","느티나무","38.00000000","20.00000000","7.00000000","한국외환은행","30","5.00000000","10.00000000","6.00000000","6","9","3.00000000","1.00000000","Zelkova serrata Makino","2.00000000","36.00000000","공원녹지과","198408.002","198408.0023"
"20001082","중구","2-소공동-큰-0137","02","소공동","137.00000000","측백나무","20.00000000","18.00000000","5.00000000","이화여고","60","5.00000000","10.00000000","6.00000000","6","9","3.00000000","1.00000000","Thuja orientalis L.","2.00000000","36.00000000","공원녹지과","197322.362","197322.3617"
"20001083","중구","2-장충동-큰-0243","02","장충동","243.00000000","자작나무","38.00000000","7.00000000","6.00000000","충무초등학교","60","5.00000000","10.00000000","6.00000000","4","9","3.00000000","1.00000000","Betula platyphylla var.","2.00000000","34.00000000","공원녹지과","200202.404","200202.4037"
"20001084","중구","2-장충동-큰-0274","02","장충동","274.00000000","아카시아나무","34.00000000","9.00000000","5.00000000","파라다이스㈜","30","5.00000000","10.00000000","6.00000000","4","9","3.00000000","1.00000000","Robinia pseudacacia L.","2.00000000","34.00000000","공원녹지과","200346.453","200346.4532"
"20001085","중구","2-장충동-큰-0127","02","장충동","127.00000000","느티나무","22.00000000","7.00000000","4.00000000","동국대학교","60","5.00000000","10.00000000","6.00000000","6","9","3.00000000","1.00000000","Zelkova serrata Makino","2.00000000","36.00000000","공원녹지과","200195.184","200195.1837"
"20001086","중구","2-장충동-큰-0140","02","장충동","140.00000000","은행나무","21.00000000","10.00000000","4.00000000","동국대학교","60","5.00000000","10.00000000","6.00000000","6","9","3.00000000","1.00000000","Ginkgo biloba L.","2.00000000","36.00000000","공원녹지과","200151.607","200151.6066"
"20001087","중구","2-장충동-큰-0293","02","장충동","293.00000000","은행나무","36.00000000","10.00000000","5.00000000","48-3","10","5.00000000","10.00000000","6.00000000","6","9","3.00000000","1.00000000","Ginkgo biloba L.","2.00000000","36.00000000","공원녹지과","200627.205","200627.2048"
"20001432","중구","2-신당2동-큰-0023","02","신당2동","23.00000000","밤나무","20.00000000","8.00000000","6.00000000","","60","5.00000000","10.00000000","6.00000000","4","9","3.00000000","1.00000000","Castanea crenata S. et Z.","2.00000000","34.00000000","공원녹지과","200779.234","200779.2336"
"20001402","중구","2-소공동-큰-0216","02","소공동","216.00000000","느티나무","57.00000000","23.00000000","18.00000000","덕수궁","50","15.00000000","10.00000000","6.00000000","6","6","2.00000000","1.00000000","Zelkova serrata Makino","2.00000000","43.00000000","공원녹지과","197701.68","197701.6798"
"20001414","중구","2-태평로1가동-큰-0137","02","태평로1가동","137.00000000","느티나무","75.00000000","12.00000000","11.00000000","홍익인쇄사","30","15.00000000","10.00000000","6.00000000","6","9","2.00000000","1.00000000","Zelkova serrata Makino","2.00000000","46.00000000","공원녹지과","199030.938","199030.9376"
"20001435","중구","2-신당4동-큰-0042","02","신당4동","42.00000000","향나무","20.00000000","8.00000000","3.00000000","373-21","10","5.00000000","10.00000000","6.00000000","4","9","3.00000000","1.00000000","Juniperus chinensis L.","2.00000000","34.00000000","공원녹지과","201099.661","201099.6609"
"20001436","중구","2-신당4동-큰-0053","02","신당4동","53.00000000","향나무","20.00000000","7.00000000","3.00000000","333-31","10","5.00000000","10.00000000","6.00000000","4","9","3.00000000","1.00000000","Juniperus chinensis L.","2.00000000","34.00000000","공원녹지과","201300.752","201300.7518"
"20001437","중구","2-신당4동-큰-0058","02","신당4동","58.00000000","향나무","27.00000000","7.00000000","6.00000000","","10","5.00000000","10.00000000","6.00000000","4","9","3.00000000","1.00000000","Juniperus chinensis L.","2.00000000","34.00000000","공원녹지과","201193.347","201193.3475"
"20001438","중구","2-장충동-큰-0325","02","장충동","325.00000000","은행나무","24.00000000","5.00000000","2.00000000","국립극장","60","5.00000000","10.00000000","6.00000000","6","9","3.00000000","1.00000000","Ginkgo biloba L.","2.00000000","36.00000000","공원녹지과","199970.747","199970.7468"
"20001439","중구","2-장충동-큰-0345","02","장충동","345.00000000","아카시아나무","34.00000000","9.00000000","5.00000000","타워호텔","30","5.00000000","10.00000000","6.00000000","4","9","3.00000000","1.00000000","Robinia pseudacacia L.","2.00000000","34.00000000","공원녹지과","200155.232","200155.2325"
"20001440","중구","2-회현동-큰-0216","02","회현동","216.00000000","백합나무","39.00000000","25.00000000","12.00000000","연세빌딩","70","10.00000000","10.00000000","6.00000000","2","9","3.00000000","2.00000000","Liriodendron tulipifera L.","0E-8","0E-8","공원녹지과","197634.702","197634.7017"
"20001441","중구","2-만리동1가-큰-0021","02","만리동1가","10.00000000","느티나무","25.00000000","4.00000000","7.00000000","서울역","50","5.00000000","10.00000000","6.00000000","6","9","3.00000000","1.00000000","Zelkova serrata Makino","2.00000000","36.00000000","공원녹지과","197295.541","197295.5412"
"20001443","중구","2-장충동-큰-0240","02","장충동","240.00000000","자작나무","34.00000000","8.00000000","6.00000000","충무초등학교","60","5.00000000","10.00000000","6.00000000","4","9","3.00000000","1.00000000","Betula platyphylla var.","2.00000000","34.00000000","공원녹지과","200210.861","200210.8608"
"20001444","중구","2-장충동-큰-0255","02","장충동","255.00000000","은행나무","30.00000000","6.00000000","4.00000000","12-4","10","5.00000000","10.00000000","6.00000000","6","9","3.00000000","1.00000000","Ginkgo biloba L.","2.00000000","36.00000000","공원녹지과","200454.975","200454.9747"
"20001445","중구","2-장충동-큰-0266","02","장충동","266.00000000","양버즘나무","33.00000000","7.00000000","4.00000000","파라다이스㈜","30","5.00000000","10.00000000","6.00000000","2","9","3.00000000","1.00000000","Platanus occidentalis L.","2.00000000","32.00000000","공원녹지과","200343.336","200343.3364"
"20001372","중구","2-신당4동-큰-0037","02","신당4동","37.00000000","백합나무","33.00000000","6.00000000","3.00000000","대경중고교","60","5.00000000","10.00000000","6.00000000","2","9","3.00000000","1.00000000","Liriodendron tulipifera L.","2.00000000","32.00000000","공원녹지과","201503.886","201503.8862"
"20001373","중구","2-장충동-큰-0350","02","장충동","350.00000000","소나무","25.00000000","3.00000000","2.00000000","타워호텔","30","5.00000000","10.00000000","6.00000000","6","9","3.00000000","1.00000000","Pinus densiflora S et Z.","2.00000000","36.00000000","공원녹지과","200166.168","200166.1682"
"20001374","중구","2-신당3동-큰-0014","02","신당3동","14.00000000","느티나무","21.00000000","3.00000000","2.00000000","남산타원","20","5.00000000","10.00000000","6.00000000","6","9","3.00000000","1.00000000","Zelkova serrata Makino","2.00000000","36.00000000","공원녹지과","200750.229","200750.2291"
"20001375","중구","2-회현동-큰-0100","02","회현동","100.00000000","양버즘나무","25.00000000","20.00000000","6.00000000","","50","5.00000000","10.00000000","6.00000000","2","6","4.00000000","1.00000000","Platanus occidentalis L.","2.00000000","29.00000000","공원녹지과","198160.325","198160.3251"
"20001376","중구","2-명동-큰-0051","02","명동","51.00000000","측백나무","20.00000000","17.00000000","5.00000000","한국은행부지","30","5.00000000","10.00000000","6.00000000","6","9","3.00000000","1.00000000","Thuja orientalis L.","2.00000000","36.00000000","공원녹지과","198677.159","198677.1593"
"20001377","중구","2-회현동-큰-0144","02","회현동","144.00000000","백합나무","35.00000000","9.00000000","9.00000000","연세빌딩","70","10.00000000","10.00000000","6.00000000","2","9","3.00000000","1.00000000","Liriodendron tulipifera L.","0E-8","0E-8","공원녹지과","197736.149","197736.1489"
"20001722","중구","2-신당1동-큰-0124","02","신당1동","124.00000000","향나무","21.00000000","3.00000000","2.00000000","장충초교","60","5.00000000","10.00000000","6.00000000","4","9","3.00000000","1.00000000","Juniperus chinensis L.","2.00000000","34.00000000","공원녹지과","201017.222","201017.2221"
"20001724","중구","2-신당5동-큰-0010","02","신당5동","10.00000000","은행나무","21.00000000","8.00000000","3.00000000","50-21","10","5.00000000","10.00000000","6.00000000","6","9","3.00000000","1.00000000","Ginkgo biloba L.","2.00000000","36.00000000","공원녹지과","201699.025","201699.0254"
"20001725","중구","2-장충동-큰-0206","02","장충동","206.00000000","양버즘나무","36.00000000","10.00000000","6.00000000","장충공원","50","5.00000000","10.00000000","6.00000000","2","6","4.00000000","1.00000000","Platanus occidentalis L.","2.00000000","29.00000000","공원녹지과","200408.859","200408.8585"
"20001542","중구","2-소공동-큰-0060","02","소공동","60.00000000","아카시아나무","45.00000000","25.00000000","8.00000000","창덕여중","60","10.00000000","10.00000000","6.00000000","4","9","3.00000000","1.00000000","Robinia pseudacacia L.","2.00000000","39.00000000","공원녹지과","197418.274","197418.2737"
"20001543","중구","2-소공동-큰-0107","02","소공동","107.00000000","은행나무","30.00000000","29.00000000","5.00000000","이화여고","60","5.00000000","10.00000000","6.00000000","6","9","3.00000000","1.00000000","Ginkgo biloba L.","2.00000000","36.00000000","공원녹지과","197223.263","197223.2631"
"20001544","중구","2-충무로4,5동-큰-0024","02","충무로4,5동","24.00000000","모과나무","40.00000000","6.00000000","5.00000000","중구청","60","5.00000000","10.00000000","6.00000000","4","9","3.00000000","1.00000000","Cydonia sinensis Thouin.","2.00000000","34.00000000","공원녹지과","199830.024","199830.0243"
"20001545","중구","2-회현동-큰-0012","02","회현동","12.00000000","은행나무","36.00000000","27.00000000","6.00000000","","30","5.00000000","10.00000000","6.00000000","6","9","3.00000000","1.00000000","Ginkgo biloba L.","2.00000000","36.00000000","공원녹지과","198280.934","198280.9336"
"20001546","중구","2-신당6동-큰-0059","02","신당6동","59.00000000","느티나무","21.00000000","4.00000000","3.00000000","현대아파트","20","5.00000000","10.00000000","6.00000000","6","9","3.00000000","1.00000000","Zelkova serrata Makino","2.00000000","36.00000000","공원녹지과","201950.484","201950.4838"
"20001547","중구","2-장충동-큰-0257","02","장충동","257.00000000","느티나무","30.00000000","8.00000000","6.00000000","188-4","30","5.00000000","10.00000000","6.00000000","6","9","3.00000000","1.00000000","Zelkova serrata Makino","2.00000000","36.00000000","공원녹지과","200426.245","200426.2446"
"20001549","중구","2-소공동-큰-0176","02","소공동","176.00000000","목련","33.00000000","26.00000000","14.00000000","체스프라자","60","5.00000000","10.00000000","6.00000000","4","9","3.00000000","1.00000000","Magnolia kobus Dc.","2.00000000","34.00000000","공원녹지과","197575.33","197575.3303"
"20001550","중구","2-태평로1가동-큰-0028","02","태평로1가동","28.00000000","소나무","20.00000000","18.00000000","3.00000000","롯데호텔","30","5.00000000","10.00000000","6.00000000","6","9","3.00000000","1.00000000","Pinus densiflora S et Z.","2.00000000","36.00000000","공원녹지과","198446.899","198446.8989"
"20001552","중구","2-신당4동-큰-0027","02","신당4동","27.00000000","양버즘나무","32.00000000","4.00000000","1.00000000","대경중고교","60","5.00000000","10.00000000","6.00000000","2","9","3.00000000","1.00000000","Platanus occidentalis L.","2.00000000","32.00000000","공원녹지과","201513.907","201513.9066"
"20001553","중구","2-장충동-큰-0317","02","장충동","317.00000000","소나무","22.00000000","6.00000000","3.00000000","신라호텔영빈관","30","5.00000000","10.00000000","6.00000000","6","9","3.00000000","1.00000000","Pinus densiflora S et Z.","2.00000000","36.00000000","공원녹지과","200545.742","200545.742"
"20001554","중구","2-신당3동-큰-0007","02","신당3동","7.00000000","은행나무","23.00000000","8.00000000","2.00000000","남산타원","20","5.00000000","10.00000000","6.00000000","6","9","3.00000000","1.00000000","Ginkgo biloba L.","2.00000000","36.00000000","공원녹지과","200719.227","200719.2268"
"20001555","중구","2-명동-큰-0088","02","명동","88.00000000","자작나무","32.00000000","22.00000000","9.00000000","숭의여대별관","60","5.00000000","10.00000000","6.00000000","4","9","3.00000000","1.00000000","Betula platyphylla var.","2.00000000","34.00000000","공원녹지과","198986.691","198986.6914"
"20001556","중구","2-명동-큰-0075","02","명동","75.00000000","아카시아나무","30.00000000","20.00000000","9.00000000","숭의여대별관","30","5.00000000","10.00000000","6.00000000","4","9","3.00000000","1.00000000","Robinia pseudacacia L.","2.00000000","34.00000000","공원녹지과","198775.052","198775.0517"
"20001558","중구","2-만리동1가-큰-0022","02","만리동1가","11.00000000","느티나무","20.00000000","4.00000000","6.00000000","서울역","50","5.00000000","10.00000000","6.00000000","6","9","3.00000000","1.00000000","Zelkova serrata Makino","2.00000000","36.00000000","공원녹지과","197289.25","197289.2503"
"20001971","중구","2-필동-큰-0052","02","필동","52.00000000","느티나무","50.00000000","23.00000000","13.00000000","","30","10.00000000","10.00000000","6.00000000","6","9","2.00000000","1.00000000","Zelkova serrata Makino","2.00000000","41.00000000","공원녹지과","199693.578","199693.5777"
"20001973","중구","2-장충동-큰-0191","02","장충동","191.00000000","은행나무","33.00000000","8.00000000","5.00000000","장충공원","50","5.00000000","10.00000000","6.00000000","6","6","3.00000000","1.00000000","Ginkgo biloba L.","2.00000000","33.00000000","공원녹지과","200436.956","200436.9559"
"20001974","중구","2-신당4동-큰-0024","02","신당4동","24.00000000","양버즘나무","31.00000000","4.00000000","2.00000000","대경중고교","60","5.00000000","10.00000000","6.00000000","2","9","3.00000000","1.00000000","Platanus occidentalis L.","2.00000000","32.00000000","공원녹지과","201490.369","201490.3686"
"20001975","중구","2-장충동-큰-0301","02","장충동","301.00000000","은행나무","25.00000000","7.00000000","4.00000000","","60","5.00000000","10.00000000","6.00000000","6","9","3.00000000","1.00000000","Ginkgo biloba L.","2.00000000","36.00000000","공원녹지과","200296.795","200296.7952"
"20001976","중구","2-장충동-큰-0281","02","장충동","281.00000000","회화나무","38.00000000","8.00000000","6.00000000","파라다이스㈜","30","5.00000000","10.00000000","6.00000000","6","9","3.00000000","1.00000000","Sophora japonica L.","2.00000000","36.00000000","공원녹지과","200410.269","200410.2689"
"20001977","중구","2-필동-큰-0085","02","필동","85.00000000","은행나무","21.00000000","12.00000000","6.00000000","","60","5.00000000","10.00000000","6.00000000","6","9","3.00000000","1.00000000","Ginkgo biloba L.","2.00000000","36.00000000","공원녹지과","199569.874","199569.8743"
"20001978","중구","2-태평로1가동-큰-0036","02","태평로1가동","36.00000000","단풍나무","30.00000000","19.00000000","10.00000000","시청","60","5.00000000","10.00000000","6.00000000","4","9","3.00000000","1.00000000","Acer palmatum Thunb.","2.00000000","34.00000000","공원녹지과","198096.093","198096.0928"
"20001979","중구","2-소공동-큰-0009","02","소공동","9.00000000","양버즘나무","45.00000000","23.00000000","3.00000000","정동","10","10.00000000","10.00000000","6.00000000","6","9","2.00000000","1.00000000","Platanus occidentalis L.","2.00000000","41.00000000","공원녹지과","197409.225","197409.2248"
"20001981","중구","2-신당3동-큰-0028","02","신당3동","28.00000000","소나무","21.00000000","4.00000000","2.00000000","중구청소년수련관","60","5.00000000","10.00000000","6.00000000","6","9","3.00000000","1.00000000","Pinus densiflora S et Z.","2.00000000","36.00000000","공원녹지과","201111.728","201111.7278"
"20001982","중구","2-중림동-큰-0098","02","중림동","98.00000000","느티나무","38.00000000","28.00000000","12.00000000","봉래초등학교","60","5.00000000","10.00000000","6.00000000","6","9","3.00000000","1.00000000","Zelkova serrata Makino","2.00000000","36.00000000","공원녹지과","196814.252","196814.2519"
"20001983","중구","2-태평로1가동-큰-0066","02","태평로1가동","66.00000000","느티나무","30.00000000","17.00000000","9.00000000","롯데호텔","30","5.00000000","10.00000000","6.00000000","6","9","3.00000000","1.00000000","Zelkova serrata Makino","2.00000000","36.00000000","공원녹지과","198314.713","198314.7127"
"20001984","중구","2-회현동-큰-0097","02","회현동","97.00000000","양버즘나무","20.00000000","21.00000000","7.00000000","","50","5.00000000","10.00000000","6.00000000","2","6","4.00000000","1.00000000","Platanus occidentalis L.","2.00000000","29.00000000","공원녹지과","198142.578","198142.5779"
"20001985","중구","2-명동-큰-0108","02","명동","108.00000000","은행나무","25.00000000","17.00000000","9.00000000","","30","5.00000000","10.00000000","6.00000000","6","9","3.00000000","1.00000000","Ginkgo biloba L.","2.00000000","36.00000000","공원녹지과","198913.493","198913.4927"
"20001986","중구","2-소공동-큰-0268","02","소공동","268.00000000","참나무","35.00000000","18.00000000","10.00000000","중앙일보","30","5.00000000","10.00000000","6.00000000","4","9","3.00000000","1.00000000","Quercus variabilis BL.","2.00000000","34.00000000","공원녹지과","197373.517","197373.5171"
"20001987","중구","2-신당1동-큰-0120","02","신당1동","120.00000000","은행나무","27.00000000","7.00000000","3.00000000","장충초교","60","5.00000000","10.00000000","6.00000000","6","9","3.00000000","1.00000000","Ginkgo biloba L.","2.00000000","36.00000000","공원녹지과","200993.694","200993.6943"
"20001988","중구","2-명동-큰-0076","02","명동","76.00000000","아카시아나무","25.00000000","14.00000000","8.00000000","숭의여대별관","30","5.00000000","10.00000000","6.00000000","4","9","3.00000000","1.00000000","Robinia pseudacacia L.","2.00000000","34.00000000","공원녹지과","198777.489","198777.4892"
"20001989","중구","2-신당1동-큰-0005","02","신당1동","5.00000000","느티나무","25.00000000","7.00000000","6.00000000","서울제1기동대","60","5.00000000","10.00000000","6.00000000","6","9","3.00000000","1.00000000","Zelkova serrata Makino","2.00000000","36.00000000","공원녹지과","201351.44","201351.4403"
"20001991","중구","2-중림동-큰-0095","02","중림동","95.00000000","회화나무","41.00000000","26.00000000","11.00000000","봉래초등학교","60","10.00000000","10.00000000","6.00000000","6","9","2.00000000","1.00000000","Sophora japonica L.","2.00000000","41.00000000","공원녹지과","196821.577","196821.5772"
"20001992","중구","2-장충동-큰-0256","02","장충동","256.00000000","젓나무","25.00000000","7.00000000","5.00000000","188-4","30","5.00000000","10.00000000","6.00000000","6","9","3.00000000","1.00000000","Abies holophylla Max.","2.00000000","36.00000000","공원녹지과","200441.573","200441.5733"
"20001993","중구","2-신당4동-큰-0011","02","신당4동","11.00000000","느티나무","41.00000000","11.00000000","10.00000000","청구초교","60","10.00000000","10.00000000","6.00000000","6","9","2.00000000","1.00000000","Zelkova serrata Makino","2.00000000","41.00000000","공원녹지과","201291.933","201291.9334"
"20001994","중구","2-소공동-큰-0046","02","소공동","46.00000000","회화나무","72.00000000","28.00000000","10.00000000","창덕여중","60","15.00000000","10.00000000","6.00000000","6","9","2.00000000","1.00000000","Sophora japonica L.","2.00000000","46.00000000","공원녹지과","197368.538","197368.5377"
"20001995","중구","2-소공동-큰-0185","02","소공동","185.00000000","느티나무","27.00000000","20.00000000","12.00000000","체스프라자","60","5.00000000","10.00000000","6.00000000","6","9","3.00000000","1.00000000","Zelkova serrata Makino","2.00000000","36.00000000","공원녹지과","197504.283","197504.2832"
"20001996","중구","2-장충동-큰-0147","02","장충동","147.00000000","목련","30.00000000","8.00000000","7.00000000","동국대학교","60","5.00000000","10.00000000","6.00000000","4","9","3.00000000","1.00000000","Magnolia kobus Dc.","2.00000000","34.00000000","공원녹지과","200131.544","200131.5436"
"20001446","중구","2-장충동-큰-0271","02","장충동","271.00000000","아카시아나무","34.00000000","9.00000000","4.00000000","파라다이스㈜","30","5.00000000","10.00000000","6.00000000","4","9","3.00000000","1.00000000","Robinia pseudacacia L.","2.00000000","34.00000000","공원녹지과","200347.709","200347.7091"
"20001447","중구","2-장충동-큰-0122","02","장충동","122.00000000","은행나무","20.00000000","16.00000000","5.00000000","국립극장","60","5.00000000","10.00000000","6.00000000","6","9","3.00000000","1.00000000","Ginkgo biloba L.","2.00000000","36.00000000","공원녹지과","200082.83","200082.8303"
"20001448","중구","2-장충동-큰-0132","02","장충동","132.00000000","느티나무","30.00000000","6.00000000","7.00000000","동국대학교","60","5.00000000","10.00000000","6.00000000","6","9","3.00000000","1.00000000","Zelkova serrata Makino","2.00000000","36.00000000","공원녹지과","200175.736","200175.7365"
"20001449","중구","2-장충동-큰-0141","02","장충동","141.00000000","느릅나무","22.00000000","7.00000000","6.00000000","동국대학교","60","5.00000000","10.00000000","6.00000000","4","9","3.00000000","1.00000000","Ulmus davidiana var","2.00000000","34.00000000","공원녹지과","200175.118","200175.1182"
"20001451","중구","2-신당1동-큰-0104","02","신당1동","104.00000000","향나무","22.00000000","3.00000000","2.00000000","103","10","5.00000000","10.00000000","6.00000000","4","9","3.00000000","1.00000000","Juniperus chinensis L.","2.00000000","34.00000000","공원녹지과","200837.441","200837.4409"
"20001452","중구","2-신당1동-큰-0109","02","신당1동","109.00000000","향나무","26.00000000","2.00000000","2.00000000","103","10","5.00000000","10.00000000","6.00000000","4","9","3.00000000","1.00000000","Juniperus chinensis L.","2.00000000","34.00000000","공원녹지과","200845.577","200845.577"
"20001453","중구","2-신당1동-큰-0111","02","신당1동","111.00000000","향나무","22.00000000","6.00000000","3.00000000","50-2","10","5.00000000","10.00000000","6.00000000","4","9","3.00000000","1.00000000","Juniperus chinensis L.","2.00000000","34.00000000","공원녹지과","200835.914","200835.9136"
"20001454","중구","2-회현동-큰-0185","02","회현동","185.00000000","은행나무","23.00000000","7.00000000","6.00000000","연세빌딩","70","5.00000000","10.00000000","6.00000000","6","9","3.00000000","2.00000000","Ginkgo biloba L.","0E-8","0E-8","공원녹지과","197683.811","197683.8105"
"20001455","중구","2-신당1동-큰-0085","02","신당1동","85.00000000","회화나무","30.00000000","8.00000000","7.00000000","동대문운동장체육공원부지","60","5.00000000","10.00000000","6.00000000","6","9","3.00000000","1.00000000","Sophora japonica L.","2.00000000","36.00000000","공원녹지과","201043.418","201043.4177"
"20001456","중구","2-신당6동-큰-0003","02","신당6동","3.00000000","은행나무","20.00000000","4.00000000","1.00000000","142-5","30","5.00000000","10.00000000","6.00000000","6","9","3.00000000","1.00000000","Ginkgo biloba L.","2.00000000","36.00000000","공원녹지과","201874.565","201874.5651"
"20001494","중구","2-태평로1가동-큰-0082","02","태평로1가동","82.00000000","은행나무","29.00000000","22.00000000","7.00000000","한국외환은행","30","5.00000000","10.00000000","6.00000000","6","9","3.00000000","1.00000000","Ginkgo biloba L.","2.00000000","36.00000000","공원녹지과","198747.323","198747.3235"
"20001495","중구","2-태평로1가동-큰-0125","02","태평로1가동","125.00000000","잣나무","20.00000000","6.00000000","3.00000000","장교동 중소기업은행","30","5.00000000","10.00000000","6.00000000","4","9","3.00000000","1.00000000","Pinus koraiensis S. et Z.","2.00000000","34.00000000","공원녹지과","198829.828","198829.8279"
"20001496","중구","2-소공동-큰-0044","02","소공동","44.00000000","잣나무","24.00000000","10.00000000","3.00000000","창덕여중","60","5.00000000","10.00000000","6.00000000","4","9","3.00000000","1.00000000","Pinus koraiensis S. et Z.","2.00000000","34.00000000","공원녹지과","197312.123","197312.1233"
"20001497","중구","2-소공동-큰-0132","02","소공동","132.00000000","소나무","20.00000000","10.00000000","6.00000000","이화여고","60","5.00000000","10.00000000","6.00000000","6","9","3.00000000","1.00000000","Pinus densiflora S et Z.","2.00000000","36.00000000","공원녹지과","197315.629","197315.6294"
"20001498","중구","2-소공동-큰-0310","02","소공동","310.00000000","느티나무","36.00000000","23.00000000","7.00000000","","50","5.00000000","10.00000000","6.00000000","6","6","3.00000000","1.00000000","Zelkova serrata Makino","2.00000000","33.00000000","공원녹지과","197474.931","197474.9312"
"20001500","중구","2-충무로4,5동-큰-0141","02","충무로4,5동","141.00000000","아카시아나무","26.00000000","18.00000000","9.00000000","","60","5.00000000","10.00000000","6.00000000","4","9","3.00000000","1.00000000","Robinia pseudacacia L.","2.00000000","34.00000000","공원녹지과","199894.867","199894.8668"
"20001501","중구","2-장충동-큰-0066","02","장충동","66.00000000","백합나무","35.00000000","25.00000000","8.00000000","동국대학교","60","5.00000000","10.00000000","6.00000000","2","9","3.00000000","1.00000000","Liriodendron tulipifera L.","2.00000000","32.00000000","공원녹지과","199984.503","199984.5031"
"20001502","중구","2-신당2동-큰-0059","02","신당2동","59.00000000","회화나무","21.00000000","8.00000000","5.00000000","신당성결교회","60","5.00000000","10.00000000","6.00000000","6","9","3.00000000","1.00000000","Sophora japonica L.","2.00000000","36.00000000","공원녹지과","200639.408","200639.4078"
"20001503","중구","2-소공동-큰-0266","02","소공동","266.00000000","느티나무","24.00000000","18.00000000","9.00000000","중앙일보","30","5.00000000","10.00000000","6.00000000","6","9","3.00000000","1.00000000","Zelkova serrata Makino","2.00000000","36.00000000","공원녹지과","197368.117","197368.1172"
"20001504","중구","2-신당5동-큰-0029","02","신당5동","29.00000000","양버즘나무","26.00000000","7.00000000","3.00000000","성동고교","60","5.00000000","10.00000000","6.00000000","2","9","3.00000000","1.00000000","Platanus occidentalis L.","2.00000000","32.00000000","공원녹지과","202103.411","202103.4105"
"20001506","중구","2-태평로1가동-큰-0070","02","태평로1가동","70.00000000","느티나무","30.00000000","19.00000000","9.00000000","롯데호텔","30","5.00000000","10.00000000","6.00000000","6","9","3.00000000","1.00000000","Zelkova serrata Makino","2.00000000","36.00000000","공원녹지과","198338.032","198338.0323"
"20001507","중구","2-신당6동-큰-0021","02","신당6동","21.00000000","은행나무","32.00000000","10.00000000","5.00000000","청구초교","60","5.00000000","10.00000000","6.00000000","6","9","3.00000000","1.00000000","Ginkgo biloba L.","2.00000000","36.00000000","공원녹지과","201239.483","201239.4827"
"20001508","중구","2-신당4동-큰-0047","02","신당4동","47.00000000","소나무","20.00000000","6.00000000","3.00000000","신일교회","60","5.00000000","10.00000000","6.00000000","6","9","3.00000000","1.00000000","Pinus densiflora S et Z.","2.00000000","36.00000000","공원녹지과","201060.169","201060.1694"
"20001559","중구","2-장충동-큰-0289","02","장충동","289.00000000","벚나무","30.00000000","8.00000000","5.00000000","라임카운티","20","5.00000000","10.00000000","6.00000000","6","9","3.00000000","1.00000000","Prunus yedoensis Matsumira.","2.00000000","36.00000000","공원녹지과","200604.973","200604.9733"
"20001560","중구","2-신당1동-큰-0027","02","신당1동","27.00000000","은행나무","22.00000000","9.00000000","2.00000000","광희초등학교","60","5.00000000","10.00000000","6.00000000","6","9","3.00000000","1.00000000","Ginkgo biloba L.","2.00000000","36.00000000","공원녹지과","201396.353","201396.3527"
"20001561","중구","2-신당5동-큰-0014","02","신당5동","14.00000000","느티나무","27.00000000","7.00000000","7.00000000","성동고교","60","5.00000000","10.00000000","6.00000000","6","9","3.00000000","1.00000000","Zelkova serrata Makino","2.00000000","36.00000000","공원녹지과","201986.258","201986.2583"
"20001562","중구","2-중림동-큰-0046","02","중림동","46.00000000","아카시아나무","36.00000000","26.00000000","19.00000000","손기정공원","50","5.00000000","10.00000000","6.00000000","4","6","3.00000000","1.00000000","Robinia pseudacacia L.","2.00000000","31.00000000","공원녹지과","196958.269","196958.2688"
"20001563","중구","2-중림동-큰-0057","02","중림동","57.00000000","아카시아나무","32.00000000","26.00000000","12.00000000","손기정공원","50","5.00000000","10.00000000","6.00000000","4","6","3.00000000","1.00000000","Robinia pseudacacia L.","2.00000000","31.00000000","공원녹지과","196940.914","196940.914"
"20001564","중구","2-중림동-큰-0069","02","중림동","69.00000000","아카시아나무","32.00000000","21.00000000","14.00000000","손기정공원","50","5.00000000","10.00000000","6.00000000","4","6","3.00000000","1.00000000","Robinia pseudacacia L.","2.00000000","31.00000000","공원녹지과","196879.223","196879.2226"
"20001997","중구","2-소공동-큰-0151","02","소공동","151.00000000","느티나무","25.00000000","29.00000000","9.00000000","삼도빌딩","30","5.00000000","10.00000000","6.00000000","6","9","3.00000000","1.00000000","Zelkova serrata Makino","2.00000000","36.00000000","공원녹지과","197255.441","197255.441"
"20001999","중구","2-장충동-큰-0013","02","장충동","13.00000000","회화나무","34.00000000","28.00000000","10.00000000","동국대학교","60","5.00000000","10.00000000","6.00000000","6","9","3.00000000","1.00000000","Sophora japonica L.","2.00000000","36.00000000","공원녹지과","199915.306","199915.3059"
"20002000","중구","2-장충동-큰-0007","02","장충동","7.00000000","은행나무","80.00000000","14.00000000","6.00000000","38-31","30","15.00000000","10.00000000","6.00000000","6","9","2.00000000","1.00000000","Ginkgo biloba L.","2.00000000","46.00000000","공원녹지과","200625.218","200625.2179"
"20002001","중구","2-소공동-큰-0067","02","소공동","67.00000000","아카시아나무","40.00000000","28.00000000","5.00000000","창덕여중","60","5.00000000","10.00000000","6.00000000","4","9","3.00000000","1.00000000","Robinia pseudacacia L.","2.00000000","34.00000000","공원녹지과","197418.054","197418.0536"
"20002002","중구","2-소공동-큰-0206","02","소공동","206.00000000","은행나무","78.00000000","34.00000000","19.00000000","덕수궁","50","15.00000000","10.00000000","6.00000000","6","6","2.00000000","1.00000000","Ginkgo biloba L.","2.00000000","43.00000000","공원녹지과","197767.971","197767.9708"
"20002003","중구","2-남대문로5가동-큰-0055","02","남대문로5가동","55.00000000","느티나무","21.00000000","17.00000000","8.00000000","남대문교회","50","5.00000000","10.00000000","6.00000000","6","6","3.00000000","1.00000000","Zelkova serrata Makino","2.00000000","33.00000000","공원녹지과","198177.921","198177.9211"
"20002004","중구","2-소공동-큰-0048","02","소공동","48.00000000","은행나무","23.00000000","20.00000000","2.00000000","창덕여중","60","5.00000000","10.00000000","6.00000000","6","9","3.00000000","1.00000000","Ginkgo biloba L.","2.00000000","36.00000000","공원녹지과","197381.078","197381.0775"
"20002005","중구","2-태평로1가동-큰-0020","02","태평로1가동","20.00000000","소나무","21.00000000","20.00000000","1.00000000","롯데호텔","60","5.00000000","10.00000000","6.00000000","6","9","3.00000000","1.00000000","Pinus densiflora S et Z.","2.00000000","36.00000000","공원녹지과","198031.354","198031.3536"
"20002007","중구","2-소공동-큰-0181","02","소공동","181.00000000","아카시아나무","29.00000000","26.00000000","10.00000000","체스프라자","60","5.00000000","10.00000000","6.00000000","4","9","3.00000000","1.00000000","Robinia pseudacacia L.","2.00000000","34.00000000","공원녹지과","197562.107","197562.1075"
"20002009","중구","2-광희동-큰-0070","02","광희동","70.00000000","참나무","25.00000000","8.00000000","4.00000000","두산타워","30","5.00000000","10.00000000","6.00000000","4","9","3.00000000","1.00000000","Quercus variabilis BL.","2.00000000","34.00000000","공원녹지과","200729.418","200729.4177"
"20002010","중구","2-필동-큰-0079","02","필동","79.00000000","느티나무","26.00000000","16.00000000","10.00000000","","60","5.00000000","10.00000000","6.00000000","6","9","3.00000000","1.00000000","Zelkova serrata Makino","2.00000000","36.00000000","공원녹지과","199458.932","199458.9323"
"20002011","중구","2-중림동-큰-0062","02","중림동","62.00000000","아카시아나무","30.00000000","20.00000000","10.00000000","손기정공원","50","5.00000000","10.00000000","6.00000000","4","6","3.00000000","1.00000000","Robinia pseudacacia L.","2.00000000","31.00000000","공원녹지과","196914.697","196914.6967"
"20002012","중구","2-필동-큰-0034","02","필동","34.00000000","아카시아나무","29.00000000","26.00000000","10.00000000","한국의집","30","5.00000000","10.00000000","6.00000000","4","9","3.00000000","1.00000000","Robinia pseudacacia L.","2.00000000","34.00000000","공원녹지과","199490.433","199490.4331"
"20000030","중구","2-회현동-큰-0214","02","회현동","214.00000000","백합나무","40.00000000","27.00000000","12.00000000","연세빌딩","70","10.00000000","10.00000000","6.00000000","2","9","3.00000000","2.00000000","Liriodendron tulipifera L.","0E-8","0E-8","공원녹지과","197648.477","197648.477"
"20000087","중구","2-을지로3,4,5동-큰-0030","02","을지로3,4,5동","30.00000000","은행나무","70.00000000","15.00000000","7.00000000","을지로2가 영락교회","30","15.00000000","10.00000000","6.00000000","6","9","2.00000000","1.00000000","Ginkgo biloba L.","2.00000000","46.00000000","공원녹지과","199113.404","199113.4039"
"20000182","중구","2-회현동-큰-0042","02","회현동","42.00000000","","0E-8","0E-8","0E-8","","0","5.00000000","10.00000000","6.00000000","6","9","3.00000000","1.00000000","","2.00000000","36.00000000","공원녹지과","198231.572","198231.5718"
"20000211","중구","2-충무로4,5동-큰-0090","02","충무로4,5동","90.00000000","은행나무","60.00000000","11.00000000","6.00000000","덕수중학교","60","15.00000000","10.00000000","6.00000000","6","9","2.00000000","1.00000000","Ginkgo biloba L.","2.00000000","46.00000000","공원녹지과","199820.312","199820.3115"
"20000349","중구","2-신당2동-큰-0051","02","신당2동","51.00000000","소나무","21.00000000","4.00000000","2.00000000","432-1671","10","5.00000000","10.00000000","6.00000000","6","9","3.00000000","1.00000000","Pinus densiflora S et Z.","2.00000000","36.00000000","공원녹지과","200500.366","200500.3655"
"20000410","중구","2-장충동-큰-0043","02","장충동","43.00000000","느티나무","30.00000000","17.00000000","12.00000000","동국대학교","60","5.00000000","10.00000000","6.00000000","6","9","3.00000000","1.00000000","Zelkova serrata Makino","2.00000000","36.00000000","공원녹지과","199945.371","199945.371"
"20000487","중구","2-태평로1가동-큰-0045","02","태평로1가동","45.00000000","양버즘나무","27.00000000","30.00000000","7.00000000","시청","60","5.00000000","10.00000000","6.00000000","2","9","3.00000000","1.00000000","Platanus occidentalis L.","2.00000000","32.00000000","공원녹지과","198121.201","198121.2014"
"20000560","중구","2-충무로4,5동-큰-0030","02","충무로4,5동","30.00000000","은행나무","25.00000000","12.00000000","5.00000000","중구청","60","5.00000000","10.00000000","6.00000000","6","9","3.00000000","1.00000000","Ginkgo biloba L.","2.00000000","36.00000000","공원녹지과","199823.559","199823.5586"
"20000762","중구","2-소공동-큰-0241","02","소공동","241.00000000","은행나무","42.00000000","20.00000000","10.00000000","롯데호텔","30","10.00000000","10.00000000","6.00000000","6","9","2.00000000","1.00000000","Ginkgo biloba L.","2.00000000","41.00000000","공원녹지과","197920.152","197920.1516"
"20000645","중구","2-회현동-큰-0125","02","회현동","125.00000000","느티나무","22.00000000","10.00000000","9.00000000","한국은행부지","30","5.00000000","10.00000000","6.00000000","6","9","3.00000000","1.00000000","Zelkova serrata Makino","2.00000000","36.00000000","공원녹지과","198540.916","198540.9164"
"20000708","중구","2-장충동-큰-0300","02","장충동","300.00000000","단풍나무","22.00000000","6.00000000","5.00000000","","60","5.00000000","10.00000000","6.00000000","6","9","3.00000000","1.00000000","Acer palmatum Thunb.","2.00000000","36.00000000","공원녹지과","200297.437","200297.4366"
"20000874","중구","2-장충동-큰-0323","02","장충동","323.00000000","피나무","26.00000000","7.00000000","5.00000000","신라호텔영빈관","30","5.00000000","10.00000000","6.00000000","4","9","3.00000000","1.00000000","Tilia amurensis Rupr","2.00000000","34.00000000","공원녹지과","200535.396","200535.3959"
"20001037","중구","2-명동-큰-0104","02","명동","104.00000000","은행나무","27.00000000","18.00000000","8.00000000","숭의여대별관","60","5.00000000","10.00000000","6.00000000","6","9","3.00000000","1.00000000","Ginkgo biloba L.","2.00000000","36.00000000","공원녹지과","198983.903","198983.9032"
"20001509","중구","2-회현동-큰-0053","02","회현동","53.00000000","","0E-8","0E-8","0E-8","","0","5.00000000","10.00000000","6.00000000","6","9","3.00000000","1.00000000","","2.00000000","36.00000000","공원녹지과","198187.553","198187.5529"
"20001510","중구","2-광희동-큰-0032","02","광희동","32.00000000","은행나무","25.00000000","15.00000000","6.00000000","쌍림어린이공원","50","5.00000000","10.00000000","6.00000000","6","6","3.00000000","1.00000000","Ginkgo biloba L.","2.00000000","33.00000000","공원녹지과","200434.316","200434.3164"
"20001511","중구","2-신당1동-큰-0055","02","신당1동","55.00000000","은행나무","28.00000000","8.00000000","4.00000000","성동실업여고","60","5.00000000","10.00000000","6.00000000","6","9","3.00000000","1.00000000","Ginkgo biloba L.","2.00000000","36.00000000","공원녹지과","201146.03","201146.0303"
"20001512","중구","2-소공동-큰-0063","02","소공동","63.00000000","아카시아나무","32.00000000","29.00000000","7.00000000","창덕여중","60","5.00000000","10.00000000","6.00000000","4","9","3.00000000","1.00000000","Robinia pseudacacia L.","2.00000000","34.00000000","공원녹지과","197421.396","197421.3961"
"20001514","중구","2-광희동-큰-0026","02","광희동","26.00000000","호두나무","25.00000000","13.00000000","6.00000000","쌍림어린이공원","50","5.00000000","10.00000000","6.00000000","4","6","3.00000000","1.00000000","Juglans sinensis Dode","2.00000000","31.00000000","공원녹지과","200440.623","200440.6228"
"20001515","중구","2-장충동-큰-0258","02","장충동","258.00000000","모과나무","30.00000000","5.00000000","4.00000000","188-4","30","5.00000000","10.00000000","6.00000000","6","9","3.00000000","1.00000000","Cydonia sinensis Thouin.","2.00000000","36.00000000","공원녹지과","200436.565","200436.5647"
"20001516","중구","2-중림동-큰-0078","02","중림동","78.00000000","양버즘나무","40.00000000","38.00000000","18.00000000","손기정공원","50","5.00000000","10.00000000","6.00000000","2","6","4.00000000","1.00000000","Platanus occidentalis L.","2.00000000","29.00000000","공원녹지과","196808.072","196808.0725"
"20001517","중구","2-신당1동-큰-0014","02","신당1동","14.00000000","은행나무","20.00000000","8.00000000","5.00000000","서울제1기동대","60","5.00000000","10.00000000","6.00000000","6","9","3.00000000","1.00000000","Ginkgo biloba L.","2.00000000","36.00000000","공원녹지과","201244.152","201244.1516"
"20001518","중구","2-장충동-큰-0031","02","장충동","31.00000000","회화나무","27.00000000","20.00000000","9.00000000","동국대학교","60","5.00000000","10.00000000","6.00000000","6","9","3.00000000","1.00000000","Sophora japonica L.","2.00000000","36.00000000","공원녹지과","199903.638","199903.6377"
"20001519","중구","2-장충동-큰-0111","02","장충동","111.00000000","양버즘나무","22.00000000","16.00000000","5.00000000","","60","5.00000000","10.00000000","6.00000000","2","9","3.00000000","1.00000000","Platanus occidentalis L.","2.00000000","32.00000000","공원녹지과","199681.722","199681.7217"
"20001617","중구","2-신당6동-큰-0014","02","신당6동","14.00000000","향나무","21.00000000","2.00000000","2.00000000","52-17","10","5.00000000","10.00000000","6.00000000","4","9","3.00000000","1.00000000","Juniperus chinensis L.","2.00000000","34.00000000","공원녹지과","201719.141","201719.1406"
"20001618","중구","2-신당1동-큰-0013","02","신당1동","13.00000000","은행나무","23.00000000","7.00000000","4.00000000","서울제1기동대","60","5.00000000","10.00000000","6.00000000","6","9","3.00000000","1.00000000","Ginkgo biloba L.","2.00000000","36.00000000","공원녹지과","201281.609","201281.6094"
"20001620","중구","2-신당1동-큰-0081","02","신당1동","81.00000000","회화나무","31.00000000","10.00000000","5.00000000","한양공고","60","5.00000000","10.00000000","6.00000000","6","9","3.00000000","1.00000000","Sophora japonica L.","2.00000000","36.00000000","공원녹지과","201051.498","201051.4978"
"20001621","중구","2-신당3동-큰-0012","02","신당3동","12.00000000","소나무","24.00000000","4.00000000","2.00000000","남산타원","20","5.00000000","10.00000000","6.00000000","6","9","3.00000000","1.00000000","Pinus densiflora S et Z.","2.00000000","36.00000000","공원녹지과","200659.752","200659.7523"
"20001622","중구","2-을지로3,4,5동-큰-0026","02","을지로3,4,5동","26.00000000","가이즈까향나무","20.00000000","7.00000000","3.00000000","을지로2가 영락교회","30","5.00000000","10.00000000","6.00000000","4","9","3.00000000","1.00000000","Juniperus chinensis`Kaizuka'.","2.00000000","34.00000000","공원녹지과","199081.129","199081.1292"
"20001623","중구","2-태평로1가동-큰-0121","02","태평로1가동","121.00000000","느티나무","50.00000000","5.00000000","6.00000000","장교동 쁘렝땅백화점","30","10.00000000","10.00000000","6.00000000","6","9","2.00000000","1.00000000","Zelkova serrata Makino","2.00000000","41.00000000","공원녹지과","198844.421","198844.4208"
"20001624","중구","2-필동-큰-0008","02","필동","8.00000000","느티나무","25.00000000","15.00000000","9.00000000","숭의여대별관","60","5.00000000","10.00000000","6.00000000","6","9","3.00000000","1.00000000","Zelkova serrata Makino","2.00000000","36.00000000","공원녹지과","199187.986","199187.9864"
"20001625","중구","2-충무로4,5동-큰-0028","02","충무로4,5동","28.00000000","은행나무","25.00000000","12.00000000","4.00000000","중구청","60","5.00000000","10.00000000","6.00000000","6","9","3.00000000","1.00000000","Ginkgo biloba L.","2.00000000","36.00000000","공원녹지과","199839.214","199839.2139"
"20001627","중구","2-태평로1가동-큰-0057","02","태평로1가동","57.00000000","은행나무","62.00000000","55.00000000","12.00000000","조선호텔","30","15.00000000","10.00000000","6.00000000","6","9","2.00000000","1.00000000","Ginkgo biloba L.","2.00000000","46.00000000","공원녹지과","198232.282","198232.2823"
"20001628","중구","2-신당6동-큰-0013","02","신당6동","13.00000000","은행나무","28.00000000","9.00000000","7.00000000","52-17","10","5.00000000","10.00000000","6.00000000","6","9","3.00000000","1.00000000","Ginkgo biloba L.","2.00000000","36.00000000","공원녹지과","201712.955","201712.9548"
"20001629","중구","2-필동-큰-0086","02","필동","86.00000000","은행나무","23.00000000","15.00000000","6.00000000","","60","5.00000000","10.00000000","6.00000000","6","9","3.00000000","1.00000000","Ginkgo biloba L.","2.00000000","36.00000000","공원녹지과","199548.88","199548.8802"
"20001630","중구","2-소공동-큰-0227","02","소공동","227.00000000","아카시아나무","32.00000000","28.00000000","8.00000000","조선호텔","30","5.00000000","10.00000000","6.00000000","4","9","3.00000000","1.00000000","Robinia pseudacacia L.","2.00000000","34.00000000","공원녹지과","198202.284","198202.2836"
"20001631","중구","2-남대문로5가동-큰-0035","02","남대문로5가동","35.00000000","느티나무","40.00000000","27.00000000","6.00000000","남대문교회","60","5.00000000","10.00000000","6.00000000","6","9","3.00000000","1.00000000","Zelkova serrata Makino","2.00000000","36.00000000","공원녹지과","197788.459","197788.4592"
"20002013","중구","2-회현동-큰-0054","02","회현동","54.00000000","","0E-8","0E-8","0E-8","","0","5.00000000","10.00000000","6.00000000","6","9","3.00000000","1.00000000","","2.00000000","36.00000000","공원녹지과","198185.044","198185.0439"
"20002015","중구","2-명동-큰-0130","02","명동","130.00000000","은행나무","24.00000000","25.00000000","7.00000000","남산한옥마을","50","5.00000000","10.00000000","6.00000000","6","6","3.00000000","1.00000000","Ginkgo biloba L.","2.00000000","33.00000000","공원녹지과","199327.33","199327.3301"
"20002016","중구","2-장충동-큰-0217","02","장충동","217.00000000","양버즘나무","28.00000000","8.00000000","6.00000000","장충공원","50","5.00000000","10.00000000","6.00000000","2","6","4.00000000","1.00000000","Platanus occidentalis L.","2.00000000","29.00000000","공원녹지과","200322.132","200322.1321"
"20002017","중구","2-소공동-큰-0283","02","소공동","283.00000000","느티나무","35.00000000","26.00000000","15.00000000","상공회의소","60","5.00000000","10.00000000","6.00000000","6","9","3.00000000","1.00000000","Zelkova serrata Makino","2.00000000","36.00000000","공원녹지과","197741.947","197741.9467"
"20002018","중구","2-광희동-큰-0093","02","광희동","93.00000000","은행나무","56.00000000","12.00000000","9.00000000","국립간호대학","60","15.00000000","10.00000000","6.00000000","6","9","2.00000000","1.00000000","Ginkgo biloba L.","2.00000000","46.00000000","공원녹지과","200608.498","200608.4984"
"20002019","중구","2-태평로1가동-큰-0102","02","태평로1가동","102.00000000","잣나무","25.00000000","7.00000000","4.00000000","장교동 쁘렝땅백화점","30","5.00000000","10.00000000","6.00000000","4","9","3.00000000","1.00000000","Pinus koraiensis S. et Z.","2.00000000","34.00000000","공원녹지과","198823.77","198823.7698"
"20002021","중구","2-태평로1가동-큰-0072","02","태평로1가동","72.00000000","느티나무","35.00000000","19.00000000","12.00000000","한국외환은행","30","5.00000000","10.00000000","6.00000000","6","9","3.00000000","1.00000000","Zelkova serrata Makino","2.00000000","36.00000000","공원녹지과","198702.889","198702.8889"
"20002022","중구","2-태평로1가동-큰-0132","02","태평로1가동","132.00000000","잣나무","25.00000000","6.00000000","4.00000000","장교동 중소기업은행","30","5.00000000","10.00000000","6.00000000","4","9","3.00000000","1.00000000","Pinus koraiensis S. et Z.","2.00000000","34.00000000","공원녹지과","198828.48","198828.4796"
"20002024","중구","2-소공동-큰-0129","02","소공동","129.00000000","소나무","29.00000000","13.00000000","12.00000000","이화여고","60","5.00000000","10.00000000","6.00000000","6","9","3.00000000","1.00000000","Pinus densiflora S et Z.","2.00000000","36.00000000","공원녹지과","197286.703","197286.7028"
"20002025","중구","2-신당6동-큰-0063","02","신당6동","63.00000000","벚나무","25.00000000","4.00000000","4.00000000","금호여중","60","5.00000000","10.00000000","6.00000000","6","9","3.00000000","1.00000000","Prunus yedoensis Matsumira.","2.00000000","36.00000000","공원녹지과","201802.971","201802.9711"
"20001193","중구","2-소공동-큰-0312","02","소공동","312.00000000","느티나무","30.00000000","18.00000000","7.00000000","","50","5.00000000","10.00000000","6.00000000","6","6","3.00000000","1.00000000","Zelkova serrata Makino","2.00000000","33.00000000","공원녹지과","197462.592","197462.5922"
"20001054","중구","2-소공동-큰-0020","02","소공동","20.00000000","참나무","48.00000000","30.00000000","22.00000000","덕수궁","60","10.00000000","10.00000000","6.00000000","4","9","3.00000000","1.00000000","Quercus variabilis BL.","2.00000000","39.00000000","공원녹지과","197714.123","197714.1232"
"20001118","중구","2-신당1동-큰-0036","02","신당1동","36.00000000","느릅나무","40.00000000","9.00000000","5.00000000","성동기계공고","60","5.00000000","10.00000000","6.00000000","4","9","3.00000000","1.00000000","Ulmus davidiana var","2.00000000","34.00000000","공원녹지과","201457.709","201457.709"
"20001262","중구","2-명동-큰-0046","02","명동","46.00000000","갈참나무","35.00000000","9.00000000","6.00000000","성바오로교육장","60","5.00000000","10.00000000","6.00000000","4","9","3.00000000","1.00000000","Quercus aliena Blume","2.00000000","34.00000000","공원녹지과","198893.464","198893.4639"
"20001434","중구","2-신당4동-큰-0039","02","신당4동","39.00000000","꽃개오동","35.00000000","9.00000000","4.00000000","368-59","10","5.00000000","10.00000000","6.00000000","4","9","3.00000000","1.00000000","Catapa bignonioides Water","2.00000000","34.00000000","공원녹지과","200873.59","200873.59"
"20001399","중구","2-회현동-큰-0167","02","회현동","167.00000000","은행나무","22.00000000","7.00000000","6.00000000","연세빌딩","70","5.00000000","10.00000000","6.00000000","6","9","3.00000000","2.00000000","Ginkgo biloba L.","0E-8","0E-8","공원녹지과","197699.872","197699.8722"
"20001480","중구","2-신당4동-큰-0008","02","신당4동","8.00000000","양버들나무","48.00000000","12.00000000","8.00000000","청구초교","60","10.00000000","10.00000000","6.00000000","4","9","3.00000000","1.00000000","Populus nigra 'Italica'","2.00000000","39.00000000","공원녹지과","201289.412","201289.4118"
"20001716","중구","2-중림동-큰-0081","02","중림동","81.00000000","양버즘나무","30.00000000","28.00000000","9.00000000","손기정공원","50","5.00000000","10.00000000","6.00000000","2","6","4.00000000","1.00000000","Platanus occidentalis L.","2.00000000","29.00000000","공원녹지과","196834.092","196834.0924"
"20001551","중구","2-장충동-큰-0003","02","장충동","3.00000000","향나무","32.00000000","7.00000000","3.00000000","38-42","30","5.00000000","10.00000000","6.00000000","4","9","3.00000000","1.00000000","Juniperus chinensis L.","2.00000000","34.00000000","공원녹지과","200682.85","200682.8499"
"20001650","중구","2-소공동-큰-0026","02","소공동","26.00000000","회화나무","49.00000000","25.00000000","18.00000000","덕수궁","60","10.00000000","10.00000000","6.00000000","6","9","2.00000000","1.00000000","Sophora japonica L.","2.00000000","41.00000000","공원녹지과","197701.821","197701.8213"
"20001632","중구","2-장충동-큰-0082","02","장충동","82.00000000","양버즘나무","25.00000000","15.00000000","6.00000000","동국대학교","60","5.00000000","10.00000000","6.00000000","2","9","3.00000000","1.00000000","Platanus occidentalis L.","2.00000000","32.00000000","공원녹지과","200009.275","200009.275"
"20001633","중구","2-명동-큰-0083","02","명동","83.00000000","은행나무","22.00000000","19.00000000","6.00000000","숭의여대별관","60","5.00000000","10.00000000","6.00000000","6","9","3.00000000","1.00000000","Ginkgo biloba L.","2.00000000","36.00000000","공원녹지과","198828.838","198828.8376"
"20001635","중구","2-장충동-큰-0328","02","장충동","328.00000000","느티나무","31.00000000","7.00000000","7.00000000","국립극장","60","5.00000000","10.00000000","6.00000000","6","9","3.00000000","1.00000000","Zelkova serrata Makino","2.00000000","36.00000000","공원녹지과","199936.423","199936.4229"
"20001636","중구","2-장충동-큰-0139","02","장충동","139.00000000","은행나무","26.00000000","12.00000000","5.00000000","동국대학교","60","5.00000000","10.00000000","6.00000000","6","9","3.00000000","1.00000000","Ginkgo biloba L.","2.00000000","36.00000000","공원녹지과","200157.567","200157.5666"
"20001637","중구","2-광희동-큰-0114","02","광희동","114.00000000","은행나무","65.00000000","13.00000000","6.00000000","동대문운동장체육공원부지","60","15.00000000","10.00000000","6.00000000","6","9","2.00000000","1.00000000","Ginkgo biloba L.","2.00000000","46.00000000","공원녹지과","200948.35","200948.3503"
"20001638","중구","2-중림동-큰-0104","02","중림동","104.00000000","느티나무","45.00000000","35.00000000","20.00000000","봉래초등학교","60","10.00000000","10.00000000","6.00000000","6","9","2.00000000","1.00000000","Zelkova serrata Makino","2.00000000","41.00000000","공원녹지과","196774.348","196774.3482"
"20001639","중구","2-장충동-큰-0034","02","장충동","34.00000000","은행나무","24.00000000","20.00000000","7.00000000","동국대학교","60","5.00000000","10.00000000","6.00000000","6","9","3.00000000","1.00000000","Ginkgo biloba L.","2.00000000","36.00000000","공원녹지과","199914.379","199914.3786"
"20001640","중구","2-태평로1가동-큰-0120","02","태평로1가동","120.00000000","단풍나무","20.00000000","3.00000000","3.00000000","장교동 쁘렝땅백화점","30","5.00000000","10.00000000","6.00000000","4","9","3.00000000","1.00000000","Acer palmatum Thunb.","2.00000000","34.00000000","공원녹지과","198867.072","198867.072"
"20001641","중구","2-충무로4,5동-큰-0075","02","충무로4,5동","75.00000000","느티나무","25.00000000","8.00000000","6.00000000","목정주차장","60","5.00000000","10.00000000","6.00000000","6","9","3.00000000","1.00000000","Zelkova serrata Makino","2.00000000","36.00000000","공원녹지과","200014.007","200014.0071"
"20001088","중구","2-신당1동-큰-0116","02","신당1동","116.00000000","향나무","22.00000000","3.00000000","2.00000000","장충초교","60","5.00000000","10.00000000","6.00000000","4","9","3.00000000","1.00000000","Juniperus chinensis L.","2.00000000","34.00000000","공원녹지과","200976.802","200976.8018"
"20001089","중구","2-광희동-큰-0080","02","광희동","80.00000000","양버즘나무","20.00000000","7.00000000","4.00000000","국립간호대학","60","5.00000000","10.00000000","6.00000000","2","9","3.00000000","1.00000000","Platanus occidentalis L.","2.00000000","32.00000000","공원녹지과","200558.291","200558.2915"
"20001090","중구","2-신당1동-큰-0043","02","신당1동","43.00000000","회화나무","21.00000000","3.00000000","6.00000000","성동기계공고","60","5.00000000","10.00000000","6.00000000","6","9","3.00000000","1.00000000","Sophora japonica L.","2.00000000","36.00000000","공원녹지과","201543.811","201543.8115"
"20001092","중구","2-장충동-큰-0094","02","장충동","94.00000000","양버즘나무","22.00000000","16.00000000","6.00000000","동국대학교","60","5.00000000","10.00000000","6.00000000","2","9","3.00000000","1.00000000","Platanus occidentalis L.","2.00000000","32.00000000","공원녹지과","199975.097","199975.0974"
"20001093","중구","2-명동-큰-0037","02","명동","37.00000000","느티나무","35.00000000","6.00000000","6.00000000","계성초등학교","60","5.00000000","10.00000000","6.00000000","6","9","3.00000000","1.00000000","Zelkova serrata Makino","2.00000000","36.00000000","공원녹지과","198928.634","198928.6343"
"20001094","중구","2-충무로4,5동-큰-0007","02","충무로4,5동","7.00000000","메타세콰이어","30.00000000","15.00000000","6.00000000","중구청","60","5.00000000","10.00000000","6.00000000","2","9","3.00000000","1.00000000","Metasequoia glyptostroboides Hu et cheng","2.00000000","32.00000000","공원녹지과","199770.446","199770.4457"
"20001095","중구","2-신당5동-큰-0032","02","신당5동","32.00000000","양버즘나무","52.00000000","9.00000000","6.00000000","성동고교","60","15.00000000","10.00000000","6.00000000","2","9","2.00000000","1.00000000","Platanus occidentalis L.","2.00000000","42.00000000","공원녹지과","202092.981","202092.9812"
"20001096","중구","2-소공동-큰-0262","02","소공동","262.00000000","느티나무","37.00000000","18.00000000","13.00000000","중앙일보","30","5.00000000","10.00000000","6.00000000","6","9","3.00000000","1.00000000","Zelkova serrata Makino","2.00000000","36.00000000","공원녹지과","197394.919","197394.9187"
"20001097","중구","2-장충동-큰-0162","02","장충동","162.00000000","느티나무","28.00000000","8.00000000","6.00000000","동국대학교","60","5.00000000","10.00000000","6.00000000","6","9","3.00000000","1.00000000","Zelkova serrata Makino","2.00000000","36.00000000","공원녹지과","200199.591","200199.5911"
"20001098","중구","2-장충동-큰-0173","02","장충동","173.00000000","느릅나무","38.00000000","7.00000000","7.00000000","동국대학교","60","5.00000000","10.00000000","6.00000000","4","9","3.00000000","1.00000000","Ulmus davidiana var","2.00000000","34.00000000","공원녹지과","200245.304","200245.3042"
"20001100","중구","2-장충동-큰-0171","02","장충동","171.00000000","느릅나무","38.00000000","10.00000000","6.00000000","동국대학교","60","5.00000000","10.00000000","6.00000000","4","9","3.00000000","1.00000000","Ulmus davidiana var","2.00000000","34.00000000","공원녹지과","200202.399","200202.3993"
"20001101","중구","2-장충동-큰-0192","02","장충동","192.00000000","양버즘나무","30.00000000","9.00000000","6.00000000","장충공원","50","5.00000000","10.00000000","6.00000000","2","6","4.00000000","1.00000000","Platanus occidentalis L.","2.00000000","29.00000000","공원녹지과","200443.837","200443.837"
"20001103","중구","2-을지로3,4,5동-큰-0002","02","을지로3,4,5동","2.00000000","은행나무","35.00000000","12.00000000","6.00000000","수표동 청소년회관","30","5.00000000","10.00000000","6.00000000","6","9","3.00000000","1.00000000","Ginkgo biloba L.","2.00000000","36.00000000","공원녹지과","199174.672","199174.6725"
"20002026","중구","2-장충동-큰-0045","02","장충동","45.00000000","아카시아나무","27.00000000","22.00000000","8.00000000","동국대학교","60","5.00000000","10.00000000","6.00000000","4","9","3.00000000","1.00000000","Robinia pseudacacia L.","2.00000000","34.00000000","공원녹지과","199953.824","199953.8245"
"20002027","중구","2-장충동-큰-0096","02","장충동","96.00000000","아카시아나무","34.00000000","25.00000000","6.00000000","동국대학교","60","5.00000000","10.00000000","6.00000000","6","9","3.00000000","1.00000000","Robinia pseudacacia L.","2.00000000","36.00000000","공원녹지과","199955.056","199955.056"
"20002028","중구","2-장충동-큰-0353","02","장충동","353.00000000","소나무","22.00000000","4.00000000","2.00000000","타워호텔","30","5.00000000","10.00000000","6.00000000","6","9","3.00000000","1.00000000","Pinus densiflora S et Z.","2.00000000","36.00000000","공원녹지과","200137.141","200137.141"
"20002029","중구","2-장충동-큰-0288","02","장충동","288.00000000","벚나무","22.00000000","7.00000000","4.00000000","라임카운티","20","5.00000000","10.00000000","6.00000000","6","9","3.00000000","1.00000000","Prunus yedoensis Matsumira.","2.00000000","36.00000000","공원녹지과","200594.615","200594.615"
"20002030","중구","2-을지로3,4,5동-큰-0013","02","을지로3,4,5동","13.00000000","백일홍","25.00000000","5.00000000","6.00000000","주교동 우래옥","30","5.00000000","10.00000000","6.00000000","4","9","3.00000000","1.00000000","Albizzia julibrissin Duraz.","2.00000000","34.00000000","공원녹지과","199898.694","199898.694"
"20002033","중구","2-장충동-큰-0128","02","장충동","128.00000000","느티나무","20.00000000","7.00000000","4.00000000","동국대학교","60","5.00000000","10.00000000","6.00000000","6","9","3.00000000","1.00000000","Zelkova serrata Makino","2.00000000","36.00000000","공원녹지과","200192.361","200192.3608"
"20002034","중구","2-소공동-큰-0217","02","소공동","217.00000000","느티나무","27.00000000","25.00000000","12.00000000","덕수궁","50","5.00000000","10.00000000","6.00000000","6","6","3.00000000","1.00000000","Zelkova serrata Makino","2.00000000","33.00000000","공원녹지과","197815.769","197815.7692"
"20002035","중구","2-광희동-큰-0055","02","광희동","55.00000000","벽오동나무","25.00000000","7.00000000","6.00000000","국립의료원","60","5.00000000","10.00000000","6.00000000","4","9","3.00000000","1.00000000","Firmiana simplex W.F.Wight.","2.00000000","34.00000000","공원녹지과","200429.162","200429.1622"
"20002036","중구","2-충무로4,5동-큰-0119","02","충무로4,5동","119.00000000","가중나무","60.00000000","13.00000000","8.00000000","덕수중학교","60","15.00000000","10.00000000","6.00000000","4","9","2.00000000","1.00000000","Ailanthus altissima Swingle.","2.00000000","44.00000000","공원녹지과","199704.263","199704.263"
"20002008","중구","2-소공동-큰-0101","02","소공동","101.00000000","은행나무","32.00000000","32.00000000","5.00000000","이화여고","60","5.00000000","10.00000000","6.00000000","6","9","3.00000000","1.00000000","Ginkgo biloba L.","2.00000000","36.00000000","공원녹지과","197214.283","197214.2825"
"20002020","중구","2-소공동-큰-0178","02","소공동","178.00000000","느티나무","30.00000000","15.00000000","9.00000000","체스프라자","60","5.00000000","10.00000000","6.00000000","6","9","3.00000000","1.00000000","Zelkova serrata Makino","2.00000000","36.00000000","공원녹지과","197564.812","197564.8116"
"20002032","중구","2-남대문로5가동-큰-0009","02","남대문로5가동","9.00000000","은행나무","45.00000000","39.00000000","11.00000000","서울열차사무소","60","10.00000000","10.00000000","6.00000000","6","9","2.00000000","1.00000000","Ginkgo biloba L.","2.00000000","41.00000000","공원녹지과","197341.033","197341.0332"
"20001104","중구","2-소공동-큰-0301","02","소공동","301.00000000","아카시아나무","40.00000000","35.00000000","15.00000000","","10","5.00000000","10.00000000","6.00000000","4","9","3.00000000","1.00000000","Robinia pseudacacia L.","2.00000000","34.00000000","공원녹지과","197572.293","197572.2929"
"20001102","중구","2-필동-큰-0031","02","필동","31.00000000","느티나무","30.00000000","22.00000000","9.00000000","한국의집","30","5.00000000","10.00000000","6.00000000","6","9","3.00000000","1.00000000","Zelkova serrata Makino","2.00000000","36.00000000","공원녹지과","199507.432","199507.4315"
"20001105","중구","2-중림동-큰-0050","02","중림동","50.00000000","아카시아나무","55.00000000","20.00000000","20.00000000","손기정공원","50","15.00000000","10.00000000","6.00000000","4","6","2.00000000","1.00000000","Robinia pseudacacia L.","2.00000000","41.00000000","공원녹지과","196944.773","196944.7732"
"20001107","중구","2-태평로1가동-큰-0046","02","태평로1가동","46.00000000","양버즘나무","31.00000000","29.00000000","8.00000000","시청","60","5.00000000","10.00000000","6.00000000","2","9","3.00000000","1.00000000","Platanus occidentalis L.","2.00000000","32.00000000","공원녹지과","198124.113","198124.1126"
"20001108","중구","2-광희동-큰-0007","02","광희동","7.00000000","느티나무","20.00000000","7.00000000","6.00000000","방산동 구민회관","60","5.00000000","10.00000000","6.00000000","6","9","3.00000000","1.00000000","Zelkova serrata Makino","2.00000000","36.00000000","공원녹지과","200530.174","200530.1738"
"20001109","중구","2-소공동-큰-0010","02","소공동","10.00000000","화백","25.00000000","15.00000000","2.00000000","정동","10","5.00000000","10.00000000","6.00000000","4","9","3.00000000","1.00000000","","2.00000000","34.00000000","공원녹지과","197417.944","197417.9443"
"20001110","중구","2-소공동-큰-0065","02","소공동","65.00000000","아카시아나무","33.00000000","27.00000000","6.00000000","창덕여중","60","5.00000000","10.00000000","6.00000000","4","9","3.00000000","1.00000000","Robinia pseudacacia L.","2.00000000","34.00000000","공원녹지과","197427.251","197427.2512"
"20001111","중구","2-소공동-큰-0106","02","소공동","106.00000000","은행나무","33.00000000","30.00000000","5.00000000","이화여고","60","5.00000000","10.00000000","6.00000000","6","9","3.00000000","1.00000000","Ginkgo biloba L.","2.00000000","36.00000000","공원녹지과","197221.915","197221.9153"
"20001112","중구","2-남대문로5가동-큰-0017","02","남대문로5가동","17.00000000","회화나무","25.00000000","27.00000000","13.00000000","서울열차사무소","60","5.00000000","10.00000000","6.00000000","6","9","3.00000000","1.00000000","Sophora japonica L.","2.00000000","36.00000000","공원녹지과","197336.191","197336.1914"
"20001113","중구","2-회현동-큰-0037","02","회현동","37.00000000","","0E-8","0E-8","0E-8","","0","5.00000000","10.00000000","6.00000000","6","9","3.00000000","1.00000000","","2.00000000","36.00000000","공원녹지과","198263.422","198263.422"
"20001457","중구","2-광희동-큰-0073","02","광희동","73.00000000","소나무","23.00000000","5.00000000","5.00000000","두산타워","30","5.00000000","10.00000000","6.00000000","6","9","3.00000000","1.00000000","Pinus densiflora S et Z.","2.00000000","36.00000000","공원녹지과","200750.05","200750.0499"
"20001458","중구","2-광희동-큰-0086","02","광희동","86.00000000","이태리포플러","21.00000000","7.00000000","5.00000000","국립간호대학","60","5.00000000","10.00000000","6.00000000","2","9","3.00000000","1.00000000","Populus euramericana Guiner","2.00000000","32.00000000","공원녹지과","200583.534","200583.5337"
"20001459","중구","2-필동-큰-0064","02","필동","64.00000000","은행나무","24.00000000","18.00000000","6.00000000","","60","5.00000000","10.00000000","6.00000000","6","9","3.00000000","1.00000000","Ginkgo biloba L.","2.00000000","36.00000000","공원녹지과","199703.473","199703.4731"
"20001460","중구","2-신당6동-큰-0031","02","신당6동","31.00000000","향나무","28.00000000","4.00000000","4.00000000","","10","5.00000000","10.00000000","6.00000000","4","9","3.00000000","1.00000000","Juniperus chinensis L.","2.00000000","34.00000000","공원녹지과","201401.489","201401.489"
"20001461","중구","2-중림동-큰-0028","02","중림동","28.00000000","은행나무","22.00000000","15.00000000","7.00000000","손기정공원","50","5.00000000","10.00000000","6.00000000","6","6","3.00000000","1.00000000","Ginkgo biloba L.","2.00000000","33.00000000","공원녹지과","197035.764","197035.7642"
"20001463","중구","2-충무로4,5동-큰-0078","02","충무로4,5동","78.00000000","느티나무","30.00000000","8.00000000","6.00000000","삼성생명","60","5.00000000","10.00000000","6.00000000","6","9","3.00000000","1.00000000","Zelkova serrata Makino","2.00000000","36.00000000","공원녹지과","200032.451","200032.451"
"20001464","중구","2-을지로3,4,5동-큰-0023","02","을지로3,4,5동","23.00000000","은행나무","60.00000000","5.00000000","6.00000000","을지로2가 영락교회","30","15.00000000","10.00000000","6.00000000","6","9","2.00000000","1.00000000","Ginkgo biloba L.","2.00000000","46.00000000","공원녹지과","199058.706","199058.7058"
"20001465","중구","2-소공동-큰-0293","02","소공동","293.00000000","백합나무","25.00000000","18.00000000","5.00000000","상공회의소","60","5.00000000","10.00000000","6.00000000","2","9","3.00000000","1.00000000","Liriodendron tulipifera L.","2.00000000","32.00000000","공원녹지과","197646.904","197646.9044"
"20001466","중구","2-중림동-큰-0090","02","중림동","90.00000000","양버즘나무","42.00000000","30.00000000","10.00000000","봉래초등학교","60","10.00000000","10.00000000","6.00000000","2","9","3.00000000","1.00000000","Platanus occidentalis L.","2.00000000","37.00000000","공원녹지과","196796.321","196796.3206"
"20001467","중구","2-회현동-큰-0184","02","회현동","184.00000000","은행나무","21.00000000","7.00000000","6.00000000","연세빌딩","70","5.00000000","10.00000000","6.00000000","6","9","3.00000000","2.00000000","Ginkgo biloba L.","0E-8","0E-8","공원녹지과","197686.72","197686.7196"
"20001468","중구","2-회현동-큰-0077","02","회현동","77.00000000","느티나무","25.00000000","16.00000000","7.00000000","","50","5.00000000","10.00000000","6.00000000","6","6","3.00000000","1.00000000","Zelkova serrata Makino","2.00000000","33.00000000","공원녹지과","198131.382","198131.3816"
"20001469","중구","2-신당4동-큰-0010","02","신당4동","10.00000000","느티나무","39.00000000","11.00000000","9.00000000","청구초교","60","5.00000000","10.00000000","6.00000000","6","9","3.00000000","1.00000000","Zelkova serrata Makino","2.00000000","36.00000000","공원녹지과","201284.091","201284.0911"
"20001471","중구","2-회현동-큰-0145","02","회현동","145.00000000","백합나무","36.00000000","17.00000000","9.00000000","연세빌딩","70","10.00000000","10.00000000","6.00000000","2","9","3.00000000","2.00000000","Liriodendron tulipifera L.","0E-8","0E-8","공원녹지과","197725.8","197725.7996"
"20001597","중구","2-장충동-큰-0357","02","장충동","357.00000000","소나무","22.00000000","4.00000000","3.00000000","타워호텔","30","5.00000000","10.00000000","6.00000000","6","9","3.00000000","1.00000000","Pinus densiflora S et Z.","2.00000000","36.00000000","공원녹지과","200159.624","200159.6238"
"20001535","중구","2-을지로3,4,5동-큰-0003","02","을지로3,4,5동","3.00000000","은행나무","30.00000000","10.00000000","5.00000000","수표동 청소년회관","30","5.00000000","10.00000000","6.00000000","6","9","3.00000000","1.00000000","Ginkgo biloba L.","2.00000000","36.00000000","공원녹지과","199170.637","199170.637"
"20001669","중구","2-충무로4,5동-큰-0084","02","충무로4,5동","84.00000000","이태리포플러","70.00000000","14.00000000","7.00000000","덕수중학교","60","15.00000000","10.00000000","6.00000000","2","9","2.00000000","1.00000000","Populus euramericana Guiner","2.00000000","42.00000000","공원녹지과","199777.7","199777.7004"
"20001645","중구","2-소공동-큰-0199","02","소공동","199.00000000","측백나무","22.00000000","21.00000000","6.00000000","체스프라자","60","5.00000000","10.00000000","6.00000000","6","9","3.00000000","1.00000000","Thuja orientalis L.","2.00000000","36.00000000","공원녹지과","197605.045","197605.0451"
"20001654","중구","2-중림동-큰-0053","02","중림동","53.00000000","아카시아나무","36.00000000","26.00000000","17.00000000","손기정공원","50","5.00000000","10.00000000","6.00000000","4","6","3.00000000","1.00000000","Robinia pseudacacia L.","2.00000000","31.00000000","공원녹지과","196933.975","196933.9754"
"20001662","중구","2-남대문로5가동-큰-0051","02","남대문로5가동","51.00000000","양버즘나무","25.00000000","18.00000000","6.00000000","남대문교회","50","5.00000000","10.00000000","6.00000000","2","6","4.00000000","1.00000000","Platanus occidentalis L.","2.00000000","29.00000000","공원녹지과","198143.165","198143.165"
"20001854","중구","2-장충동-큰-0158","02","장충동","158.00000000","향나무","21.00000000","4.00000000","2.00000000","동국대학교","60","5.00000000","10.00000000","6.00000000","4","9","3.00000000","1.00000000","Juniperus chinensis L.","2.00000000","34.00000000","공원녹지과","200165.108","200165.1084"
"20001116","중구","2-소공동-큰-0205","02","소공동","205.00000000","느티나무","45.00000000","28.00000000","13.00000000","덕수궁","50","10.00000000","10.00000000","6.00000000","6","6","3.00000000","1.00000000","Zelkova serrata Makino","2.00000000","38.00000000","공원녹지과","197782.128","197782.1283"
"20001125","중구","2-광희동-큰-0042","02","광희동","42.00000000","은행나무","30.00000000","13.00000000","7.00000000","쌍림어린이공원","50","5.00000000","10.00000000","6.00000000","6","6","3.00000000","1.00000000","Ginkgo biloba L.","2.00000000","33.00000000","공원녹지과","200474.019","200474.0193"
"20001132","중구","2-태평로1가동-큰-0104","02","태평로1가동","104.00000000","잣나무","20.00000000","7.00000000","4.00000000","장교동 쁘렝땅백화점","30","5.00000000","10.00000000","6.00000000","4","9","3.00000000","1.00000000","Pinus koraiensis S. et Z.","2.00000000","34.00000000","공원녹지과","198828.929","198828.9291"
"20001140","중구","2-명동-큰-0067","02","명동","67.00000000","아카시아나무","35.00000000","27.00000000","15.00000000","숭의여대별관","60","5.00000000","10.00000000","6.00000000","4","9","3.00000000","1.00000000","Robinia pseudacacia L.","2.00000000","34.00000000","공원녹지과","198751.842","198751.8419"
"20001301","중구","2-명동-큰-0059","02","명동","59.00000000","은행나무","37.00000000","26.00000000","13.00000000","한국은행부지","30","5.00000000","10.00000000","6.00000000","4","9","3.00000000","1.00000000","Ginkgo biloba L.","2.00000000","34.00000000","공원녹지과","198709.32","198709.3202"
"20001308","중구","2-태평로1가동-큰-0118","02","태평로1가동","118.00000000","단풍나무","20.00000000","3.00000000","3.00000000","장교동 쁘렝땅백화점","30","5.00000000","10.00000000","6.00000000","4","9","3.00000000","1.00000000","Acer palmatum Thunb.","2.00000000","34.00000000","공원녹지과","198872.68","198872.6795"
"20001316","중구","2-충무로4,5동-큰-0092","02","충무로4,5동","92.00000000","느티나무","20.00000000","7.00000000","7.00000000","덕수중학교","60","5.00000000","10.00000000","6.00000000","6","9","3.00000000","1.00000000","Zelkova serrata Makino","2.00000000","36.00000000","공원녹지과","199819.661","199819.6605"
"20001324","중구","2-장충동-큰-0204","02","장충동","204.00000000","느티나무","42.00000000","7.00000000","8.00000000","장충공원","50","10.00000000","10.00000000","6.00000000","6","6","3.00000000","1.00000000","Zelkova serrata Makino","2.00000000","38.00000000","공원녹지과","200422.929","200422.9295"
"20001674","중구","2-신당6동-큰-0071","02","신당6동","71.00000000","양버즘나무","28.00000000","9.00000000","7.00000000","금호여중","60","5.00000000","10.00000000","6.00000000","6","9","3.00000000","1.00000000","Platanus occidentalis L.","2.00000000","36.00000000","공원녹지과","201778.768","201778.7683"
"20001663","중구","2-신당6동-큰-0005","02","신당6동","5.00000000","느티나무","50.00000000","9.00000000","10.00000000","한일교회","60","10.00000000","10.00000000","6.00000000","6","9","2.00000000","1.00000000","Zelkova serrata Makino","2.00000000","41.00000000","공원녹지과","201790.275","201790.2745"
"20001687","중구","2-소공동-큰-0064","02","소공동","64.00000000","아카시아나무","27.00000000","30.00000000","6.00000000","창덕여중","60","5.00000000","10.00000000","6.00000000","4","9","3.00000000","1.00000000","Robinia pseudacacia L.","2.00000000","34.00000000","공원녹지과","197428.368","197428.3678"
"20001857","중구","2-장충동-큰-0189","02","장충동","189.00000000","은행나무","32.00000000","7.00000000","4.00000000","장충공원","50","5.00000000","10.00000000","6.00000000","6","6","3.00000000","1.00000000","Ginkgo biloba L.","2.00000000","33.00000000","공원녹지과","200426.935","200426.9349"
"20001862","중구","2-장충동-큰-0040","02","장충동","40.00000000","아카시아나무","28.00000000","19.00000000","10.00000000","동국대학교","60","5.00000000","10.00000000","6.00000000","4","9","3.00000000","1.00000000","Robinia pseudacacia L.","2.00000000","34.00000000","공원녹지과","199978.27","199978.2695"
"20001871","중구","2-을지로3,4,5동-큰-0007","02","을지로3,4,5동","7.00000000","느티나무","45.00000000","12.00000000","8.00000000","을지로 3가 덕성여관","30","10.00000000","10.00000000","6.00000000","6","9","2.00000000","1.00000000","Zelkova serrata Makino","2.00000000","41.00000000","공원녹지과","199480.333","199480.333"
"20000143","중구","2-소공동-큰-0252","02","소공동","252.00000000","은행나무","38.00000000","20.00000000","4.00000000","중앙일보","30","5.00000000","10.00000000","6.00000000","6","9","3.00000000","1.00000000","Ginkgo biloba L.","2.00000000","36.00000000","공원녹지과","197391.257","197391.257"
"20000150","중구","2-신당6동-큰-0024","02","신당6동","24.00000000","향나무","25.00000000","5.00000000","3.00000000","청구초교","60","5.00000000","10.00000000","6.00000000","4","9","3.00000000","1.00000000","Juniperus chinensis L.","2.00000000","34.00000000","공원녹지과","201269.238","201269.2376"
"20000158","중구","2-장충동-큰-0360","02","장충동","360.00000000","아카시아나무","58.00000000","8.00000000","5.00000000","자유센터","60","15.00000000","10.00000000","6.00000000","4","9","2.00000000","1.00000000","Robinia pseudacacia L.","2.00000000","44.00000000","공원녹지과","200157.653","200157.6527"
"20000169","중구","2-필동-큰-0073","02","필동","73.00000000","느티나무","25.00000000","19.00000000","10.00000000","","60","5.00000000","10.00000000","6.00000000","6","9","3.00000000","1.00000000","Zelkova serrata Makino","2.00000000","36.00000000","공원녹지과","199440.456","199440.4564"
"20000176","중구","2-장충동-큰-0126","02","장충동","126.00000000","벚나무","27.00000000","5.00000000","6.00000000","동국대학교","60","5.00000000","10.00000000","6.00000000","6","9","3.00000000","1.00000000","Prunus yedoensis Matsumira.","2.00000000","36.00000000","공원녹지과","200199.574","200199.5744"
"20000185","중구","2-신당6동-큰-0067","02","신당6동","67.00000000","벚나무","32.00000000","4.00000000","4.00000000","금호여중","60","5.00000000","10.00000000","6.00000000","6","9","3.00000000","1.00000000","Prunus yedoensis Matsumira.","2.00000000","36.00000000","공원녹지과","201823.884","201823.8839"
"20000191","중구","2-소공동-큰-0197","02","소공동","197.00000000","느티나무","25.00000000","19.00000000","8.00000000","체스프라자","60","5.00000000","10.00000000","6.00000000","6","9","3.00000000","1.00000000","Zelkova serrata Makino","2.00000000","36.00000000","공원녹지과","197503.131","197503.1306"
"20000199","중구","2-태평로1가동-큰-0068","02","태평로1가동","68.00000000","느티나무","29.00000000","16.00000000","8.00000000","롯데호텔","30","5.00000000","10.00000000","6.00000000","6","9","3.00000000","1.00000000","Zelkova serrata Makino","2.00000000","36.00000000","공원녹지과","198324.355","198324.355"
"20000207","중구","2-충무로4,5동-큰-0027","02","충무로4,5동","27.00000000","은행나무","20.00000000","10.00000000","4.00000000","중구청","60","5.00000000","10.00000000","6.00000000","6","9","3.00000000","1.00000000","Ginkgo biloba L.","2.00000000","36.00000000","공원녹지과","199844.135","199844.135"
"20000216","중구","2-소공동-큰-0302","02","소공동","302.00000000","아카시아나무","35.00000000","28.00000000","12.00000000","","10","5.00000000","10.00000000","6.00000000","4","9","3.00000000","1.00000000","Robinia pseudacacia L.","2.00000000","34.00000000","공원녹지과","197572.679","197572.6786"
"20000220","중구","2-광희동-큰-0056","02","광희동","56.00000000","벽오동나무","25.00000000","7.00000000","6.00000000","국립의료원","60","5.00000000","10.00000000","6.00000000","4","9","3.00000000","1.00000000","Firmiana simplex W.F.Wight.","2.00000000","34.00000000","공원녹지과","200434.776","200434.7762"
"20000228","중구","2-장충동-큰-0208","02","장충동","208.00000000","양버즘나무","48.00000000","10.00000000","6.00000000","장충공원","50","10.00000000","10.00000000","6.00000000","2","6","3.00000000","1.00000000","Platanus occidentalis L.","2.00000000","34.00000000","공원녹지과","200393.867","200393.8668"
"20000237","중구","2-회현동-큰-0133","02","회현동","133.00000000","소나무","22.00000000","15.00000000","3.00000000","남산공원","50","5.00000000","10.00000000","6.00000000","6","6","3.00000000","1.00000000","Pinus densiflora S et Z.","2.00000000","33.00000000","공원녹지과","198415.11","198415.1095"
"20000248","중구","2-신당4동-큰-0019","02","신당4동","19.00000000","소나무","21.00000000","5.00000000","2.00000000","삼성아파트","20","5.00000000","10.00000000","6.00000000","6","9","3.00000000","1.00000000","Pinus densiflora S et Z.","2.00000000","36.00000000","공원녹지과","201589.614","201589.6138"
"20000905","중구","2-소공동-큰-0286","02","소공동","286.00000000","느티나무","37.00000000","27.00000000","15.00000000","상공회의소","60","5.00000000","10.00000000","6.00000000","6","9","3.00000000","1.00000000","Zelkova serrata Makino","2.00000000","36.00000000","공원녹지과","197737.706","197737.7062"
"20000943","중구","2-중림동-큰-0042","02","중림동","42.00000000","아카시아나무","27.00000000","25.00000000","15.00000000","손기정공원","50","5.00000000","10.00000000","6.00000000","4","6","3.00000000","1.00000000","Robinia pseudacacia L.","2.00000000","31.00000000","공원녹지과","196953.066","196953.0659"
"20000950","중구","2-신당3동-큰-0015","02","신당3동","15.00000000","은행나무","25.00000000","7.00000000","2.00000000","남산타원","20","5.00000000","10.00000000","6.00000000","6","9","3.00000000","1.00000000","Ginkgo biloba L.","2.00000000","36.00000000","공원녹지과","200774.698","200774.6983"
"20000998","중구","2-명동-큰-0049","02","명동","49.00000000","대추나무","24.00000000","12.00000000","6.00000000","한국은행부지","30","5.00000000","10.00000000","6.00000000","4","9","3.00000000","1.00000000","Zizyphus jujuba var.","2.00000000","34.00000000","공원녹지과","198559.815","198559.8146"
"20001003","중구","2-장충동-큰-0226","02","장충동","226.00000000","은행나무","34.00000000","8.00000000","4.00000000","장충공원","60","5.00000000","10.00000000","6.00000000","6","9","3.00000000","1.00000000","Ginkgo biloba L.","2.00000000","36.00000000","공원녹지과","200352.147","200352.147"
"20001011","중구","2-소공동-큰-0135","02","소공동","135.00000000","느티나무","40.00000000","18.00000000","22.00000000","이화여고","60","5.00000000","10.00000000","6.00000000","6","9","3.00000000","1.00000000","Zelkova serrata Makino","2.00000000","36.00000000","공원녹지과","197325.98","197325.9802"
"20000750","중구","2-장충동-큰-0254","02","장충동","254.00000000","향나무","30.00000000","7.00000000","5.00000000","관성묘","60","5.00000000","10.00000000","6.00000000","4","9","3.00000000","1.00000000","Juniperus chinensis L.","2.00000000","34.00000000","공원녹지과","200280.387","200280.3875"
"20000736","중구","2-장충동-큰-0117","02","장충동","117.00000000","은행나무","25.00000000","20.00000000","7.00000000","국립극장","60","5.00000000","10.00000000","6.00000000","6","9","3.00000000","1.00000000","Ginkgo biloba L.","2.00000000","36.00000000","공원녹지과","200097.815","200097.815"
"20000764","중구","2-태평로1가동-큰-0133","02","태평로1가동","133.00000000","느티나무","75.00000000","7.00000000","7.00000000","장교동 중소기업은행","30","15.00000000","10.00000000","6.00000000","6","9","2.00000000","1.00000000","Zelkova serrata Makino","2.00000000","46.00000000","공원녹지과","198826.009","198826.009"
"20000772","중구","2-신당1동-큰-0093","02","신당1동","93.00000000","은행나무","23.00000000","6.00000000","3.00000000","한양공고","60","5.00000000","10.00000000","6.00000000","6","9","3.00000000","1.00000000","Ginkgo biloba L.","2.00000000","36.00000000","공원녹지과","200942.505","200942.5047"
"20000962","중구","2-장충동-큰-0084","02","장충동","84.00000000","양버즘나무","32.00000000","16.00000000","6.00000000","동국대학교","60","5.00000000","10.00000000","6.00000000","2","9","3.00000000","1.00000000","Platanus occidentalis L.","2.00000000","32.00000000","공원녹지과","199992.972","199992.9722"
"20000970","중구","2-명동-큰-0129","02","명동","129.00000000","은행나무","26.00000000","23.00000000","8.00000000","남산한옥마을","50","5.00000000","10.00000000","6.00000000","6","6","3.00000000","1.00000000","Ginkgo biloba L.","2.00000000","33.00000000","공원녹지과","199329.417","199329.417"
"20000978","중구","2-필동-큰-0049","02","필동","49.00000000","은행나무","25.00000000","15.00000000","5.00000000","","10","5.00000000","10.00000000","6.00000000","6","9","3.00000000","1.00000000","Ginkgo biloba L.","2.00000000","36.00000000","공원녹지과","199698.279","199698.2787"
"20001019","중구","2-소공동-큰-0085","02","소공동","85.00000000","자작나무","42.00000000","20.00000000","2.00000000","창덕여중","60","10.00000000","10.00000000","6.00000000","4","9","3.00000000","1.00000000","Betula platyphylla var.","2.00000000","39.00000000","공원녹지과","197350.557","197350.5574"
"20001027","중구","2-황학동-큰-0008","02","황학동","8.00000000","목련","20.00000000","5.00000000","7.00000000","황학동2085번지","30","5.00000000","10.00000000","6.00000000","4","9","3.00000000","1.00000000","Magnolia kobus Dc.","2.00000000","34.00000000","공원녹지과","201870.912","201870.9121"
"20001035","중구","2-장충동-큰-0180","02","장충동","180.00000000","회화나무","32.00000000","8.00000000","5.00000000","동국대학교","60","5.00000000","10.00000000","6.00000000","6","9","3.00000000","1.00000000","Sophora japonica L.","2.00000000","36.00000000","공원녹지과","200334.566","200334.566"
"20001043","중구","2-충무로4,5동-큰-0069","02","충무로4,5동","69.00000000","소나무","20.00000000","6.00000000","4.00000000","목정주차장","60","5.00000000","10.00000000","6.00000000","6","9","3.00000000","1.00000000","Pinus densiflora S et Z.","2.00000000","36.00000000","공원녹지과","200007.497","200007.4969"
"20000779","중구","2-광희동-큰-0064","02","광희동","64.00000000","은행나무","44.00000000","14.00000000","8.00000000","중구의회 구민회관","60","10.00000000","10.00000000","6.00000000","6","9","2.00000000","1.00000000","Ginkgo biloba L.","2.00000000","41.00000000","공원녹지과","200574.822","200574.8215"
"20000786","중구","2-중림동-큰-0084","02","중림동","84.00000000","양버즘나무","30.00000000","30.00000000","12.00000000","손기정공원","50","5.00000000","10.00000000","6.00000000","2","6","4.00000000","1.00000000","Platanus occidentalis L.","2.00000000","29.00000000","공원녹지과","196827.729","196827.7287"
"20001610","중구","2-장충동-큰-0185","02","장충동","185.00000000","회화나무","30.00000000","7.00000000","5.00000000","동국대학교","60","5.00000000","10.00000000","6.00000000","6","9","3.00000000","1.00000000","Sophora japonica L.","2.00000000","36.00000000","공원녹지과","200380.912","200380.9122"
"20000317","중구","2-회현동-큰-0176","02","회현동","176.00000000","은행나무","22.00000000","7.00000000","6.00000000","연세빌딩","70","5.00000000","10.00000000","6.00000000","6","9","3.00000000","2.00000000","Ginkgo biloba L.","0E-8","0E-8","공원녹지과","197695.988","197695.9879"
"20000324","중구","2-회현동-큰-0011","02","회현동","11.00000000","아카시아나무","30.00000000","25.00000000","12.00000000","","30","5.00000000","10.00000000","6.00000000","4","9","3.00000000","1.00000000","Robinia pseudacacia L.","2.00000000","34.00000000","공원녹지과","198321.833","198321.8332"
"20000329","중구","2-회현동-큰-0045","02","회현동","45.00000000","","0E-8","0E-8","0E-8","","0","5.00000000","10.00000000","6.00000000","6","9","3.00000000","1.00000000","","2.00000000","36.00000000","공원녹지과","198242.766","198242.7655"
"20000337","중구","2-필동-큰-0042","02","필동","42.00000000","벚나무","28.00000000","14.00000000","7.00000000","","30","5.00000000","10.00000000","6.00000000","6","9","3.00000000","1.00000000","Prunus yedoensis Matsumira.","2.00000000","36.00000000","공원녹지과","199621.171","199621.1705"
"20000345","중구","2-신당6동-큰-0060","02","신당6동","60.00000000","벚나무","32.00000000","4.00000000","5.00000000","금호여중","60","5.00000000","10.00000000","6.00000000","6","9","3.00000000","1.00000000","Prunus yedoensis Matsumira.","2.00000000","36.00000000","공원녹지과","201752.873","201752.873"
"20000354","중구","2-신당2동-큰-0056","02","신당2동","56.00000000","향나무","20.00000000","4.00000000","3.00000000","432-720","10","5.00000000","10.00000000","6.00000000","4","9","3.00000000","1.00000000","Juniperus chinensis L.","2.00000000","34.00000000","공원녹지과","200604.048","200604.0485"
"20000365","중구","2-신당3동-큰-0044","02","신당3동","44.00000000","소나무","20.00000000","4.00000000","2.00000000","남산타운","20","5.00000000","10.00000000","6.00000000","6","9","3.00000000","1.00000000","Pinus densiflora S et Z.","2.00000000","36.00000000","공원녹지과","200623.475","200623.4745"
"20001879","중구","2-충무로4,5동-큰-0076","02","충무로4,5동","76.00000000","느티나무","30.00000000","8.00000000","6.00000000","목정주차장","60","5.00000000","10.00000000","6.00000000","6","9","3.00000000","1.00000000","Zelkova serrata Makino","2.00000000","36.00000000","공원녹지과","200034.19","200034.1898"
"20000035","중구","2-만리동1가-큰-0012","02","만리동1가","1.00000000","느티나무","26.00000000","4.00000000","6.00000000","서울역","50","5.00000000","10.00000000","6.00000000","6","9","3.00000000","1.00000000","Zelkova serrata Makino","2.00000000","36.00000000","공원녹지과","197289.621","197289.6207"
"20000043","중구","2-장충동-큰-0267","02","장충동","267.00000000","아카시아나무","38.00000000","9.00000000","6.00000000","파라다이스㈜","30","5.00000000","10.00000000","6.00000000","4","9","3.00000000","1.00000000","Robinia pseudacacia L.","2.00000000","34.00000000","공원녹지과","200336.451","200336.4506"
"20000052","중구","2-장충동-큰-0143","02","장충동","143.00000000","느릅나무","28.00000000","7.00000000","7.00000000","동국대학교","60","5.00000000","10.00000000","6.00000000","4","9","3.00000000","1.00000000","Ulmus davidiana var","2.00000000","34.00000000","공원녹지과","200168.226","200168.2256"
"20001259","중구","2-장충동-큰-0035","02","장충동","35.00000000","은행나무","22.00000000","18.00000000","5.00000000","동국대학교","60","5.00000000","10.00000000","6.00000000","6","9","3.00000000","1.00000000","Ginkgo biloba L.","2.00000000","36.00000000","공원녹지과","199922.823","199922.8234"
"20001268","중구","2-명동-큰-0087","02","명동","87.00000000","양버즘나무","40.00000000","14.00000000","8.00000000","숭의여대별관","60","5.00000000","10.00000000","6.00000000","6","9","3.00000000","1.00000000","Platanus occidentalis L.","2.00000000","36.00000000","공원녹지과","198905.2","198905.1996"
"20001275","중구","2-신당5동-큰-0016","02","신당5동","16.00000000","양버즘나무","40.00000000","7.00000000","3.00000000","성동고교","60","5.00000000","10.00000000","6.00000000","2","9","3.00000000","1.00000000","Platanus occidentalis L.","2.00000000","32.00000000","공원녹지과","201996.309","201996.3092"
"20001379","중구","2-장충동-큰-0118","02","장충동","118.00000000","양버즘나무","26.00000000","22.00000000","10.00000000","국립극장","60","5.00000000","10.00000000","6.00000000","2","9","3.00000000","1.00000000","Platanus occidentalis L.","2.00000000","32.00000000","공원녹지과","200094.384","200094.384"
"20000064","중구","2-신당1동-큰-0084","02","신당1동","84.00000000","회화나무","26.00000000","8.00000000","6.00000000","동대문운동장체육공원부지","60","5.00000000","10.00000000","6.00000000","6","9","3.00000000","1.00000000","Sophora japonica L.","2.00000000","36.00000000","공원녹지과","201030.664","201030.6643"
"20000072","중구","2-광희동-큰-0089","02","광희동","89.00000000","은행나무","43.00000000","15.00000000","8.00000000","국립간호대학","60","10.00000000","10.00000000","6.00000000","6","9","2.00000000","1.00000000","Ginkgo biloba L.","2.00000000","41.00000000","공원녹지과","200596.98","200596.9798"
"20000077","중구","2-신당1동-큰-0031","02","신당1동","31.00000000","은행나무","22.00000000","9.00000000","4.00000000","광희초등학교","60","5.00000000","10.00000000","6.00000000","6","9","3.00000000","1.00000000","Ginkgo biloba L.","2.00000000","36.00000000","공원녹지과","201395.337","201395.3369"
"20000374","중구","2-태평로1가동-큰-0116","02","태평로1가동","116.00000000","소나무","25.00000000","4.00000000","5.00000000","장교동 쁘렝땅백화점","30","5.00000000","10.00000000","6.00000000","6","9","3.00000000","1.00000000","Pinus densiflora S et Z.","2.00000000","36.00000000","공원녹지과","198874.473","198874.4732"
"20000495","중구","2-태평로1가동-큰-0005","02","태평로1가동","5.00000000","소나무","22.00000000","17.00000000","1.00000000","롯데호텔","60","5.00000000","10.00000000","6.00000000","6","9","3.00000000","1.00000000","Pinus densiflora S et Z.","2.00000000","36.00000000","공원녹지과","198014.865","198014.8647"
"20000516","중구","2-광희동-큰-0013","02","광희동","13.00000000","느티나무","20.00000000","7.00000000","6.00000000","방산동 구민회관","60","5.00000000","10.00000000","6.00000000","6","9","3.00000000","1.00000000","Zelkova serrata Makino","2.00000000","36.00000000","공원녹지과","200520.212","200520.2121"
"20000523","중구","2-소공동-큰-0015","02","소공동","15.00000000","은행나무","42.00000000","30.00000000","6.00000000","정동","10","10.00000000","10.00000000","6.00000000","6","9","2.00000000","1.00000000","Ginkgo biloba L.","2.00000000","41.00000000","공원녹지과","197387.247","197387.2467"
"20000532","중구","2-소공동-큰-0057","02","소공동","57.00000000","느티나무","47.00000000","25.00000000","10.00000000","창덕여중","60","10.00000000","10.00000000","6.00000000","6","9","2.00000000","1.00000000","Zelkova serrata Makino","2.00000000","41.00000000","공원녹지과","197426.994","197426.9937"
"20000538","중구","2-충무로4,5동-큰-0050","02","충무로4,5동","50.00000000","느티나무","20.00000000","7.00000000","6.00000000","목정주차장","60","5.00000000","10.00000000","6.00000000","6","9","3.00000000","1.00000000","Zelkova serrata Makino","2.00000000","36.00000000","공원녹지과","199936.612","199936.6123"
"20000546","중구","2-소공동-큰-0091","02","소공동","91.00000000","은행나무","23.00000000","28.00000000","5.00000000","창덕여중","60","5.00000000","10.00000000","6.00000000","6","9","3.00000000","1.00000000","Ginkgo biloba L.","2.00000000","36.00000000","공원녹지과","197318.527","197318.5267"
"20000554","중구","2-소공동-큰-0127","02","소공동","127.00000000","소나무","27.00000000","10.00000000","11.00000000","이화여고","60","5.00000000","10.00000000","6.00000000","6","9","3.00000000","1.00000000","Pinus densiflora S et Z.","2.00000000","36.00000000","공원녹지과","197297.911","197297.9107"
"20000380","중구","2-태평로1가동-큰-0014","02","태평로1가동","14.00000000","소나무","25.00000000","20.00000000","2.00000000","롯데호텔","60","5.00000000","10.00000000","6.00000000","6","9","3.00000000","1.00000000","Pinus densiflora S et Z.","2.00000000","36.00000000","공원녹지과","198010.397","198010.397"
"20000388","중구","2-장충동-큰-0160","02","장충동","160.00000000","은행나무","22.00000000","7.00000000","2.00000000","동국대학교","60","5.00000000","10.00000000","6.00000000","6","9","3.00000000","1.00000000","Ginkgo biloba L.","2.00000000","36.00000000","공원녹지과","200188.306","200188.3063"
"20000396","중구","2-회현동-큰-0021","02","회현동","21.00000000","아카시아나무","30.00000000","27.00000000","14.00000000","일신교회","60","5.00000000","10.00000000","6.00000000","4","9","3.00000000","1.00000000","Robinia pseudacacia L.","2.00000000","34.00000000","공원녹지과","198139.237","198139.2366"
"20000402","중구","2-회현동-큰-0033","02","회현동","33.00000000","","0E-8","0E-8","0E-8","","0","5.00000000","10.00000000","6.00000000","6","9","3.00000000","1.00000000","","2.00000000","36.00000000","공원녹지과","198296.45","198296.4496"
"20000412","중구","2-명동-큰-0106","02","명동","106.00000000","느티나무","23.00000000","19.00000000","10.00000000","숭의여대별관","60","5.00000000","10.00000000","6.00000000","6","9","3.00000000","1.00000000","Zelkova serrata Makino","2.00000000","36.00000000","공원녹지과","198987.362","198987.362"
"20000419","중구","2-필동-큰-0027","02","필동","27.00000000","은행나무","35.00000000","20.00000000","8.00000000","한국의집","30","5.00000000","10.00000000","6.00000000","6","9","3.00000000","1.00000000","Ginkgo biloba L.","2.00000000","36.00000000","공원녹지과","199540.375","199540.3747"
"20000427","중구","2-장충동-큰-0097","02","장충동","97.00000000","참나무","33.00000000","23.00000000","12.00000000","동국대학교","60","5.00000000","10.00000000","6.00000000","6","9","3.00000000","1.00000000","Quercus variabilis BL.","2.00000000","36.00000000","공원녹지과","199953.807","199953.8068"
"20000831","중구","2-장충동-큰-0234","02","장충동","234.00000000","자작나무","38.00000000","8.00000000","6.00000000","충무초등학교","60","5.00000000","10.00000000","6.00000000","4","9","3.00000000","1.00000000","Betula platyphylla var.","2.00000000","34.00000000","공원녹지과","200182.318","200182.3184"
"20000839","중구","2-명동-큰-0085","02","명동","85.00000000","은행나무","28.00000000","21.00000000","7.00000000","숭의여대별관","60","5.00000000","10.00000000","6.00000000","6","9","3.00000000","1.00000000","Ginkgo biloba L.","2.00000000","36.00000000","공원녹지과","198846.531","198846.5305"
"20000846","중구","2-황학동-큰-0003","02","황학동","3.00000000","은행나무","21.00000000","7.00000000","1.00000000","황학어린이공원","60","5.00000000","10.00000000","6.00000000","6","9","3.00000000","1.00000000","Ginkgo biloba L.","2.00000000","36.00000000","공원녹지과","201598.451","201598.4505"
"20000438","중구","2-중림동-큰-0023","02","중림동","23.00000000","은행나무","39.00000000","30.00000000","7.00000000","경기여상","60","5.00000000","10.00000000","6.00000000","6","9","3.00000000","1.00000000","Ginkgo biloba L.","2.00000000","36.00000000","공원녹지과","197085.171","197085.1715"
"20000445","중구","2-충무로4,5동-큰-0058","02","충무로4,5동","58.00000000","느티나무","20.00000000","8.00000000","7.00000000","목정주차장","60","5.00000000","10.00000000","6.00000000","6","9","3.00000000","1.00000000","Zelkova serrata Makino","2.00000000","36.00000000","공원녹지과","199957.468","199957.4681"
"20000453","중구","2-광희동-큰-0094","02","광희동","94.00000000","이팝나무","20.00000000","10.00000000","8.00000000","국립간호대학","60","5.00000000","10.00000000","6.00000000","4","9","3.00000000","1.00000000","","2.00000000","34.00000000","공원녹지과","200615.632","200615.6322"
"20001387","중구","2-태평로1가동-큰-0023","02","태평로1가동","23.00000000","쪽동백","32.00000000","25.00000000","10.00000000","조흥은행","30","5.00000000","10.00000000","6.00000000","4","9","3.00000000","1.00000000","Camellia japonica L.","2.00000000","34.00000000","공원녹지과","198558.646","198558.6465"
"20001395","중구","2-태평로1가동-큰-0136","02","태평로1가동","136.00000000","은행나무","25.00000000","13.00000000","5.00000000","을지로3가 청보빌딩","30","5.00000000","10.00000000","6.00000000","6","9","3.00000000","1.00000000","Ginkgo biloba L.","2.00000000","36.00000000","공원녹지과","199129.153","199129.1526"
"20001405","중구","2-신당1동-큰-0079","02","신당1동","79.00000000","회화나무","53.00000000","13.00000000","8.00000000","한양공고","60","15.00000000","10.00000000","6.00000000","6","9","2.00000000","1.00000000","Sophora japonica L.","2.00000000","46.00000000","공원녹지과","201027.923","201027.9235"
"20001569","중구","2-충무로4,5동-큰-0105","02","충무로4,5동","105.00000000","메타세콰이어","20.00000000","6.00000000","6.00000000","덕수중학교","60","5.00000000","10.00000000","6.00000000","2","9","3.00000000","1.00000000","Metasequoia glyptostroboides Hu et cheng","2.00000000","32.00000000","공원녹지과","199811.875","199811.8749"
"20001578","중구","2-신당1동-큰-0012","02","신당1동","12.00000000","단풍나무","20.00000000","5.00000000","3.00000000","서울제1기동대","60","5.00000000","10.00000000","6.00000000","4","9","3.00000000","1.00000000","Acer palmatum Thunb.","2.00000000","34.00000000","공원녹지과","201295.338","201295.3383"
"20001586","중구","2-명동-큰-0006","02","명동","6.00000000","느티나무","20.00000000","7.00000000","4.00000000","계성여고","60","5.00000000","10.00000000","6.00000000","6","9","3.00000000","1.00000000","Zelkova serrata Makino","2.00000000","36.00000000","공원녹지과","198802.843","198802.8431"
"20001726","중구","2-회현동-큰-0118","02","회현동","118.00000000","은행나무","32.00000000","20.00000000","7.00000000","한국은행부지","30","5.00000000","10.00000000","6.00000000","6","9","3.00000000","1.00000000","Ginkgo biloba L.","2.00000000","36.00000000","공원녹지과","198497.527","198497.5273"
"20001734","중구","2-남대문로5가동-큰-0005","02","남대문로5가동","5.00000000","양버즘나무","43.00000000","32.00000000","11.00000000","서울열차사무소","60","10.00000000","10.00000000","6.00000000","2","9","3.00000000","1.00000000","Platanus occidentalis L.","2.00000000","37.00000000","공원녹지과","197308.624","197308.6245"
"20001742","중구","2-회현동-큰-0091","02","회현동","91.00000000","느티나무","25.00000000","17.00000000","11.00000000","","50","5.00000000","10.00000000","6.00000000","6","6","3.00000000","1.00000000","Zelkova serrata Makino","2.00000000","33.00000000","공원녹지과","198183.689","198183.6894"
"20001749","중구","2-필동-큰-0062","02","필동","62.00000000","은행나무","34.00000000","24.00000000","5.00000000","","30","5.00000000","10.00000000","6.00000000","6","9","3.00000000","1.00000000","Ginkgo biloba L.","2.00000000","36.00000000","공원녹지과","199684.361","199684.3613"
"20001723","중구","2-광희동-큰-0010","02","광희동","10.00000000","가중나무","60.00000000","16.00000000","10.00000000","방산동 구민회관","60","15.00000000","10.00000000","6.00000000","4","9","2.00000000","1.00000000","Ailanthus altissima Swingle.","2.00000000","44.00000000","공원녹지과","200556.653","200556.6531"
"20001761","중구","2-중림동-큰-0024","02","중림동","24.00000000","느티나무","71.00000000","30.00000000","20.00000000","손기정공원","50","15.00000000","10.00000000","6.00000000","6","6","2.00000000","1.00000000","Zelkova serrata Makino","2.00000000","43.00000000","공원녹지과","197004.736","197004.7356"
"20001769","중구","2-신당6동-큰-0018","02","신당6동","18.00000000","향나무","40.00000000","5.00000000","4.00000000","청구초교","60","5.00000000","10.00000000","6.00000000","4","9","3.00000000","1.00000000","Juniperus chinensis L.","2.00000000","34.00000000","공원녹지과","201208.803","201208.8035"
"20001782","중구","2-신당1동-큰-0016","02","신당1동","16.00000000","은행나무","25.00000000","8.00000000","3.00000000","광희초등학교","60","5.00000000","10.00000000","6.00000000","6","9","3.00000000","1.00000000","Ginkgo biloba L.","2.00000000","36.00000000","공원녹지과","201307.199","201307.1991"
"20001771","중구","2-회현동-큰-0197","02","회현동","197.00000000","은행나무","23.00000000","7.00000000","5.00000000","연세빌딩","70","5.00000000","10.00000000","6.00000000","6","9","3.00000000","2.00000000","Ginkgo biloba L.","0E-8","0E-8","공원녹지과","197671.629","197671.6291"
"20001795","중구","2-장충동-큰-0207","02","장충동","207.00000000","양버즘나무","49.00000000","11.00000000","7.00000000","장충공원","50","10.00000000","10.00000000","6.00000000","2","6","3.00000000","1.00000000","Platanus occidentalis L.","2.00000000","34.00000000","공원녹지과","200402.922","200402.9223"
"20001805","중구","2-장충동-큰-0269","02","장충동","269.00000000","느릅나무","60.00000000","10.00000000","7.00000000","파라다이스㈜","30","15.00000000","10.00000000","6.00000000","4","9","2.00000000","1.00000000","Ulmus davidiana var","2.00000000","44.00000000","공원녹지과","200335.209","200335.2093"
"20001813","중구","2-명동-큰-0120","02","명동","120.00000000","아카시아나무","36.00000000","26.00000000","8.00000000","남산한옥마을","50","5.00000000","10.00000000","6.00000000","4","6","3.00000000","1.00000000","Robinia pseudacacia L.","2.00000000","31.00000000","공원녹지과","199350.194","199350.1938"
"20001821","중구","2-소공동-큰-0088","02","소공동","88.00000000","은행나무","21.00000000","25.00000000","3.00000000","창덕여중","60","5.00000000","10.00000000","6.00000000","6","9","3.00000000","1.00000000","Ginkgo biloba L.","2.00000000","36.00000000","공원녹지과","197313.84","197313.8403"
"20001828","중구","2-소공동-큰-0023","02","소공동","23.00000000","느티나무","45.00000000","26.00000000","20.00000000","덕수궁","60","10.00000000","10.00000000","6.00000000","6","9","2.00000000","1.00000000","Zelkova serrata Makino","2.00000000","41.00000000","공원녹지과","197712.105","197712.1047"
"20001837","중구","2-중림동-큰-0047","02","중림동","47.00000000","아카시아나무","30.00000000","25.00000000","15.00000000","손기정공원","50","5.00000000","10.00000000","6.00000000","4","6","3.00000000","1.00000000","Robinia pseudacacia L.","2.00000000","31.00000000","공원녹지과","196950.943","196950.9431"
"20000641","중구","2-신당4동-큰-0016","02","신당4동","16.00000000","소나무","28.00000000","5.00000000","3.00000000","삼성아파트","20","5.00000000","10.00000000","6.00000000","6","9","3.00000000","1.00000000","Pinus densiflora S et Z.","2.00000000","36.00000000","공원녹지과","201547.549","201547.5485"
"20000651","중구","2-장충동-큰-0272","02","장충동","272.00000000","아카시아나무","35.00000000","9.00000000","5.00000000","파라다이스㈜","30","5.00000000","10.00000000","6.00000000","4","9","3.00000000","1.00000000","Robinia pseudacacia L.","2.00000000","34.00000000","공원녹지과","200353.343","200353.3432"
"20000659","중구","2-신당1동-큰-0026","02","신당1동","26.00000000","은행나무","23.00000000","8.00000000","3.00000000","광희초등학교","60","5.00000000","10.00000000","6.00000000","6","9","3.00000000","1.00000000","Ginkgo biloba L.","2.00000000","36.00000000","공원녹지과","201396.352","201396.3525"
"20000668","중구","2-을지로3,4,5동-큰-0008","02","을지로3,4,5동","8.00000000","느티나무","65.00000000","14.00000000","7.00000000","산람동 현대케이블","30","15.00000000","10.00000000","6.00000000","6","9","2.00000000","1.00000000","Zelkova serrata Makino","2.00000000","46.00000000","공원녹지과","199748.569","199748.5689"
"20000853","중구","2-중림동-큰-0004","02","중림동","4.00000000","아카시아나무","42.00000000","33.00000000","10.00000000","","60","10.00000000","10.00000000","6.00000000","4","9","3.00000000","1.00000000","Robinia pseudacacia L.","2.00000000","39.00000000","공원녹지과","196807.931","196807.9311"
"20000862","중구","2-신당1동-큰-0101","02","신당1동","101.00000000","느티나무","25.00000000","7.00000000","5.00000000","동대문운동장체육공원부지","60","5.00000000","10.00000000","6.00000000","6","9","3.00000000","1.00000000","Zelkova serrata Makino","2.00000000","36.00000000","공원녹지과","201000.521","201000.5207"
"20000869","중구","2-소공동-큰-0242","02","소공동","242.00000000","느티나무","30.00000000","20.00000000","5.00000000","롯데호텔","30","5.00000000","10.00000000","6.00000000","6","9","3.00000000","1.00000000","Zelkova serrata Makino","2.00000000","36.00000000","공원녹지과","197935.173","197935.1732"
"20000877","중구","2-장충동-큰-0355","02","장충동","355.00000000","소나무","26.00000000","5.00000000","3.00000000","타워호텔","30","5.00000000","10.00000000","6.00000000","6","9","3.00000000","1.00000000","Pinus densiflora S et Z.","2.00000000","36.00000000","공원녹지과","200136.828","200136.828"
"20000457","중구","2-신당1동-큰-0011","02","신당1동","11.00000000","꽃개오동","34.00000000","8.00000000","7.00000000","서울제1기동대","60","5.00000000","10.00000000","6.00000000","4","9","3.00000000","1.00000000","Catapa bignonioides Water","2.00000000","34.00000000","공원녹지과","201383.305","201383.3054"
"20000465","중구","2-태평로1가동-큰-0103","02","태평로1가동","103.00000000","잣나무","25.00000000","7.00000000","4.00000000","장교동 쁘렝땅백화점","30","5.00000000","10.00000000","6.00000000","4","9","3.00000000","1.00000000","Pinus koraiensis S. et Z.","2.00000000","34.00000000","공원녹지과","198826.686","198826.6863"
"20000474","중구","2-소공동-큰-0166","02","소공동","166.00000000","아카시아나무","25.00000000","25.00000000","9.00000000","시립미술관","60","5.00000000","10.00000000","6.00000000","4","9","3.00000000","1.00000000","Robinia pseudacacia L.","2.00000000","34.00000000","공원녹지과","197574.63","197574.6305"
"20000482","중구","2-소공동-큰-0214","02","소공동","214.00000000","은행나무","43.00000000","26.00000000","15.00000000","덕수궁","50","10.00000000","10.00000000","6.00000000","6","6","3.00000000","1.00000000","Ginkgo biloba L.","2.00000000","38.00000000","공원녹지과","197713.33","197713.33"
"20000674","중구","2-소공동-큰-0177","02","소공동","177.00000000","느티나무","29.00000000","13.00000000","8.00000000","체스프라자","60","5.00000000","10.00000000","6.00000000","6","9","3.00000000","1.00000000","Zelkova serrata Makino","2.00000000","36.00000000","공원녹지과","197569.291","197569.2915"
"20000683","중구","2-장충동-큰-0078","02","장충동","78.00000000","양버즘나무","25.00000000","18.00000000","9.00000000","동국대학교","60","5.00000000","10.00000000","6.00000000","2","9","3.00000000","1.00000000","Platanus occidentalis L.","2.00000000","32.00000000","공원녹지과","200029.966","200029.966"
"20000688","중구","2-필동-큰-0088","02","필동","88.00000000","아카시아나무","33.00000000","23.00000000","7.00000000","","60","5.00000000","10.00000000","6.00000000","4","9","3.00000000","1.00000000","Robinia pseudacacia L.","2.00000000","34.00000000","공원녹지과","199552.022","199552.0222"
"20000884","중구","2-회현동-큰-0122","02","회현동","122.00000000","느티나무","27.00000000","24.00000000","6.00000000","한국은행부지","30","5.00000000","10.00000000","6.00000000","6","9","3.00000000","1.00000000","Zelkova serrata Makino","2.00000000","36.00000000","공원녹지과","198556.894","198556.8942"
"20000892","중구","2-필동-큰-0045","02","필동","45.00000000","은행나무","48.00000000","30.00000000","11.00000000","","30","10.00000000","10.00000000","6.00000000","6","9","2.00000000","1.00000000","Ginkgo biloba L.","2.00000000","41.00000000","공원녹지과","199609.378","199609.3783"
"20000899","중구","2-명동-큰-0069","02","명동","69.00000000","아카시아나무","25.00000000","26.00000000","12.00000000","숭의여대별관","60","5.00000000","10.00000000","6.00000000","4","9","3.00000000","1.00000000","Robinia pseudacacia L.","2.00000000","34.00000000","공원녹지과","198759.108","198759.1079"
"20000489","중구","2-소공동-큰-0228","02","소공동","228.00000000","아카시아나무","35.00000000","30.00000000","9.00000000","조선호텔","30","5.00000000","10.00000000","6.00000000","4","9","3.00000000","1.00000000","Robinia pseudacacia L.","2.00000000","34.00000000","공원녹지과","198210.131","198210.131"
"20000498","중구","2-태평로1가동-큰-0063","02","태평로1가동","63.00000000","느티나무","35.00000000","16.00000000","6.00000000","롯데호텔","30","5.00000000","10.00000000","6.00000000","6","9","3.00000000","1.00000000","Zelkova serrata Makino","2.00000000","36.00000000","공원녹지과","198286.241","198286.2409"
"20000566","중구","2-남대문로5가동-큰-0002","02","남대문로5가동","2.00000000","양버즘나무","39.00000000","36.00000000","11.00000000","중앙일보","30","5.00000000","10.00000000","6.00000000","2","9","3.00000000","1.00000000","Platanus occidentalis L.","2.00000000","32.00000000","공원녹지과","197308.441","197308.4413"
"20001845","중구","2-충무로4,5동-큰-0001","02","충무로4,5동","1.00000000","소나무","25.00000000","5.00000000","3.00000000","중구청","60","5.00000000","10.00000000","6.00000000","6","9","3.00000000","1.00000000","Pinus densiflora S et Z.","2.00000000","36.00000000","공원녹지과","199798.417","199798.417"
"20001914","중구","2-충무로4,5동-큰-0054","02","충무로4,5동","54.00000000","느티나무","20.00000000","7.00000000","6.00000000","목정주차장","60","5.00000000","10.00000000","6.00000000","6","9","3.00000000","1.00000000","Zelkova serrata Makino","2.00000000","36.00000000","공원녹지과","199946.252","199946.2524"
"20001921","중구","2-소공동-큰-0128","02","소공동","128.00000000","소나무","22.00000000","9.00000000","7.00000000","이화여고","60","5.00000000","10.00000000","6.00000000","6","9","3.00000000","1.00000000","Pinus densiflora S et Z.","2.00000000","36.00000000","공원녹지과","197293.204","197293.2037"
"20001929","중구","2-소공동-큰-0311","02","소공동","311.00000000","느티나무","37.00000000","25.00000000","8.00000000","","50","5.00000000","10.00000000","6.00000000","6","6","3.00000000","1.00000000","Zelkova serrata Makino","2.00000000","33.00000000","공원녹지과","197479.173","197479.1726"
"20001935","중구","2-충무로4,5동-큰-0138","02","충무로4,5동","138.00000000","은행나무","24.00000000","25.00000000","7.00000000","","60","5.00000000","10.00000000","6.00000000","6","9","3.00000000","1.00000000","Ginkgo biloba L.","2.00000000","36.00000000","공원녹지과","199870.453","199870.453"
"20001943","중구","2-신당6동-큰-0012","02","신당6동","12.00000000","모과나무","27.00000000","6.00000000","4.00000000","52-17","10","5.00000000","10.00000000","6.00000000","4","9","3.00000000","1.00000000","Cydonia sinensis Thouin.","2.00000000","34.00000000","공원녹지과","201718.752","201718.7525"
"20001951","중구","2-신당6동-큰-0064","02","신당6동","64.00000000","벚나무","27.00000000","4.00000000","4.00000000","금호여중","60","5.00000000","10.00000000","6.00000000","6","9","3.00000000","1.00000000","Prunus yedoensis Matsumira.","2.00000000","36.00000000","공원녹지과","201823.649","201823.6492"
"20001959","중구","2-장충동-큰-0250","02","장충동","250.00000000","은행나무","25.00000000","7.00000000","4.00000000","태광산업","30","5.00000000","10.00000000","6.00000000","6","9","3.00000000","1.00000000","Ginkgo biloba L.","2.00000000","36.00000000","공원녹지과","200270.757","200270.7572"
"20001968","중구","2-태평로1가동-큰-0117","02","태평로1가동","117.00000000","단풍나무","20.00000000","3.00000000","3.00000000","장교동 쁘렝땅백화점","30","5.00000000","10.00000000","6.00000000","4","9","3.00000000","1.00000000","Acer palmatum Thunb.","2.00000000","34.00000000","공원녹지과","198874.923","198874.9225"
"20001145","중구","2-필동-큰-0075","02","필동","75.00000000","느티나무","25.00000000","26.00000000","8.00000000","","60","5.00000000","10.00000000","6.00000000","6","9","3.00000000","1.00000000","Zelkova serrata Makino","2.00000000","36.00000000","공원녹지과","199456.429","199456.4291"
"20001154","중구","2-신당4동-큰-0064","02","신당4동","64.00000000","모과나무","23.00000000","4.00000000","3.00000000","340-35","10","5.00000000","10.00000000","6.00000000","4","9","3.00000000","1.00000000","Cydonia sinensis Thouin.","2.00000000","34.00000000","공원녹지과","201131.944","201131.9445"
"20001163","중구","2-소공동-큰-0224","02","소공동","224.00000000","느티나무","27.00000000","17.00000000","11.00000000","덕수궁","50","5.00000000","10.00000000","6.00000000","6","6","3.00000000","1.00000000","Zelkova serrata Makino","2.00000000","33.00000000","공원녹지과","197877.78","197877.7802"
"20001327","중구","2-남대문로5가동-큰-0033","02","남대문로5가동","33.00000000","은행나무","27.00000000","27.00000000","5.00000000","남대문교회","60","5.00000000","10.00000000","6.00000000","6","9","3.00000000","1.00000000","Ginkgo biloba L.","2.00000000","36.00000000","공원녹지과","197783.848","197783.8483"
"20001337","중구","2-충무로4,5동-큰-0109","02","충무로4,5동","109.00000000","은행나무","25.00000000","9.00000000","5.00000000","덕수중학교","60","5.00000000","10.00000000","6.00000000","6","9","3.00000000","1.00000000","Ginkgo biloba L.","2.00000000","36.00000000","공원녹지과","199707.52","199707.5198"
"20001345","중구","2-신당1동-큰-0074","02","신당1동","74.00000000","목련","23.00000000","6.00000000","3.00000000","304-67","10","5.00000000","10.00000000","6.00000000","4","9","3.00000000","1.00000000","Magnolia kobus Dc.","2.00000000","34.00000000","공원녹지과","201211.506","201211.506"
"20001353","중구","2-충무로4,5동-큰-0106","02","충무로4,5동","106.00000000","메타세콰이어","20.00000000","6.00000000","6.00000000","덕수중학교","60","5.00000000","10.00000000","6.00000000","2","9","3.00000000","1.00000000","Metasequoia glyptostroboides Hu et cheng","2.00000000","32.00000000","공원녹지과","199810.083","199810.0832"
"20001698","중구","2-충무로4,5동-큰-0073","02","충무로4,5동","73.00000000","느티나무","30.00000000","9.00000000","6.00000000","목정주차장","60","5.00000000","10.00000000","6.00000000","6","9","3.00000000","1.00000000","Zelkova serrata Makino","2.00000000","36.00000000","공원녹지과","200030.383","200030.3827"
"20001706","중구","2-중림동-큰-0051","02","중림동","51.00000000","아카시아나무","30.00000000","19.00000000","13.00000000","손기정공원","50","5.00000000","10.00000000","6.00000000","4","6","3.00000000","1.00000000","Robinia pseudacacia L.","2.00000000","31.00000000","공원녹지과","196951.327","196951.3267"
"20001714","중구","2-중림동-큰-0068","02","중림동","68.00000000","아카시아나무","30.00000000","20.00000000","10.00000000","손기정공원","50","5.00000000","10.00000000","6.00000000","4","6","3.00000000","1.00000000","Robinia pseudacacia L.","2.00000000","31.00000000","공원녹지과","196885.007","196885.0072"
"20001880","중구","2-충무로4,5동-큰-0082","02","충무로4,5동","82.00000000","단풍나무","20.00000000","7.00000000","6.00000000","만포집","60","5.00000000","10.00000000","6.00000000","6","9","3.00000000","1.00000000","Acer palmatum Thunb.","2.00000000","36.00000000","공원녹지과","199791.117","199791.117"
"20001888","중구","2-소공동-큰-0157","02","소공동","157.00000000","회화나무","66.00000000","50.00000000","30.00000000","시립미술관","60","15.00000000","10.00000000","6.00000000","6","9","2.00000000","1.00000000","Sophora japonica L.","2.00000000","46.00000000","공원녹지과","197653.718","197653.7184"
"20001895","중구","2-태평로1가동-큰-0047","02","태평로1가동","47.00000000","은행나무","25.00000000","25.00000000","7.00000000","시청","60","5.00000000","10.00000000","6.00000000","6","9","3.00000000","1.00000000","Ginkgo biloba L.","2.00000000","36.00000000","공원녹지과","198127.471","198127.4709"
"20001904","중구","2-광희동-큰-0005","02","광희동","5.00000000","느티나무","25.00000000","7.00000000","6.00000000","방산동 구민회관","60","5.00000000","10.00000000","6.00000000","6","9","3.00000000","1.00000000","Zelkova serrata Makino","2.00000000","36.00000000","공원녹지과","200515.103","200515.1029"
"20001234","중구","2-장충동-큰-0368","02","장충동","368.00000000","은행나무","35.00000000","11.00000000","7.00000000","자유센터","60","5.00000000","10.00000000","6.00000000","6","9","3.00000000","1.00000000","Ginkgo biloba L.","2.00000000","36.00000000","공원녹지과","200123.46","200123.4598"
"20001241","중구","2-태평로1가동-큰-0041","02","태평로1가동","41.00000000","양버즘나무","25.00000000","30.00000000","6.00000000","시청","60","5.00000000","10.00000000","6.00000000","2","9","3.00000000","1.00000000","Platanus occidentalis L.","2.00000000","32.00000000","공원녹지과","198106.567","198106.5671"
"20001249","중구","2-소공동-큰-0093","02","소공동","93.00000000","느티나무","44.00000000","18.00000000","10.00000000","이화여고","60","10.00000000","10.00000000","6.00000000","6","9","2.00000000","1.00000000","Zelkova serrata Makino","2.00000000","41.00000000","공원녹지과","197310.69","197310.6896"
"20001359","중구","2-장충동-큰-0340","02","장충동","340.00000000","느티나무","41.00000000","7.00000000","7.00000000","국립극장","60","10.00000000","10.00000000","6.00000000","6","9","2.00000000","1.00000000","Zelkova serrata Makino","2.00000000","41.00000000","공원녹지과","199923.571","199923.571"
"20001364","중구","2-소공동-큰-0275","02","소공동","275.00000000","참나무","22.00000000","19.00000000","6.00000000","중앙일보","30","5.00000000","10.00000000","6.00000000","4","9","3.00000000","1.00000000","Quercus variabilis BL.","2.00000000","34.00000000","공원녹지과","197400.509","197400.5093"
"20001371","중구","2-신당6동-큰-0037","02","신당6동","37.00000000","은행나무","30.00000000","12.00000000","9.00000000","","10","5.00000000","10.00000000","6.00000000","6","9","3.00000000","1.00000000","Ginkgo biloba L.","2.00000000","36.00000000","공원녹지과","201417.47","201417.4699"
"20001541","중구","2-소공동-큰-0014","02","소공동","14.00000000","은행나무","62.00000000","30.00000000","6.00000000","정동","10","15.00000000","10.00000000","6.00000000","6","9","2.00000000","1.00000000","Ginkgo biloba L.","2.00000000","46.00000000","공원녹지과","197392.84","197392.8399"
"20002103","중구","2-장충동-큰-0004","02","장충동","4.00000000","향나무","23.00000000","5.00000000","2.00000000","33-9","30","5.00000000","10.00000000","6.00000000","4","9","3.00000000","1.00000000","Juniperus chinensis L.","2.00000000","34.00000000","공원녹지과","200662.744","200662.7442"
"20002110","중구","2-광희동-큰-0039","02","광희동","39.00000000","호두나무","20.00000000","13.00000000","6.00000000","쌍림어린이공원","50","5.00000000","10.00000000","6.00000000","4","6","3.00000000","1.00000000","Juglans sinensis Dode","2.00000000","31.00000000","공원녹지과","200454.294","200454.2945"
"20002095","중구","2-신당3동-큰-0005","02","신당3동","5.00000000","향나무","20.00000000","5.00000000","3.00000000","333-37","10","5.00000000","10.00000000","6.00000000","4","9","3.00000000","1.00000000","Juniperus chinensis L.","2.00000000","34.00000000","공원녹지과","201064.531","201064.5309"
"20002124","중구","2-소공동-큰-0070","02","소공동","70.00000000","아카시아나무","26.00000000","25.00000000","6.00000000","창덕여중","60","5.00000000","10.00000000","6.00000000","4","9","3.00000000","1.00000000","Robinia pseudacacia L.","2.00000000","34.00000000","공원녹지과","197418.964","197418.9644"
"20002132","중구","2-필동-큰-0068","02","필동","68.00000000","아카시아나무","34.00000000","25.00000000","4.00000000","동국대학교","60","5.00000000","10.00000000","6.00000000","4","9","3.00000000","1.00000000","Robinia pseudacacia L.","2.00000000","34.00000000","공원녹지과","199838.204","199838.2044"
"20002139","중구","2-장충동-큰-0342","02","장충동","342.00000000","아카시아나무","30.00000000","8.00000000","6.00000000","국립극장","60","5.00000000","10.00000000","6.00000000","4","9","3.00000000","1.00000000","Robinia pseudacacia L.","2.00000000","34.00000000","공원녹지과","199928.271","199928.2708"
"20002149","중구","2-신당3동-큰-0039","02","신당3동","39.00000000","느릅나무","23.00000000","7.00000000","5.00000000","금호터널상단","60","5.00000000","10.00000000","6.00000000","4","9","3.00000000","1.00000000","Ulmus davidiana var","2.00000000","34.00000000","공원녹지과","201172.42","201172.4203"
"20001972","중구","2-신당3동-큰-0042","02","신당3동","42.00000000","향나무","20.00000000","3.00000000","2.00000000","남산타운","20","5.00000000","10.00000000","6.00000000","4","9","3.00000000","1.00000000","Juniperus chinensis L.","2.00000000","34.00000000","공원녹지과","200597.821","200597.8208"
"20001980","중구","2-남대문로5가동-큰-0037","02","남대문로5가동","37.00000000","측백나무","34.00000000","32.00000000","2.00000000","남대문교회","60","5.00000000","10.00000000","6.00000000","6","9","3.00000000","1.00000000","Thuja orientalis L.","2.00000000","36.00000000","공원녹지과","197788.878","197788.878"
"20001990","중구","2-소공동-큰-0192","02","소공동","192.00000000","느티나무","40.00000000","50.00000000","25.00000000","체스프라자","60","5.00000000","10.00000000","6.00000000","6","9","3.00000000","1.00000000","Zelkova serrata Makino","2.00000000","36.00000000","공원녹지과","197500.268","197500.2677"
"20001998","중구","2-신당4동-큰-0005","02","신당4동","5.00000000","은행나무","30.00000000","10.00000000","4.00000000","청구초교","60","5.00000000","10.00000000","6.00000000","6","9","3.00000000","1.00000000","Ginkgo biloba L.","2.00000000","36.00000000","공원녹지과","201296.574","201296.5735"
"20002006","중구","2-광희동-큰-0099","02","광희동","99.00000000","은행나무","35.00000000","10.00000000","5.00000000","국립간호대학","60","5.00000000","10.00000000","6.00000000","6","9","3.00000000","1.00000000","Ginkgo biloba L.","2.00000000","36.00000000","공원녹지과","200606.299","200606.2991"
"20000696","중구","2-소공동-큰-0109","02","소공동","109.00000000","은행나무","27.00000000","15.00000000","2.00000000","이화여고","60","5.00000000","10.00000000","6.00000000","6","9","3.00000000","1.00000000","Ginkgo biloba L.","2.00000000","36.00000000","공원녹지과","197230.883","197230.883"
"20000703","중구","2-신당2동-큰-0014","02","신당2동","14.00000000","은행나무","45.00000000","12.00000000","8.00000000","432-24","10","10.00000000","10.00000000","6.00000000","6","9","2.00000000","1.00000000","Ginkgo biloba L.","2.00000000","41.00000000","공원녹지과","200746.029","200746.0285"
"20000712","중구","2-소공동-큰-0240","02","소공동","240.00000000","은행나무","40.00000000","23.00000000","7.00000000","롯데호텔","30","5.00000000","10.00000000","6.00000000","6","9","3.00000000","1.00000000","Ginkgo biloba L.","2.00000000","36.00000000","공원녹지과","197931.824","197931.8243"
"20000719","중구","2-소공동-큰-0276","02","소공동","276.00000000","느티나무","34.00000000","22.00000000","10.00000000","중앙일보","30","5.00000000","10.00000000","6.00000000","6","9","3.00000000","1.00000000","Zelkova serrata Makino","2.00000000","36.00000000","공원녹지과","197363.489","197363.4887"
"20000910","중구","2-신당6동-큰-0054","02","신당6동","54.00000000","느티나무","22.00000000","4.00000000","4.00000000","현대아파트","20","5.00000000","10.00000000","6.00000000","6","9","3.00000000","1.00000000","Zelkova serrata Makino","2.00000000","36.00000000","공원녹지과","201909.724","201909.7237"
"20000919","중구","2-신당3동-큰-0018","02","신당3동","18.00000000","소나무","25.00000000","5.00000000","2.00000000","남산타원","20","5.00000000","10.00000000","6.00000000","6","9","3.00000000","1.00000000","Pinus densiflora S et Z.","2.00000000","36.00000000","공원녹지과","200999.056","200999.056"
"20000927","중구","2-장충동-큰-0119","02","장충동","119.00000000","은행나무","21.00000000","19.00000000","5.00000000","국립극장","60","5.00000000","10.00000000","6.00000000","6","9","3.00000000","1.00000000","Ginkgo biloba L.","2.00000000","36.00000000","공원녹지과","200059.689","200059.6893"
"20000575","중구","2-회현동-큰-0003","02","회현동","3.00000000","은행나무","57.00000000","32.00000000","7.00000000","","30","15.00000000","10.00000000","6.00000000","6","9","2.00000000","1.00000000","Ginkgo biloba L.","2.00000000","46.00000000","공원녹지과","198153.358","198153.358"
"20000581","중구","2-회현동-큰-0034","02","회현동","34.00000000","","0E-8","0E-8","0E-8","","0","5.00000000","10.00000000","6.00000000","6","9","3.00000000","1.00000000","","2.00000000","36.00000000","공원녹지과","198297.607","198297.6074"
"20000587","중구","2-장충동-큰-0268","02","장충동","268.00000000","느릅나무","42.00000000","9.00000000","6.00000000","파라다이스㈜","30","10.00000000","10.00000000","6.00000000","6","9","2.00000000","1.00000000","Ulmus davidiana var","2.00000000","41.00000000","공원녹지과","200329.574","200329.5742"
"20000595","중구","2-태평로1가동-큰-0031","02","태평로1가동","31.00000000","느티나무","27.00000000","14.00000000","5.00000000","롯데호텔","30","5.00000000","10.00000000","6.00000000","6","9","3.00000000","1.00000000","Zelkova serrata Makino","2.00000000","36.00000000","공원녹지과","198361.985","198361.9852"
"20000723","중구","2-중림동-큰-0012","02","중림동","12.00000000","은행나무","23.00000000","25.00000000","5.00000000","카톨릭중림동성당","60","5.00000000","10.00000000","6.00000000","6","9","3.00000000","1.00000000","Ginkgo biloba L.","2.00000000","36.00000000","공원녹지과","197142.56","197142.5603"
"20000731","중구","2-신당5동-큰-0011","02","신당5동","11.00000000","향나무","43.00000000","12.00000000","6.00000000","52-13","10","10.00000000","10.00000000","6.00000000","4","9","3.00000000","1.00000000","Juniperus chinensis L.","2.00000000","39.00000000","공원녹지과","201678.541","201678.5414"
"20000740","중구","2-태평로1가동-큰-0075","02","태평로1가동","75.00000000","느티나무","31.00000000","18.00000000","8.00000000","한국외환은행","30","5.00000000","10.00000000","6.00000000","6","9","3.00000000","1.00000000","Zelkova serrata Makino","2.00000000","36.00000000","공원녹지과","198745.742","198745.7419"
"20000933","중구","2-명동-큰-0121","02","명동","121.00000000","아카시아나무","40.00000000","27.00000000","10.00000000","남산한옥마을","50","5.00000000","10.00000000","6.00000000","4","6","3.00000000","1.00000000","Robinia pseudacacia L.","2.00000000","31.00000000","공원녹지과","199347.076","199347.0763"
"20001548","중구","2-필동-큰-0070","02","필동","70.00000000","아카시아나무","26.00000000","19.00000000","7.00000000","동국대학교","60","5.00000000","10.00000000","6.00000000","4","9","3.00000000","1.00000000","Robinia pseudacacia L.","2.00000000","34.00000000","공원녹지과","199829.111","199829.1107"
"20001557","중구","2-신당2동-큰-0033","02","신당2동","33.00000000","향나무","24.00000000","8.00000000","4.00000000","821-11","10","5.00000000","10.00000000","6.00000000","6","9","3.00000000","1.00000000","Juniperus chinensis L.","2.00000000","36.00000000","공원녹지과","200768.99","200768.9904"
"20001200","중구","2-소공동-큰-0256","02","소공동","256.00000000","느티나무","29.00000000","16.00000000","4.00000000","중앙일보","30","5.00000000","10.00000000","6.00000000","6","9","3.00000000","1.00000000","Zelkova serrata Makino","2.00000000","36.00000000","공원녹지과","197385.086","197385.0864"
"20001208","중구","2-회현동-큰-0171","02","회현동","171.00000000","은행나무","22.00000000","7.00000000","6.00000000","연세빌딩","70","5.00000000","10.00000000","6.00000000","6","9","3.00000000","2.00000000","Ginkgo biloba L.","0E-8","0E-8","공원녹지과","197700.732","197700.7317"
"20001215","중구","2-신당1동-큰-0010","02","신당1동","10.00000000","은행나무","21.00000000","8.00000000","5.00000000","서울제1기동대","60","5.00000000","10.00000000","6.00000000","6","9","3.00000000","1.00000000","Ginkgo biloba L.","2.00000000","36.00000000","공원녹지과","201383.475","201383.4748"
"20000600","중구","2-중림동-큰-0067","02","중림동","67.00000000","아카시아나무","38.00000000","24.00000000","15.00000000","손기정공원","50","5.00000000","10.00000000","6.00000000","4","6","3.00000000","1.00000000","Robinia pseudacacia L.","2.00000000","31.00000000","공원녹지과","196885.969","196885.9691"
"20000608","중구","2-신당5동-큰-0025","02","신당5동","25.00000000","양버즘나무","36.00000000","8.00000000","5.00000000","성동고교","60","5.00000000","10.00000000","6.00000000","2","9","3.00000000","1.00000000","Platanus occidentalis L.","2.00000000","32.00000000","공원녹지과","202116.156","202116.1562"
"20000616","중구","2-중림동-큰-0019","02","중림동","19.00000000","측백나무","27.00000000","20.00000000","6.00000000","카톨릭중림동성당","60","5.00000000","10.00000000","6.00000000","6","9","3.00000000","1.00000000","Thuja orientalis L.","2.00000000","36.00000000","공원녹지과","197037.606","197037.6061"
"20002014","중구","2-장충동-큰-0198","02","장충동","198.00000000","느티나무","55.00000000","8.00000000","8.00000000","장충공원","50","15.00000000","10.00000000","6.00000000","6","6","2.00000000","1.00000000","Zelkova serrata Makino","2.00000000","43.00000000","공원녹지과","200457.613","200457.6134"
"20002023","중구","2-충무로4,5동-큰-0036","02","충무로4,5동","36.00000000","감나무","20.00000000","8.00000000","8.00000000","샘표양조간장","40","5.00000000","10.00000000","6.00000000","4","9","3.00000000","1.00000000","Diospyros kaki Thunb.","2.00000000","34.00000000","공원녹지과","199777.247","199777.2474"
"20002031","중구","2-신당4동-큰-0018","02","신당4동","18.00000000","소나무","22.00000000","5.00000000","2.00000000","삼성아파트","20","5.00000000","10.00000000","6.00000000","6","9","3.00000000","1.00000000","Pinus densiflora S et Z.","2.00000000","36.00000000","공원녹지과","201584.269","201584.2694"
"20002037","중구","2-중림동-큰-0038","02","중림동","38.00000000","은행나무","27.00000000","24.00000000","5.00000000","손기정공원","50","5.00000000","10.00000000","6.00000000","6","6","3.00000000","1.00000000","Ginkgo biloba L.","2.00000000","33.00000000","공원녹지과","196969.453","196969.4529"
"20002040","중구","2-신당1동-큰-0083","02","신당1동","83.00000000","회화나무","31.00000000","9.00000000","6.00000000","동대문운동장체육공원부지","60","5.00000000","10.00000000","6.00000000","6","9","3.00000000","1.00000000","Sophora japonica L.","2.00000000","36.00000000","공원녹지과","201015.979","201015.9791"
"20002048","중구","2-중림동-큰-0039","02","중림동","39.00000000","은행나무","30.00000000","25.00000000","5.00000000","손기정공원","50","5.00000000","10.00000000","6.00000000","6","6","3.00000000","1.00000000","Ginkgo biloba L.","2.00000000","33.00000000","공원녹지과","196966.367","196966.3673"
"20002055","중구","2-광희동-큰-0024","02","광희동","24.00000000","느티나무","25.00000000","12.00000000","8.00000000","쌍림어린이공원","50","5.00000000","10.00000000","6.00000000","6","6","3.00000000","1.00000000","Zelkova serrata Makino","2.00000000","33.00000000","공원녹지과","200455.194","200455.1941"
"20002064","중구","2-소공동-큰-0027","02","소공동","27.00000000","아카시아나무","35.00000000","27.00000000","19.00000000","덕수궁","60","5.00000000","10.00000000","6.00000000","4","9","3.00000000","1.00000000","Robinia pseudacacia L.","2.00000000","34.00000000","공원녹지과","197659.221","197659.2213"
"20000090","중구","2-명동-큰-0004","02","명동","4.00000000","느티나무","20.00000000","7.00000000","4.00000000","계성여고","60","5.00000000","10.00000000","6.00000000","6","9","3.00000000","1.00000000","Zelkova serrata Makino","2.00000000","36.00000000","공원녹지과","198792.53","198792.5304"
"20000097","중구","2-명동-큰-0011","02","명동","11.00000000","은행나무","60.00000000","18.00000000","8.00000000","계성여고","60","15.00000000","10.00000000","6.00000000","6","9","2.00000000","1.00000000","Ginkgo biloba L.","2.00000000","46.00000000","공원녹지과","198836.485","198836.4851"
"20000105","중구","2-명동-큰-0040","02","명동","40.00000000","소나무","25.00000000","6.00000000","5.00000000","계성초등학교","60","5.00000000","10.00000000","6.00000000","6","9","3.00000000","1.00000000","Pinus densiflora S et Z.","2.00000000","36.00000000","공원녹지과","198941.842","198941.8418"
"20000114","중구","2-충무로4,5동-큰-0019","02","충무로4,5동","19.00000000","은행나무","20.00000000","9.00000000","4.00000000","중구청","60","5.00000000","10.00000000","6.00000000","6","9","3.00000000","1.00000000","Ginkgo biloba L.","2.00000000","36.00000000","공원녹지과","199844.33","199844.3302"
"20000123","중구","2-소공동-큰-0253","02","소공동","253.00000000","느티나무","27.00000000","17.00000000","9.00000000","중앙일보","30","5.00000000","10.00000000","6.00000000","6","9","3.00000000","1.00000000","Zelkova serrata Makino","2.00000000","36.00000000","공원녹지과","197403.789","197403.7894"
"20000130","중구","2-신당5동-큰-0024","02","신당5동","24.00000000","양버즘나무","37.00000000","8.00000000","7.00000000","성동고교","60","5.00000000","10.00000000","6.00000000","2","9","3.00000000","1.00000000","Platanus occidentalis L.","2.00000000","32.00000000","공원녹지과","202109.584","202109.5842"
"20001227","중구","2-회현동-큰-0130","02","회현동","130.00000000","아카시아나무","29.00000000","27.00000000","8.00000000","한국은행부지","30","5.00000000","10.00000000","6.00000000","4","9","3.00000000","1.00000000","Robinia pseudacacia L.","2.00000000","34.00000000","공원녹지과","198555.819","198555.8192"
"20001050","중구","2-소공동-큰-0231","02","소공동","231.00000000","느티나무","22.00000000","25.00000000","10.00000000","롯데호텔","30","5.00000000","10.00000000","6.00000000","6","9","3.00000000","1.00000000","Zelkova serrata Makino","2.00000000","36.00000000","공원녹지과","197932.749","197932.7488"
"20001058","중구","2-소공동-큰-0097","02","소공동","97.00000000","주목","33.00000000","12.00000000","6.00000000","이화여고","60","5.00000000","10.00000000","6.00000000","4","9","3.00000000","1.00000000","Taxus cuspidata S, et Z.","2.00000000","34.00000000","공원녹지과","197264.956","197264.9559"
"20001285","중구","2-장충동-큰-0099","02","장충동","99.00000000","은행나무","20.00000000","20.00000000","6.00000000","동국대학교","60","5.00000000","10.00000000","6.00000000","6","9","3.00000000","1.00000000","Ginkgo biloba L.","2.00000000","36.00000000","공원녹지과","200069.165","200069.1645"
"20001294","중구","2-장충동-큰-0252","02","장충동","252.00000000","은행나무","25.00000000","7.00000000","4.00000000","태광산업","30","5.00000000","10.00000000","6.00000000","6","9","3.00000000","1.00000000","Ginkgo biloba L.","2.00000000","36.00000000","공원녹지과","200311.749","200311.7486"
"20001424","중구","2-명동-큰-0065","02","명동","65.00000000","아카시아나무","32.00000000","27.00000000","10.00000000","숭의여대별관","60","5.00000000","10.00000000","6.00000000","4","9","3.00000000","1.00000000","Robinia pseudacacia L.","2.00000000","34.00000000","공원녹지과","198759.327","198759.3268"
"20001409","중구","2-장충동-큰-0311","02","장충동","311.00000000","은행나무","25.00000000","7.00000000","5.00000000","서울클럽","60","5.00000000","10.00000000","6.00000000","6","9","3.00000000","1.00000000","Ginkgo biloba L.","2.00000000","36.00000000","공원녹지과","200230.094","200230.0944"
"20001417","중구","2-충무로4,5동-큰-0056","02","충무로4,5동","56.00000000","느티나무","20.00000000","8.00000000","6.00000000","목정주차장","60","5.00000000","10.00000000","6.00000000","6","9","3.00000000","1.00000000","Zelkova serrata Makino","2.00000000","36.00000000","공원녹지과","199956.789","199956.789"
"20001486","중구","2-명동-큰-0097","02","명동","97.00000000","느티나무","26.00000000","27.00000000","10.00000000","숭의여대별관","60","5.00000000","10.00000000","6.00000000","6","9","3.00000000","1.00000000","Zelkova serrata Makino","2.00000000","36.00000000","공원녹지과","199039.775","199039.7746"
"20001605","중구","2-회현동-큰-0069","02","회현동","69.00000000","양버즘나무","28.00000000","25.00000000","8.00000000","","50","5.00000000","10.00000000","6.00000000","2","6","4.00000000","1.00000000","Platanus occidentalis L.","2.00000000","29.00000000","공원녹지과","198124.053","198124.0531"
"20001499","중구","2-회현동-큰-0043","02","회현동","43.00000000","","0E-8","0E-8","0E-8","","0","5.00000000","10.00000000","6.00000000","6","9","3.00000000","1.00000000","","2.00000000","36.00000000","공원녹지과","198236.785","198236.7846"
"20000524","중구","2-소공동-큰-0016","02","소공동","16.00000000","회화나무","50.00000000","25.00000000","14.00000000","덕수궁","60","10.00000000","10.00000000","6.00000000","6","9","2.00000000","1.00000000","Sophora japonica L.","2.00000000","41.00000000","공원녹지과","197746.177","197746.1771"
"20000820","중구","2-신당1동-큰-0090","02","신당1동","90.00000000","양버즘나무","24.00000000","16.00000000","8.00000000","한양공고","60","5.00000000","10.00000000","6.00000000","2","9","3.00000000","1.00000000","Platanus occidentalis L.","2.00000000","32.00000000","공원녹지과","200970.322","200970.3221"
"20001336","중구","2-신당6동-큰-0056","02","신당6동","56.00000000","벚나무","21.00000000","6.00000000","3.00000000","현대아파트","20","5.00000000","10.00000000","6.00000000","6","9","3.00000000","1.00000000","Prunus yedoensis Matsumira.","2.00000000","36.00000000","공원녹지과","201979.969","201979.9689"
"20001868","중구","2-필동-큰-0036","02","필동","36.00000000","은행나무","30.00000000","18.00000000","8.00000000","한국의집","30","5.00000000","10.00000000","6.00000000","6","9","3.00000000","1.00000000","Ginkgo biloba L.","2.00000000","36.00000000","공원녹지과","199431.377","199431.3766"
"20000795","중구","2-광희동-큰-0016","02","광희동","16.00000000","소나무","20.00000000","5.00000000","6.00000000","광희빌딩","30","5.00000000","10.00000000","6.00000000","6","9","3.00000000","1.00000000","Pinus densiflora S et Z.","2.00000000","36.00000000","공원녹지과","200536.781","200536.781"
"20000805","중구","2-중림동-큰-0029","02","중림동","29.00000000","은행나무","25.00000000","19.00000000","5.00000000","손기정공원","50","5.00000000","10.00000000","6.00000000","6","6","3.00000000","1.00000000","Ginkgo biloba L.","2.00000000","33.00000000","공원녹지과","197036.149","197036.1489"
"20002066","중구","2-중림동-큰-0082","02","중림동","82.00000000","은행나무","46.00000000","32.00000000","15.00000000","손기정공원","50","10.00000000","10.00000000","6.00000000","6","6","3.00000000","1.00000000","Ginkgo biloba L.","2.00000000","38.00000000","공원녹지과","196864.165","196864.1648"
"20002074","중구","2-소공동-큰-0158","02","소공동","158.00000000","측백나무","29.00000000","20.00000000","8.00000000","시립미술관","60","5.00000000","10.00000000","6.00000000","6","9","3.00000000","1.00000000","Thuja orientalis L.","2.00000000","36.00000000","공원녹지과","197660.891","197660.8912"
"20002081","중구","2-소공동-큰-0257","02","소공동","257.00000000","느티나무","25.00000000","16.00000000","5.00000000","중앙일보","30","5.00000000","10.00000000","6.00000000","6","9","3.00000000","1.00000000","Zelkova serrata Makino","2.00000000","36.00000000","공원녹지과","197381.23","197381.2298"
"20002090","중구","2-남대문로5가동-큰-0048","02","남대문로5가동","48.00000000","은행나무","25.00000000","25.00000000","7.00000000","남대문교회","60","5.00000000","10.00000000","6.00000000","6","9","3.00000000","1.00000000","Ginkgo biloba L.","2.00000000","36.00000000","공원녹지과","197743.747","197743.7468"
"20002155","중구","2-신당1동-큰-0047","02","신당1동","47.00000000","향나무","25.00000000","4.00000000","3.00000000","신당1동 304-263","10","5.00000000","10.00000000","6.00000000","4","9","3.00000000","1.00000000","Juniperus chinensis L.","2.00000000","34.00000000","공원녹지과","200895.803","200895.8035"
"20002163","중구","2-소공동-큰-0052","02","소공동","52.00000000","회화나무","42.00000000","30.00000000","9.00000000","창덕여중","60","10.00000000","10.00000000","6.00000000","6","9","2.00000000","1.00000000","Sophora japonica L.","2.00000000","41.00000000","공원녹지과","197408.162","197408.1623"
"20002170","중구","2-신당5동-큰-0008","02","신당5동","8.00000000","목련","25.00000000","10.00000000","5.00000000","52-236","10","5.00000000","10.00000000","6.00000000","4","9","3.00000000","1.00000000","Magnolia kobus Dc.","2.00000000","34.00000000","공원녹지과","201628.66","201628.6597"
"20002178","중구","2-명동-큰-0100","02","명동","100.00000000","은행나무","22.00000000","27.00000000","8.00000000","숭의여대별관","60","5.00000000","10.00000000","6.00000000","6","9","3.00000000","1.00000000","Ginkgo biloba L.","2.00000000","36.00000000","공원녹지과","199052.598","199052.598"
"20001066","중구","2-명동-큰-0054","02","명동","54.00000000","가래나무","29.00000000","18.00000000","5.00000000","한국은행부지","30","5.00000000","10.00000000","6.00000000","4","9","3.00000000","1.00000000","Juglans mandshurica.","2.00000000","34.00000000","공원녹지과","198734.944","198734.9438"
"20001073","중구","2-필동-큰-0029","02","필동","29.00000000","느티나무","22.00000000","20.00000000","8.00000000","한국의집","30","5.00000000","10.00000000","6.00000000","6","9","3.00000000","1.00000000","Zelkova serrata Makino","2.00000000","36.00000000","공원녹지과","199529.278","199529.2784"
"20001080","중구","2-소공동-큰-0258","02","소공동","258.00000000","느티나무","28.00000000","20.00000000","8.00000000","중앙일보","30","5.00000000","10.00000000","6.00000000","6","9","3.00000000","1.00000000","Zelkova serrata Makino","2.00000000","36.00000000","공원녹지과","197377.759","197377.7587"
"20001433","중구","2-신당2동-큰-0029","02","신당2동","29.00000000","참나무","23.00000000","5.00000000","3.00000000","432-776","10","5.00000000","10.00000000","6.00000000","4","9","3.00000000","1.00000000","Quercus variabilis BL.","2.00000000","34.00000000","공원녹지과","200715.245","200715.2454"
"20001442","중구","2-만리동1가-큰-0014","02","만리동1가","3.00000000","느티나무","26.00000000","4.00000000","7.00000000","서울역","50","5.00000000","10.00000000","6.00000000","6","9","3.00000000","1.00000000","Zelkova serrata Makino","2.00000000","36.00000000","공원녹지과","197289.624","197289.6238"
"20001450","중구","2-회현동-큰-0063","02","회현동","63.00000000","양버즘나무","25.00000000","16.00000000","8.00000000","","50","5.00000000","10.00000000","6.00000000","2","6","4.00000000","1.00000000","Platanus occidentalis L.","2.00000000","29.00000000","공원녹지과","198159.569","198159.5691"
"20001505","중구","2-소공동-큰-0068","02","소공동","68.00000000","아카시아나무","38.00000000","30.00000000","6.00000000","창덕여중","60","5.00000000","10.00000000","6.00000000","4","9","3.00000000","1.00000000","Robinia pseudacacia L.","2.00000000","34.00000000","공원녹지과","197417.611","197417.6111"
"20001513","중구","2-장충동-큰-0038","02","장충동","38.00000000","아카시아나무","25.00000000","20.00000000","10.00000000","동국대학교","60","5.00000000","10.00000000","6.00000000","4","9","3.00000000","1.00000000","Robinia pseudacacia L.","2.00000000","34.00000000","공원녹지과","199986.727","199986.727"
"20001619","중구","2-장충동-큰-0060","02","장충동","60.00000000","은행나무","23.00000000","15.00000000","4.00000000","동국대학교","60","5.00000000","10.00000000","6.00000000","6","9","3.00000000","1.00000000","Ginkgo biloba L.","2.00000000","36.00000000","공원녹지과","200027.139","200027.1385"
"20001626","중구","2-광희동-큰-0068","02","광희동","68.00000000","느티나무","28.00000000","6.00000000","5.00000000","중구의회 구민회관","60","5.00000000","10.00000000","6.00000000","6","9","3.00000000","1.00000000","Zelkova serrata Makino","2.00000000","36.00000000","공원녹지과","200574.365","200574.3648"
"20001634","중구","2-신당3동-큰-0031","02","신당3동","31.00000000","느티나무","24.00000000","4.00000000","3.00000000","중구청소년수련관","60","5.00000000","10.00000000","6.00000000","6","9","3.00000000","1.00000000","Zelkova serrata Makino","2.00000000","36.00000000","공원녹지과","201127.391","201127.3912"
"20001642","중구","2-소공동-큰-0012","02","소공동","12.00000000","측백나무","27.00000000","23.00000000","5.00000000","정동","10","5.00000000","10.00000000","6.00000000","6","9","3.00000000","1.00000000","Thuja orientalis L.","2.00000000","36.00000000","공원녹지과","197407.623","197407.6234"
"20001091","중구","2-소공동-큰-0273","02","소공동","273.00000000","참나무","23.00000000","20.00000000","8.00000000","중앙일보","30","5.00000000","10.00000000","6.00000000","4","9","3.00000000","1.00000000","Quercus variabilis BL.","2.00000000","34.00000000","공원녹지과","197393.76","197393.7605"
"20001099","중구","2-장충동-큰-0184","02","장충동","184.00000000","회화나무","24.00000000","7.00000000","4.00000000","동국대학교","60","5.00000000","10.00000000","6.00000000","6","9","3.00000000","1.00000000","Sophora japonica L.","2.00000000","36.00000000","공원녹지과","200371.831","200371.8309"
"20000813","중구","2-장충동-큰-0008","02","장충동","8.00000000","은행나무","30.00000000","12.00000000","4.00000000","38-7","10","5.00000000","10.00000000","6.00000000","6","9","3.00000000","1.00000000","Ginkgo biloba L.","2.00000000","36.00000000","공원녹지과","200643.443","200643.4434"
"20000821","중구","2-신당6동-큰-0015","02","신당6동","15.00000000","향나무","22.00000000","4.00000000","2.00000000","52-17","10","5.00000000","10.00000000","6.00000000","4","9","3.00000000","1.00000000","Juniperus chinensis L.","2.00000000","34.00000000","공원녹지과","201722.62","201722.6201"
"20001173","중구","2-장충동-큰-0032","02","장충동","32.00000000","회화나무","30.00000000","22.00000000","10.00000000","동국대학교","60","5.00000000","10.00000000","6.00000000","6","9","3.00000000","1.00000000","Sophora japonica L.","2.00000000","36.00000000","공원녹지과","199913.038","199913.0379"
"20001149","중구","2-신당4동-큰-0025","02","신당4동","25.00000000","아카시아나무","20.00000000","9.00000000","4.00000000","대경중고교","60","5.00000000","10.00000000","6.00000000","4","9","3.00000000","1.00000000","Robinia pseudacacia L.","2.00000000","34.00000000","공원녹지과","201482.224","201482.2241"
"20001187","중구","2-신당6동-큰-0039","02","신당6동","39.00000000","소나무","23.00000000","5.00000000","2.00000000","삼성아파트","20","5.00000000","10.00000000","6.00000000","6","9","3.00000000","1.00000000","Pinus densiflora S et Z.","2.00000000","36.00000000","공원녹지과","201626.62","201626.6201"
"20000801","중구","2-광희동-큰-0043","02","광희동","43.00000000","은행나무","20.00000000","10.00000000","6.00000000","쌍림어린이공원","50","5.00000000","10.00000000","6.00000000","6","6","3.00000000","1.00000000","Ginkgo biloba L.","2.00000000","33.00000000","공원녹지과","200473.784","200473.7844"
"20000624","중구","2-소공동-큰-0170","02","소공동","170.00000000","아카시아나무","37.00000000","25.00000000","13.00000000","시립미술관","60","5.00000000","10.00000000","6.00000000","4","9","3.00000000","1.00000000","Robinia pseudacacia L.","2.00000000","34.00000000","공원녹지과","197595.477","197595.4773"
"20000631","중구","2-충무로4,5동-큰-0033","02","충무로4,5동","33.00000000","은행나무","20.00000000","12.00000000","5.00000000","중구청","60","5.00000000","10.00000000","6.00000000","6","9","3.00000000","1.00000000","Ginkgo biloba L.","2.00000000","36.00000000","공원녹지과","199807.44","199807.4402"
"20000639","중구","2-회현동-큰-0001","02","회현동","1.00000000","아카시아나무","50.00000000","32.00000000","15.00000000","","30","10.00000000","10.00000000","6.00000000","4","9","3.00000000","1.00000000","Robinia pseudacacia L.","2.00000000","39.00000000","공원녹지과","198180.255","198180.2547"
"20001106","중구","2-태평로1가동-큰-0109","02","태평로1가동","109.00000000","소나무","20.00000000","3.00000000","4.00000000","장교동 쁘렝땅백화점","30","5.00000000","10.00000000","6.00000000","6","9","3.00000000","1.00000000","Pinus densiflora S et Z.","2.00000000","36.00000000","공원녹지과","198820.182","198820.1824"
"20001462","중구","2-회현동-큰-0116","02","회현동","116.00000000","은행나무","26.00000000","22.00000000","6.00000000","한국은행부지","30","5.00000000","10.00000000","6.00000000","6","9","3.00000000","1.00000000","Ginkgo biloba L.","2.00000000","36.00000000","공원녹지과","198501.518","198501.5183"
"20001470","중구","2-신당6동-큰-0002","02","신당6동","2.00000000","은행나무","21.00000000","4.00000000","2.00000000","142-5","30","5.00000000","10.00000000","6.00000000","6","9","3.00000000","1.00000000","Ginkgo biloba L.","2.00000000","36.00000000","공원녹지과","201871.47","201871.4697"
"20001477","중구","2-만리동1가-큰-0015","02","만리동1가","4.00000000","느티나무","25.00000000","4.00000000","6.00000000","서울역","50","5.00000000","10.00000000","6.00000000","6","9","3.00000000","1.00000000","Zelkova serrata Makino","2.00000000","36.00000000","공원녹지과","197295.698","197295.6983"
"20001520","중구","2-소공동-큰-0171","02","소공동","171.00000000","느티나무","29.00000000","20.00000000","8.00000000","체스프라자","60","5.00000000","10.00000000","6.00000000","6","9","3.00000000","1.00000000","Zelkova serrata Makino","2.00000000","36.00000000","공원녹지과","197590.097","197590.0975"
"20001528","중구","2-충무로4,5동-큰-0117","02","충무로4,5동","117.00000000","은행나무","20.00000000","9.00000000","4.00000000","덕수중학교","60","5.00000000","10.00000000","6.00000000","6","9","3.00000000","1.00000000","Ginkgo biloba L.","2.00000000","36.00000000","공원녹지과","199702.534","199702.5337"
"20002182","중구","2-신당6동-큰-0076","02","신당6동","76.00000000","느티나무","26.00000000","5.00000000","5.00000000","금호여중","60","5.00000000","10.00000000","6.00000000","6","9","3.00000000","1.00000000","Zelkova serrata Makino","2.00000000","36.00000000","공원녹지과","201777.89","201777.8903"
"20002190","중구","2-충무로4,5동-큰-0053","02","충무로4,5동","53.00000000","느티나무","20.00000000","6.00000000","7.00000000","목정주차장","60","5.00000000","10.00000000","6.00000000","6","9","3.00000000","1.00000000","Zelkova serrata Makino","2.00000000","36.00000000","공원녹지과","199945.355","199945.3554"
"20002198","중구","2-신당5동-큰-0019","02","신당5동","19.00000000","느릅나무","27.00000000","8.00000000","6.00000000","성동고교","60","5.00000000","10.00000000","6.00000000","4","9","3.00000000","1.00000000","Ulmus davidiana var","2.00000000","34.00000000","공원녹지과","202029.56","202029.5599"
"20000217","중구","2-충무로4,5동-큰-0080","02","충무로4,5동","80.00000000","느티나무","25.00000000","6.00000000","5.00000000","만포집","60","5.00000000","10.00000000","6.00000000","6","9","3.00000000","1.00000000","Zelkova serrata Makino","2.00000000","36.00000000","공원녹지과","199781.703","199781.7026"
"20000257","중구","2-신당6동-큰-0058","02","신당6동","58.00000000","느티나무","22.00000000","4.00000000","4.00000000","현대아파트","20","5.00000000","10.00000000","6.00000000","6","9","3.00000000","1.00000000","Zelkova serrata Makino","2.00000000","36.00000000","공원녹지과","201920.379","201920.3791"
"20000266","중구","2-장충동-큰-0075","02","장충동","75.00000000","양버즘나무","26.00000000","16.00000000","6.00000000","동국대학교","60","5.00000000","10.00000000","6.00000000","2","9","3.00000000","1.00000000","Platanus occidentalis L.","2.00000000","32.00000000","공원녹지과","200049.717","200049.7166"
"20000274","중구","2-장충동-큰-0358","02","장충동","358.00000000","소나무","23.00000000","4.00000000","3.00000000","타워호텔","30","5.00000000","10.00000000","6.00000000","6","9","3.00000000","1.00000000","Pinus densiflora S et Z.","2.00000000","36.00000000","공원녹지과","200170.237","200170.2373"
"20000282","중구","2-회현동-큰-0158","02","회현동","158.00000000","은행나무","20.00000000","7.00000000","6.00000000","연세빌딩","70","5.00000000","10.00000000","6.00000000","6","9","3.00000000","2.00000000","Ginkgo biloba L.","0E-8","0E-8","공원녹지과","197707.256","197707.2556"
"20000295","중구","2-회현동-큰-0074","02","회현동","74.00000000","양버즘나무","37.00000000","20.00000000","9.00000000","","50","5.00000000","10.00000000","6.00000000","2","6","4.00000000","1.00000000","Platanus occidentalis L.","2.00000000","29.00000000","공원녹지과","198104.96","198104.9603"
"20000303","중구","2-회현동-큰-0105","02","회현동","105.00000000","느티나무","29.00000000","17.00000000","8.00000000","","50","5.00000000","10.00000000","6.00000000","6","6","3.00000000","1.00000000","Zelkova serrata Makino","2.00000000","33.00000000","공원녹지과","197988.259","197988.2594"
"20000311","중구","2-명동-큰-0061","02","명동","61.00000000","느티나무","25.00000000","25.00000000","7.00000000","한국은행부지","30","5.00000000","10.00000000","6.00000000","6","9","3.00000000","1.00000000","Zelkova serrata Makino","2.00000000","36.00000000","공원녹지과","198785.879","198785.8786"
"20000009","중구","2-회현동-큰-0150","02","회현동","150.00000000","백합나무","36.00000000","8.00000000","8.00000000","연세빌딩","70","10.00000000","10.00000000","6.00000000","2","9","3.00000000","1.00000000","Liriodendron tulipifera L.","0E-8","0E-8","공원녹지과","197718.036","197718.0358"
"20000017","중구","2-신당4동-큰-0044","02","신당4동","44.00000000","향나무","24.00000000","8.00000000","4.00000000","349-244","10","5.00000000","10.00000000","6.00000000","4","9","3.00000000","1.00000000","Juniperus chinensis L.","2.00000000","34.00000000","공원녹지과","201131.627","201131.6272"
"20000025","중구","2-장충동-큰-0329","02","장충동","329.00000000","은행나무","30.00000000","8.00000000","4.00000000","국립극장","60","5.00000000","10.00000000","6.00000000","6","9","3.00000000","1.00000000","Ginkgo biloba L.","2.00000000","36.00000000","공원녹지과","199929.214","199929.2138"